number,name,unigene,ligandid,ligandname,smiles,cas,nsc,hotligand,species,source,kinote,kival,reference,link,ligandname_lower,canonical_name,ki_nM,censored,pKi
258,5-HT1A,HTR1A,692,DMT,CN(C)CCC1=CNC2=CC=CC=C21,61-50-7,63795.0,3H-8-OH-DPAT,HUMAN,CORTEX,,119.51,"PIERCE & PEROUTKA, 1989",,dmt,DMT,119.51,False,6.922595753601902
260,5-HT1A,HTR1A,692,DMT,CN(C)CCC1=CNC2=CC=CC=C21,61-50-7,63795.0,3H-8-OH-DPAT,BOVINE,HIPPOCAMPUS,,140.74,"PEROUTKA, 1985",,dmt,DMT,140.74,False,6.851582453308623
261,5-HT1A,HTR1A,692,DMT,CN(C)CCC1=CNC2=CC=CC=C21,61-50-7,63795.0,3H-8-OH-DPAT,RAT,CORTEX,,245.0,"TAYLOR ET AL,. 1987",,dmt,DMT,245.0,False,6.610833915635467
262,5-HT1A,HTR1A,706,DOB,CC(CC1=CC(=C(C=C1OC)Br)OC)N,32156-26-6,,3H-8-OH-DPAT,RAT,HIPPOCAMPUS,,3770.0,"TITELER ET AL., 1988",,dob,DOB,3770.0,False,5.423658649794207
264,5-HT1A,HTR1A,706,DOB,CC(CC1=CC(=C(C=C1OC)Br)OC)N,32156-26-6,,3H-8-OH-DPAT,HUMAN,CORTEX,,6326.73,"PIERCE & PEROUTKA, 1989",,dob,DOB,6326.73,False,5.1988206991289925
265,5-HT1A,HTR1A,706,DOB,CC(CC1=CC(=C(C=C1OC)Br)OC)N,32156-26-6,,3H-8-OH-DPAT,RAT,HIPPOCAMPUS,,3770.0,"TITELER ET AL., 1987",,dob,DOB,3770.0,False,5.423658649794207
269,5-HT1A,HTR1A,715,DOET,CCC1=CC(=C(C=C1OC)CC(C)N)OC.Cl,22004-32-6,,3H-8-OH-DPAT,RAT,HIPPOCAMPUS,,3930.0,"TITELER ET AL., 1988",,doet,DOET,3930.0,False,5.405607449624574
270,5-HT1A,HTR1A,719,DOI,CC(CC1=CC(=C(C=C1OC)I)OC)N,82830-44-2,,3H-8-OH-DPAT,RAT,HIPPOCAMPUS,,2355.0,"TITELER ET AL., 1988",,doi,DOI,2355.0,False,5.6280090885350855
348,5-HT1A,HTR1A,1091,LSD,CCN(CC)C(=O)C1CN(C2CC3=CNC4=CC=CC(=C34)C2=C1)C,50-37-3,,3H-8-OH-DPAT,PIG,CORTEX,,2.57,"ENGEL ET AL, 1986",,lsd,LSD,2.57,False,8.590066876668706
351,5-HT1A,HTR1A,1091,LSD,CCN(CC)C(=O)C1CN(C2CC3=CNC4=CC=CC(=C34)C2=C1)C,50-37-3,,3H-8-OH-DPAT,RAT,CORTEX,,1.2,"SCHLEGEL & PEROUTKA, 1986",,lsd,LSD,1.2,False,8.920818753952375
352,5-HT1A,HTR1A,1091,LSD,CCN(CC)C(=O)C1CN(C2CC3=CNC4=CC=CC(=C34)C2=C1)C,50-37-3,,3H-IPSAPIRONE,BOVINE,HIPPOCAMPUS,,0.31,"DOMPERT ET AL., 1985",,lsd,LSD,0.31,False,9.508638306165727
353,5-HT1A,HTR1A,1091,LSD,CCN(CC)C(=O)C1CN(C2CC3=CNC4=CC=CC(=C34)C2=C1)C,50-37-3,,3H-WB4101,HUMAN,CORTEX,,0.64,"WANDER ET AL., 1987",,lsd,LSD,0.64,False,9.193820026016112
354,5-HT1A,HTR1A,1091,LSD,CCN(CC)C(=O)C1CN(C2CC3=CNC4=CC=CC(=C34)C2=C1)C,50-37-3,,3H-8-OH-DPAT,RAT,HIPPOCAMPUS,,2.05,"HALL ET AL., 1985",,lsd,LSD,2.05,False,8.688246138944246
357,5-HT1A,HTR1A,1091,LSD,CCN(CC)C(=O)C1CN(C2CC3=CNC4=CC=CC(=C34)C2=C1)C,50-37-3,,3H-8-OH-DPAT,RAT,HIPPOCAMPUS,,0.43,"TITELER ET AL., 1988",,lsd,LSD,0.43,False,9.366531544420413
358,5-HT1A,HTR1A,1091,LSD,CCN(CC)C(=O)C1CN(C2CC3=CNC4=CC=CC(=C34)C2=C1)C,50-37-3,,3H-8-OH-DPAT,PIG,CORTEX,,2.57,"MARKSTEIN ET AL, 1986",,lsd,LSD,2.57,False,8.590066876668706
360,5-HT1A,HTR1A,1091,LSD,CCN(CC)C(=O)C1CN(C2CC3=CNC4=CC=CC(=C34)C2=C1)C,50-37-3,,3H-8-OH-DPAT,RAT,CORTEX,,3.9,"PEROUTKA, 1986",,lsd,LSD,3.9,False,8.4089353929735
361,5-HT1A,HTR1A,1091,LSD,CCN(CC)C(=O)C1CN(C2CC3=CNC4=CC=CC(=C34)C2=C1)C,50-37-3,,3H-8-OH-DPAT,RAT,HIPPOCAMPUS,,4.1,"HALL ET AL., 1986",,lsd,LSD,4.1,False,8.387216143280265
362,5-HT1A,HTR1A,1091,LSD,CCN(CC)C(=O)C1CN(C2CC3=CNC4=CC=CC(=C34)C2=C1)C,50-37-3,,3H-8-OH-DPAT,HUMAN,CORTEX,,4.92,"PIERCE & PEROUTKA, 1989",,lsd,LSD,4.92,False,8.30803489723264
707,5-HT2C,HTR2C,706,DOB,CC(CC1=CC(=C(C=C1OC)Br)OC)N,32156-26-6,,3H-MESULERGINE,PIG,CORTEX,,69.0,"TITELER ET AL., 1988",,dob,DOB,69.0,False,7.161150909262744
708,5-HT2C,HTR2C,706,DOB,CC(CC1=CC(=C(C=C1OC)Br)OC)N,32156-26-6,,3H-MESULERGINE,PIG,CORTEX,,69.0,"TITELER ET AL., 1987",,dob,DOB,69.0,False,7.161150909262744
712,5-HT2C,HTR2C,715,DOET,CCC1=CC(=C(C=C1OC)CC(C)N)OC.Cl,22004-32-6,,3H-MESULERGINE,PIG,CORTEX,,101.0,"TITELER ET AL., 1988",,doet,DOET,101.0,False,6.995678626217357
713,5-HT2C,HTR2C,719,DOI,CC(CC1=CC(=C(C=C1OC)I)OC)N,82830-44-2,,125I-SCH 23982,PIG,Choroid Plexus,,11.7,"HOYER & KARPF, 1988",,doi,DOI,11.7,False,7.931814138253838
714,5-HT2C,HTR2C,719,DOI,CC(CC1=CC(=C(C=C1OC)I)OC)N,82830-44-2,,3H-MESULERGINE,PIG,Choroid Plexus,,18.6,"HOYER & KARPF, 1988",,doi,DOI,18.6,False,7.730487055782084
715,5-HT2C,HTR2C,719,DOI,CC(CC1=CC(=C(C=C1OC)I)OC)N,82830-44-2,,3H-MESULERGINE,PIG,Choroid Plexus,,18.6,"HOYER ET AL., 1989",,doi,DOI,18.6,False,7.730487055782084
716,5-HT2C,HTR2C,719,DOI,CC(CC1=CC(=C(C=C1OC)I)OC)N,82830-44-2,,3H-MESULERGINE,PIG,Choroid Plexus,,18.6,"HOYER, 1988",,doi,DOI,18.6,False,7.730487055782084
717,5-HT2C,HTR2C,719,DOI,CC(CC1=CC(=C(C=C1OC)I)OC)N,82830-44-2,,3H-MESULERGINE,PIG,CORTEX,,30.0,"TITELER ET AL., 1988",,doi,DOI,30.0,False,7.522878745280337
718,5-HT2C,HTR2C,722,DOM,CC1=CC(=C(C=C1OC)CC(C)N)OC,15588-95-1,,3H-MESULERGINE,PIG,CORTEX,,193.0,"TITELER ET AL., 1988",,dom,DOM,193.0,False,6.714442690992226
801,5-HT2C,HTR2C,1091,LSD,CCN(CC)C(=O)C1CN(C2CC3=CNC4=CC=CC(=C34)C2=C1)C,50-37-3,,3H-5HT,PIG,Choroid Plexus,,5.0,"PAZOS ET AL, 1984",,lsd,LSD,5.0,False,8.301029995663981
802,5-HT2C,HTR2C,1091,LSD,CCN(CC)C(=O)C1CN(C2CC3=CNC4=CC=CC(=C34)C2=C1)C,50-37-3,,3H-MESULERGINE,PIG,CORTEX,,7.9,"PAZOS ET AL, 1984",,lsd,LSD,7.9,False,8.102372908709558
803,5-HT2C,HTR2C,1091,LSD,CCN(CC)C(=O)C1CN(C2CC3=CNC4=CC=CC(=C34)C2=C1)C,50-37-3,,3H-MESULERGINE,PIG,Choroid Plexus,,7.9,"PAZOS ET AL, 1984",,lsd,LSD,7.9,False,8.102372908709558
804,5-HT2C,HTR2C,1091,LSD,CCN(CC)C(=O)C1CN(C2CC3=CNC4=CC=CC(=C34)C2=C1)C,50-37-3,,3H-MESULERGINE,PIG,Choroid Plexus,,7.94,"HOYER ET AL., 1986",,lsd,LSD,7.94,False,8.100179497572904
805,5-HT2C,HTR2C,1091,LSD,CCN(CC)C(=O)C1CN(C2CC3=CNC4=CC=CC(=C34)C2=C1)C,50-37-3,,3H-MESULERGINE,PIG,Choroid Plexus,,11.7,"ENGEL ET AL, 1986",,lsd,LSD,11.7,False,7.931814138253838
806,5-HT2C,HTR2C,1091,LSD,CCN(CC)C(=O)C1CN(C2CC3=CNC4=CC=CC(=C34)C2=C1)C,50-37-3,,3H-MESULERGINE,PIG,Choroid Plexus,,12.6,"HOYER, 1988 or 9 (book)",,lsd,LSD,12.6,False,7.899629454882437
810,5-HT2C,HTR2C,1091,LSD,CCN(CC)C(=O)C1CN(C2CC3=CNC4=CC=CC(=C34)C2=C1)C,50-37-3,,3H-MESULERGINE,PIG,Choroid Plexus,,11.7,"HOYER, 1989 (J.R.R.)",,lsd,LSD,11.7,False,7.931814138253838
811,5-HT2C,HTR2C,1091,LSD,CCN(CC)C(=O)C1CN(C2CC3=CNC4=CC=CC(=C34)C2=C1)C,50-37-3,,3H-MESULERGINE,PIG,CORTEX,,3.8,"TITELER ET AL., 1988",,lsd,LSD,3.8,False,8.42021640338319
812,5-HT2C,HTR2C,1091,LSD,CCN(CC)C(=O)C1CN(C2CC3=CNC4=CC=CC(=C34)C2=C1)C,50-37-3,,3H-MESULERGINE,PIG,Choroid Plexus,,11.7,"MARKSTEIN ET AL, 1986",,lsd,LSD,11.7,False,7.931814138253838
823,5-HT2C,HTR2C,1169,MDA,CC(CC1=CC2=C(C=C1)OCO2)N,1614,,3H-MESULERGINE,PIG,CORTEX,,2932.0,"TITELER ET AL., 1988",,mda,MDA,2932.0,False,5.532836034030909
1012,5-HT1B,HTR1B,692,DMT,CN(C)CCC1=CNC2=CC=CC=C21,61-50-7,63795.0,125I-CYP,RAT,CORTEX,,2200.0,"OFFORD ET AL., 1988",,dmt,DMT,2200.0,False,5.657577319177793
1015,5-HT1B,HTR1B,706,DOB,CC(CC1=CC(=C(C=C1OC)Br)OC)N,32156-26-6,,3H-5HT,RAT,STRIATUM,,831.0,"TITELER ET AL., 1988",,dob,DOB,831.0,False,6.080398976215889
1017,5-HT1B,HTR1B,706,DOB,CC(CC1=CC(=C(C=C1OC)Br)OC)N,32156-26-6,,3H-5HT,RAT,STRIATUM,,831.0,"TITELER ET AL., 1987",,dob,DOB,831.0,False,6.080398976215889
1021,5-HT1B,HTR1B,715,DOET,CCC1=CC(=C(C=C1OC)CC(C)N)OC.Cl,22004-32-6,,3H-5HT,RAT,STRIATUM,,2451.0,"TITELER ET AL., 1988",,doet,DOET,2451.0,False,5.6106566887479215
1022,5-HT1B,HTR1B,719,DOI,CC(CC1=CC(=C(C=C1OC)I)OC)N,82830-44-2,,3H-5HT,RAT,STRIATUM,,1261.0,"TITELER ET AL., 1988",,doi,DOI,1261.0,False,5.899284913426918
1023,5-HT1B,HTR1B,722,DOM,CC1=CC(=C(C=C1OC)CC(C)N)OC,15588-95-1,,3H-5HT,RAT,STRIATUM,,2063.0,"TITELER ET AL., 1988",,dom,DOM,2063.0,False,5.685500772026849
1144,5-HT2C,HTR2C,1920,TRYPTAMINE,C1=CC=C2C(=C1)C(=CN2)CCN,61-54-1,165212.0,3H-MESULERGINE,PIG,Choroid Plexus,,46.8,"ENGEL ET AL, 1986",,tryptamine,tryptamine,46.8,False,7.329754146925876
1145,5-HT2C,HTR2C,1920,TRYPTAMINE,C1=CC=C2C(=C1)C(=CN2)CCN,61-54-1,165212.0,3H-MESULERGINE,PIG,Choroid Plexus,,46.8,"HOYER, 1989 (J.R.R.)",,tryptamine,tryptamine,46.8,False,7.329754146925876
1146,5-HT2C,HTR2C,1920,TRYPTAMINE,C1=CC=C2C(=C1)C(=CN2)CCN,61-54-1,165212.0,3H-MESULERGINE,PIG,Choroid Plexus,,50.1,"HOYER, 1988 or 9 (book)",,tryptamine,tryptamine,50.1,False,7.300162274132754
1257,5-HT1D,HTR1D,692,DMT,CN(C)CCC1=CNC2=CC=CC=C21,61-50-7,63795.0,3H-5HT,COW,CAUDATE,,71.38,"PIERCE & PEROUTKA, 1989",,dmt,DMT,71.38,False,7.146423456380358
1258,5-HT1D,HTR1D,692,DMT,CN(C)CCC1=CNC2=CC=CC=C21,61-50-7,63795.0,3H-5HT,BOVINE,STRIATUM,,190.0,"HEURING & PEROUTKA, 1987",,dmt,DMT,190.0,False,6.721246399047171
1259,5-HT1D,HTR1D,692,DMT,CN(C)CCC1=CNC2=CC=CC=C21,61-50-7,63795.0,3H-5HT,HUMAN,CORTEX,,270.0,"PEROUTKA ET AL., 1989",,dmt,DMT,270.0,False,6.568636235841012
1260,5-HT1D,HTR1D,692,DMT,CN(C)CCC1=CNC2=CC=CC=C21,61-50-7,63795.0,3H-5HT,BOVINE,STRIATUM,,342.86,"PEROUTKA, 1985",,dmt,DMT,342.86,False,6.464883179197048
1261,5-HT1D,HTR1D,706,DOB,CC(CC1=CC(=C(C=C1OC)Br)OC)N,32156-26-6,,3H-5HT,COW,CAUDATE,,1448.28,"PIERCE & PEROUTKA, 1989",,dob,DOB,1448.28,False,5.839147466661451
1262,5-HT1D,HTR1D,706,DOB,CC(CC1=CC(=C(C=C1OC)Br)OC)N,32156-26-6,,3H-5HT,RAT,STRIATUM,,1800.0,"HERRICK-DAVIS & TITELER, 198",,dob,DOB,1800.0,False,5.7447274948966935
1263,5-HT1D,HTR1D,706,DOB,CC(CC1=CC(=C(C=C1OC)Br)OC)N,32156-26-6,,3H-5HT,RAT,CORTEX,,3400.0,"HERRICK-DAVIS & TITELER, 198",,dob,DOB,3400.0,False,5.468521082957745
1264,5-HT1D,HTR1D,719,DOI,CC(CC1=CC(=C(C=C1OC)I)OC)N,82830-44-2,,3H-5HT,COW,CAUDATE,,1241.38,"PIERCE & PEROUTKA, 1989",,doi,DOI,1241.38,False,5.906095255857023
1322,5-HT1D,HTR1D,1091,LSD,CCN(CC)C(=O)C1CN(C2CC3=CNC4=CC=CC(=C34)C2=C1)C,50-37-3,,3H-5HT,CALF,CAUDATE,,6.31,"HOYER, 1988 or 9 (book)",,lsd,LSD,6.31,False,8.199970640755865
1323,5-HT1D,HTR1D,1091,LSD,CCN(CC)C(=O)C1CN(C2CC3=CNC4=CC=CC(=C34)C2=C1)C,50-37-3,,3H-5HT,COW,CAUDATE,,7.08,"HOYER, 1987",,lsd,LSD,7.08,False,8.14996674231023
1324,5-HT1D,HTR1D,1091,LSD,CCN(CC)C(=O)C1CN(C2CC3=CNC4=CC=CC(=C34)C2=C1)C,50-37-3,,3H-5HT,CALF,CAUDATE,,7.08,"HOYER, 1989 (J.R.R.)",,lsd,LSD,7.08,False,8.14996674231023
1325,5-HT1D,HTR1D,1091,LSD,CCN(CC)C(=O)C1CN(C2CC3=CNC4=CC=CC(=C34)C2=C1)C,50-37-3,,3H-5HT,RAT,STRIATUM,,7.7,"HERRICK-DAVIS & TITELER, 198",,lsd,LSD,7.7,False,8.113509274827518
1326,5-HT1D,HTR1D,1091,LSD,CCN(CC)C(=O)C1CN(C2CC3=CNC4=CC=CC(=C34)C2=C1)C,50-37-3,,3H-5HT,RAT,CORTEX,,10.0,"HERRICK-DAVIS & TITELER, 198",,lsd,LSD,10.0,False,8.0
1327,5-HT1D,HTR1D,1091,LSD,CCN(CC)C(=O)C1CN(C2CC3=CNC4=CC=CC(=C34)C2=C1)C,50-37-3,,3H-5HT,HUMAN,CORTEX,,14.0,"PEROUTKA ET AL., 1989",,lsd,LSD,14.0,False,7.853871964321762
1328,5-HT1D,HTR1D,1091,LSD,CCN(CC)C(=O)C1CN(C2CC3=CNC4=CC=CC(=C34)C2=C1)C,50-37-3,,3H-5HT,BOVINE,STRIATUM,,24.0,"HEURING & PEROUTKA, 1987",,lsd,LSD,24.0,False,7.619788758288394
1329,5-HT1D,HTR1D,1091,LSD,CCN(CC)C(=O)C1CN(C2CC3=CNC4=CC=CC(=C34)C2=C1)C,50-37-3,,3H-5HT,COW,CAUDATE,,28.97,"PIERCE & PEROUTKA, 1989",,lsd,LSD,28.97,False,7.538051504796238
1420,5-HT1B,HTR1B,1091,LSD,CCN(CC)C(=O)C1CN(C2CC3=CNC4=CC=CC(=C34)C2=C1)C,50-37-3,,125I-ICYP,RAT,CORTEX,,39.0,"OFFORD ET AL., 1988",,lsd,LSD,39.0,False,7.4089353929735005
1421,5-HT1B,HTR1B,1091,LSD,CCN(CC)C(=O)C1CN(C2CC3=CNC4=CC=CC(=C34)C2=C1)C,50-37-3,,125I-CYP,RAT,CORTEX,,151.0,"ENGEL ET AL, 1986",,lsd,LSD,151.0,False,6.821023052706831
1425,5-HT1B,HTR1B,1091,LSD,CCN(CC)C(=O)C1CN(C2CC3=CNC4=CC=CC(=C34)C2=C1)C,50-37-3,,3H-5HT,RAT,STRIATUM,,6.6,"TITELER ET AL., 1988",,lsd,LSD,6.6,False,8.18045606445813
1426,5-HT1B,HTR1B,1091,LSD,CCN(CC)C(=O)C1CN(C2CC3=CNC4=CC=CC(=C34)C2=C1)C,50-37-3,,125I-CYP,RAT,CORTEX,,151.0,"MARKSTEIN ET AL, 1986",,lsd,LSD,151.0,False,6.821023052706831
1427,5-HT1B,HTR1B,1091,LSD,CCN(CC)C(=O)C1CN(C2CC3=CNC4=CC=CC(=C34)C2=C1)C,50-37-3,,3H-5HT,RAT,CORTEX,,170.0,"PEROUTKA, 1986",,lsd,LSD,170.0,False,6.769551078621726
1438,5-HT1B,HTR1B,1169,MDA,CC(CC1=CC2=C(C=C1)OCO2)N,1614,,3H-5HT,RAT,STRIATUM,>,10000.0,"TITELER ET AL., 1988",,mda,MDA,10000.0,True,5.0
1845,5-HT2A,HTR2A,692,DMT,CN(C)CCC1=CNC2=CC=CC=C21,61-50-7,63795.0,3H-SPIPERONE,HUMAN,CORTEX,,230.27,"PIERCE & PEROUTKA, 1989",,dmt,DMT,230.27,False,6.637762639035902
1847,5-HT2A,HTR2A,692,DMT,CN(C)CCC1=CNC2=CC=CC=C21,61-50-7,63795.0,3H-KETANSERIN,HUMAN,CORTEX,,462.0,"SADZOT ET AL., 1989",,dmt,DMT,462.0,False,6.335358024443874
1848,5-HT2B,HTR2B,692,DMT,CN(C)CCC1=CNC2=CC=CC=C21,61-50-7,63795.0,3H-KETANSERIN,BOVINE,CORTEX,,550.0,"MCKENNA & PEROUTKA, 1989",http://www.ncbi.nlm.nih.gov/pubmed/2795135?itool=EntrezSystem2.PEntrez.Pubmed.Pubmed_ResultsPanel.Pubmed_RVDocSum&ordinalpos=33,dmt,DMT,550.0,False,6.259637310505756
1849,5-HT2A,HTR2A,692,DMT,CN(C)CCC1=CNC2=CC=CC=C21,61-50-7,63795.0,3H-KETANSERIN,RAT,CORTEX,,558.0,"TAYLOR ET AL,. 1987",,dmt,DMT,558.0,False,6.253365801062421
1850,5-HT2A,HTR2A,692,DMT,CN(C)CCC1=CNC2=CC=CC=C21,61-50-7,63795.0,3H-KETANSERIN,RAT,CORTEX,,1183.0,"LYON ET AL., 1987",,dmt,DMT,1183.0,False,5.927015255372069
1851,5-HT2A,HTR2A,692,DMT,CN(C)CCC1=CNC2=CC=CC=C21,61-50-7,63795.0,3H-KETANSERIN,RAT,CORTEX,,1200.0,"LYON ET AL., 1988",,dmt,DMT,1200.0,False,5.920818753952375
1852,5-HT2A,HTR2A,692,DMT,CN(C)CCC1=CNC2=CC=CC=C21,61-50-7,63795.0,3H-KETANSERIN,RAT,CORTEX,,1200.0,"LYON ET AL., 1988",,dmt,DMT,1200.0,False,5.920818753952375
1876,5-HT2A,HTR2A,706,DOB,CC(CC1=CC(=C(C=C1OC)Br)OC)N,32156-26-6,,3H-SPIPERONE,HUMAN,CORTEX,,26.23,"PIERCE & PEROUTKA, 1989",,dob,DOB,26.23,False,7.581201709409647
1877,5-HT2A,HTR2A,706,DOB,CC(CC1=CC(=C(C=C1OC)Br)OC)N,32156-26-6,,3H-KETANSERIN,RAT,CORTEX,,41.0,"LYON ET AL., 1987",,dob,DOB,41.0,False,7.3872161432802645
1886,5-HT2A,HTR2A,715,DOET,CCC1=CC(=C(C=C1OC)CC(C)N)OC.Cl,22004-32-6,,3H-KETANSERIN,HUMAN,CORTEX,,53.0,"SADZOT ET AL., 1989",,doet,DOET,53.0,False,7.275724130399211
1888,5-HT2A,HTR2A,719,DOI,CC(CC1=CC(=C(C=C1OC)I)OC)N,82830-44-2,,3H-KETANSERIN,HUMAN,CORTEX,,6.0,"SADZOT ET AL., 1989",,doi,DOI,6.0,False,8.221848749616356
1889,5-HT2A,HTR2A,719,DOI,CC(CC1=CC(=C(C=C1OC)I)OC)N,82830-44-2,,3H-KETANSERIN,RAT,CORTEX,,14.5,"HOYER, 1988 (TIPS)",,doi,DOI,14.5,False,7.838631997765026
1890,5-HT2A,HTR2A,719,DOI,CC(CC1=CC(=C(C=C1OC)I)OC)N,82830-44-2,,3H-SPIPERONE,HUMAN,CORTEX,,20.47,"PIERCE & PEROUTKA, 1989",,doi,DOI,20.47,False,7.688882157337495
1893,5-HT2A,HTR2A,722,DOM,CC1=CC(=C(C=C1OC)CC(C)N)OC,15588-95-1,,3H-KETANSERIN,RAT,CORTEX,,100.0,"LYON ET AL., 1988",,dom,DOM,100.0,False,7.0
1894,5-HT2A,HTR2A,722,DOM,CC1=CC(=C(C=C1OC)CC(C)N)OC,15588-95-1,,3H-KETANSERIN,RAT,CORTEX,,100.0,"GLENNON ET AL., 1988",,dom,DOM,100.0,False,7.0
1895,5-HT2A,HTR2A,722,DOM,CC1=CC(=C(C=C1OC)CC(C)N)OC,15588-95-1,,3H-KETANSERIN,HUMAN,CORTEX,,162.0,"SADZOT ET AL., 1989",,dom,DOM,162.0,False,6.790484985457369
2110,5-HT1D,HTR1D,1920,TRYPTAMINE,C1=CC=C2C(=C1)C(=CN2)CCN,61-54-1,165212.0,3H-5HT,BOVINE,STRIATUM,,36.0,"HEURING & PEROUTKA, 1987",,tryptamine,tryptamine,36.0,False,7.443697499232712
2112,5-HT1D,HTR1D,1920,TRYPTAMINE,C1=CC=C2C(=C1)C(=CN2)CCN,61-54-1,165212.0,3H-5HT,CALF,CAUDATE,,39.8,"HOYER, 1988 or 9 (book)",,tryptamine,tryptamine,39.8,False,7.400116927926312
2113,5-HT1D,HTR1D,1920,TRYPTAMINE,C1=CC=C2C(=C1)C(=CN2)CCN,61-54-1,165212.0,3H-5HT,HUMAN,CAUDATE,,41.7,"WAEBER ET AL., 1988",,tryptamine,tryptamine,41.7,False,7.379863945026242
2114,5-HT1D,HTR1D,1920,TRYPTAMINE,C1=CC=C2C(=C1)C(=CN2)CCN,61-54-1,165212.0,3H-5HT,HUMAN,CORTEX,,46.0,"PEROUTKA ET AL., 1989",,tryptamine,tryptamine,46.0,False,7.337242168318426
2115,5-HT1D,HTR1D,1920,TRYPTAMINE,C1=CC=C2C(=C1)C(=CN2)CCN,61-54-1,165212.0,3H-5HT,COW,CAUDATE,,85.1,"HOYER, 1987",,tryptamine,tryptamine,85.1,False,7.070070439915412
2116,5-HT1D,HTR1D,1920,TRYPTAMINE,C1=CC=C2C(=C1)C(=CN2)CCN,61-54-1,165212.0,3H-5HT,CALF,CAUDATE,,85.1,"HOYER, 1989 (J.R.R.)",,tryptamine,tryptamine,85.1,False,7.070070439915412
2117,5-HT1D,HTR1D,1920,TRYPTAMINE,C1=CC=C2C(=C1)C(=CN2)CCN,61-54-1,165212.0,3H-5HT,PIG,CAUDATE,,224.0,"WAEBER ET AL., 1988",,tryptamine,tryptamine,224.0,False,6.649751981665837
2118,5-HT1D,HTR1D,1920,TRYPTAMINE,C1=CC=C2C(=C1)C(=CN2)CCN,61-54-1,165212.0,3H-5HT,CALF,CAUDATE,,295.0,"WAEBER ET AL., 1988",,tryptamine,tryptamine,295.0,False,6.530177984021837
2203,5-HT1B,HTR1B,1920,TRYPTAMINE,C1=CC=C2C(=C1)C(=CN2)CCN,61-54-1,165212.0,125I-CYP,RAT,CORTEX,,1020.0,"HOYER, 1988(9) (J.R.R.)",,tryptamine,tryptamine,1020.0,False,5.991399828238082
2207,5-HT1B,HTR1B,1920,TRYPTAMINE,C1=CC=C2C(=C1)C(=CN2)CCN,61-54-1,165212.0,125I-CYP,RAT,CORTEX,>,10000.0,"ENGEL ET AL, 1986",,tryptamine,tryptamine,10000.0,True,5.0
2364,5-HT3,HTR3A,1091,LSD,CCN(CC)C(=O)C1CN(C2CC3=CNC4=CC=CC(=C34)C2=C1)C,50-37-3,,3H-QUIPAZINE,RAT,CORTEX,>,10000.0,"MILBURN & PEROUTKA, 1989",,lsd,LSD,10000.0,True,5.0
2365,5-HT3,HTR3A,1091,LSD,CCN(CC)C(=O)C1CN(C2CC3=CNC4=CC=CC(=C34)C2=C1)C,50-37-3,,3H-QUIPAZINE,RAT,CORTEX,>,10000.0,"PEROUTKA & HAMIK, 1988",,lsd,LSD,10000.0,True,5.0
2575,5-HT2A,HTR2A,1920,TRYPTAMINE,C1=CC=C2C(=C1)C(=CN2)CCN,61-54-1,165212.0,3H-KETANSERIN,RAT,CORTEX,,1000.0,"ENGEL ET AL, 1986",,tryptamine,tryptamine,1000.0,False,6.0
2576,5-HT2A,HTR2A,1920,TRYPTAMINE,C1=CC=C2C(=C1)C(=CN2)CCN,61-54-1,165212.0,3H-KETANSERIN,RAT,CORTEX,,1120.0,"HOYER, 1989 (J.R.R.)",,tryptamine,tryptamine,1120.0,False,5.950781977329818
2577,5-HT2A,HTR2A,1920,TRYPTAMINE,C1=CC=C2C(=C1)C(=CN2)CCN,61-54-1,165212.0,3H-KETANSERIN,RAT,CORTEX,,1121.33,"BATTAGLIA ET AL., 1983",,tryptamine,tryptamine,1121.33,False,5.9502665586018955
2578,5-HT2B,HTR2B,1920,TRYPTAMINE,C1=CC=C2C(=C1)C(=CN2)CCN,61-54-1,165212.0,3H-KETANSERIN,BOVINE,CORTEX,,1300.0,"MCKENNA & PEROUTKA, 1989",http://www.ncbi.nlm.nih.gov/pubmed/2795135?itool=EntrezSystem2.PEntrez.Pubmed.Pubmed_ResultsPanel.Pubmed_RVDocSum&ordinalpos=33,tryptamine,tryptamine,1300.0,False,5.886056647693163
2579,5-HT2A,HTR2A,1920,TRYPTAMINE,C1=CC=C2C(=C1)C(=CN2)CCN,61-54-1,165212.0,3H-KETANSERIN,RAT,CORTEX,,2005.0,"LYON ET AL., 1987",,tryptamine,tryptamine,2005.0,False,5.697885623043799
2580,5-HT2A,HTR2A,1920,TRYPTAMINE,C1=CC=C2C(=C1)C(=CN2)CCN,61-54-1,165212.0,3H-SPIPERONE,HUMAN,CORTEX,,2244.78,"ANDORN ET AL., 1984",,tryptamine,tryptamine,2244.78,False,5.648826215670817
2581,5-HT2A,HTR2A,1920,TRYPTAMINE,C1=CC=C2C(=C1)C(=CN2)CCN,61-54-1,165212.0,3H-KETANSERIN,RAT,CORTEX,,2885.86,"TITELER ET AL., 1984",,tryptamine,tryptamine,2885.86,False,5.539724741399922
2582,5-HT2A,HTR2A,1920,TRYPTAMINE,C1=CC=C2C(=C1)C(=CN2)CCN,61-54-1,165212.0,3H-KETANSERIN,RAT,CORTEX,,2894.0,"BATTAGLIA ET AL., 1984",,tryptamine,tryptamine,2894.0,False,5.538501473216981
2583,5-HT2A,HTR2A,1920,TRYPTAMINE,C1=CC=C2C(=C1)C(=CN2)CCN,61-54-1,165212.0,3H-SPIPERONE,RAT,CORTEX,,3158.7,"LEYSEN ET AL., 1978",,tryptamine,tryptamine,3158.7,False,5.5004916195939
2584,5-HT2A,HTR2A,1920,TRYPTAMINE,C1=CC=C2C(=C1)C(=CN2)CCN,61-54-1,165212.0,125I-LSD,HUMAN,FR. CORTEX,>,10000.0,"ELLIOT & KENT, 1989",,tryptamine,tryptamine,10000.0,True,5.0
2723,5-HT2B,HTR2B,1547,PSILOCYBIN,CN(C)CCC1=CNC2=C1C(=CC=C2)OP(=O)(O)O,520-52-5,,3H-KETANSERIN,BOVINE,CORTEX,,600.0,"MCKENNA & PEROUTKA, 1989",http://www.ncbi.nlm.nih.gov/pubmed/2795135?itool=EntrezSystem2.PEntrez.Pubmed.Pubmed_ResultsPanel.Pubmed_RVDocSum&ordinalpos=33,psilocybin,psilocybin,600.0,False,6.221848749616356
2879,5-HT2A,HTR2A,1091,LSD,CCN(CC)C(=O)C1CN(C2CC3=CNC4=CC=CC(=C34)C2=C1)C,50-37-3,,3H-KETANSERIN,RAT,CORTEX,,2.11,"BATTAGLIA ET AL., 1983",,lsd,LSD,2.11,False,8.675717544702307
2880,5-HT2A,HTR2A,1091,LSD,CCN(CC)C(=O)C1CN(C2CC3=CNC4=CC=CC(=C34)C2=C1)C,50-37-3,,3H-KETANSERIN,RAT,CORTEX,,2.4,"ENGEL ET AL, 1986",,lsd,LSD,2.4,False,8.619788758288394
2881,5-HT2A,HTR2A,1091,LSD,CCN(CC)C(=O)C1CN(C2CC3=CNC4=CC=CC(=C34)C2=C1)C,50-37-3,,3H-KETANSERIN,RAT,CORTEX,,2.5,"LEYSON ET AL., 1982",,lsd,LSD,2.5,False,8.602059991327963
2882,5-HT2A,HTR2A,1091,LSD,CCN(CC)C(=O)C1CN(C2CC3=CNC4=CC=CC(=C34)C2=C1)C,50-37-3,,3H-KETANSERIN,RAT,FR. CORTEX,,2.77,"LEYSEN ET AL., 1988",,lsd,LSD,2.77,False,8.557520230935552
2884,5-HT2A,HTR2A,1091,LSD,CCN(CC)C(=O)C1CN(C2CC3=CNC4=CC=CC(=C34)C2=C1)C,50-37-3,,3H-SPIPERONE,RAT,CORTEX,,4.76,"LEYSEN ET AL., 1978",,lsd,LSD,4.76,False,8.322393047279506
2895,5-HT2A,HTR2A,1091,LSD,CCN(CC)C(=O)C1CN(C2CC3=CNC4=CC=CC(=C34)C2=C1)C,50-37-3,,3H-KETANSERIN,HUMAN,CORTEX,,0.95,"SADZOT ET AL., 1989",,lsd,LSD,0.95,False,9.022276394711152
2897,5-HT2A,HTR2A,1091,LSD,CCN(CC)C(=O)C1CN(C2CC3=CNC4=CC=CC(=C34)C2=C1)C,50-37-3,,125I-LSD,RAT,CORTEX,,1.35,"ENGEL ET AL, 1984",,lsd,LSD,1.35,False,8.869666231504993
2898,5-HT2A,HTR2A,1091,LSD,CCN(CC)C(=O)C1CN(C2CC3=CNC4=CC=CC(=C34)C2=C1)C,50-37-3,,3H-MESULERGINE,RAT,CORTEX,,1.8,"CLOSSE, 1983",,lsd,LSD,1.8,False,8.744727494896694
2899,5-HT2A,HTR2A,1091,LSD,CCN(CC)C(=O)C1CN(C2CC3=CNC4=CC=CC(=C34)C2=C1)C,50-37-3,,3H-KETANSERIN,RAT,CORTEX,,2.4,"MARKSTEIN ET AL, 1986",,lsd,LSD,2.4,False,8.619788758288394
2900,5-HT2A,HTR2A,1091,LSD,CCN(CC)C(=O)C1CN(C2CC3=CNC4=CC=CC(=C34)C2=C1)C,50-37-3,,3H-KETANSERIN,RAT,CORTEX,,2.4,"HOYER, 1989 (J.R.R.)",,lsd,LSD,2.4,False,8.619788758288394
2901,5-HT2A,HTR2A,1091,LSD,CCN(CC)C(=O)C1CN(C2CC3=CNC4=CC=CC(=C34)C2=C1)C,50-37-3,,3H-SPIPERONE,HUMAN,CORTEX,,2.56,"PIERCE & PEROUTKA, 1989",,lsd,LSD,2.56,False,8.59176003468815
2902,5-HT2B,HTR2B,1091,LSD,CCN(CC)C(=O)C1CN(C2CC3=CNC4=CC=CC(=C34)C2=C1)C,50-37-3,,3H-KETANSERIN,BOVINE,CORTEX,,11.0,"MCKENNA & PEROUTKA, 1989",http://www.ncbi.nlm.nih.gov/pubmed/2795135?itool=EntrezSystem2.PEntrez.Pubmed.Pubmed_ResultsPanel.Pubmed_RVDocSum&ordinalpos=33,lsd,LSD,11.0,False,7.958607314841775
2903,5-HT2A,HTR2A,1091,LSD,CCN(CC)C(=O)C1CN(C2CC3=CNC4=CC=CC(=C34)C2=C1)C,50-37-3,,3H-SPIROPERIDOL,RAT,CORTEX,,13.0,"PEROUTKA & SNYDER, 1979",,lsd,LSD,13.0,False,7.886056647693163
2917,5-HT2A,HTR2A,1169,MDA,CC(CC1=CC2=C(C=C1)OCO2)N,1614,,3H-KETANSERIN,RAT,CORTEX,,5330.0,"LYON ET AL., 1986",,mda,MDA,5330.0,False,5.273272790973428
2918,5-HT2A,HTR2A,1169,MDA,CC(CC1=CC2=C(C=C1)OCO2)N,1614,,3H-KETANSERIN,HUMAN,CORTEX,,8340.0,"SADZOT ET AL., 1989",,mda,MDA,8340.0,False,5.078833949362261
2925,5-HT2A,HTR2A,1184,MDMA,CC(CC1=CC2=C(C=C1)OCO2)NC,1615,,3H-KETANSERIN,RAT,CORTEX,,8300.0,"LYON ET AL., 1986",,mdma,MDMA,8300.0,False,5.080921907623926
2926,5-HT2A,HTR2A,1184,MDMA,CC(CC1=CC2=C(C=C1)OCO2)NC,1615,,3H-KETANSERIN,HUMAN,CORTEX,>,10000.0,"SADZOT ET AL., 1989",,mdma,MDMA,10000.0,True,5.0
3355,5-HT1A,HTR1A,948,IBOGAINE,CCC1CC2CC3C1N(C2)CCC4=C3NC5=C4C=C(C=C5)OC,83-74-9,249764.0,3H-8-OH-DPAT,HUMAN,CLONED,>,10000.0,"TOLL L, et. al., 1998",http://www.ncbi.nlm.nih.gov/entrez/query.fcgi?cmd=Retrieve&db=PubMed&list_uids=9686407&dopt=Abstract,ibogaine,ibogaine,10000.0,True,5.0
3507,5-HT2A,HTR2A,948,IBOGAINE,CCC1CC2CC3C1N(C2)CCC4=C3NC5=C4C=C(C=C5)OC,83-74-9,249764.0,3H-KETANSERIN,RAT,CLONED,>,10000.0,"TOLL L, et. al., 1998",http://www.ncbi.nlm.nih.gov/entrez/query.fcgi?cmd=Retrieve&db=PubMed&list_uids=9686407&dopt=Abstract,ibogaine,ibogaine,10000.0,True,5.0
3566,5-HT2C,HTR2C,948,IBOGAINE,CCC1CC2CC3C1N(C2)CCC4=C3NC5=C4C=C(C=C5)OC,83-74-9,249764.0,3H-MESULERGINE,RAT,CLONED,>,10000.0,"TOLL L, et. al., 1998",http://www.ncbi.nlm.nih.gov/entrez/query.fcgi?cmd=Retrieve&db=PubMed&list_uids=9686407&dopt=Abstract,ibogaine,ibogaine,10000.0,True,5.0
3624,5-HT3,HTR3A,948,IBOGAINE,CCC1CC2CC3C1N(C2)CCC4=C3NC5=C4C=C(C=C5)OC,83-74-9,249764.0,3H-GR-65630,MOUSE,NG108-15,>,10000.0,"TOLL L, et. al., 1998",http://www.ncbi.nlm.nih.gov/entrez/query.fcgi?cmd=Retrieve&db=PubMed&list_uids=9686407&dopt=Abstract,ibogaine,ibogaine,10000.0,True,5.0
3924,5-HT6,HTR6,1091,LSD,CCN(CC)C(=O)C1CN(C2CC3=CNC4=CC=CC(=C34)C2=C1)C,50-37-3,,3H-LSD,RAT,CLONED,,1.86,"BOESS FG, ET AL., 1996",http://www.ncbi.nlm.nih.gov/entrez/query.fcgi?cmd=Retrieve&db=PubMed&list_uids=9225298&dopt=Abstract,lsd,LSD,1.86,False,8.730487055782083
3940,5-HT6,HTR6,1920,TRYPTAMINE,C1=CC=C2C(=C1)C(=CN2)CCN,61-54-1,165212.0,3H-LSD,RAT,CLONED,,1479.1,"BOESS FG, ET AL., 1996",http://www.ncbi.nlm.nih.gov/entrez/query.fcgi?cmd=Retrieve&db=PubMed&list_uids=9225298&dopt=Abstract,tryptamine,tryptamine,1479.1,False,5.83000246293343
3944,5-HT6,HTR6,1091,LSD,CCN(CC)C(=O)C1CN(C2CC3=CNC4=CC=CC(=C34)C2=C1)C,50-37-3,,3H-5HT,RAT,CLONED,,16.59,"BOESS FG, ET AL., 1996",http://www.ncbi.nlm.nih.gov/entrez/query.fcgi?cmd=Retrieve&db=PubMed&list_uids=9225298&dopt=Abstract,lsd,LSD,16.59,False,7.7801536139756395
3960,5-HT6,HTR6,1920,TRYPTAMINE,C1=CC=C2C(=C1)C(=CN2)CCN,61-54-1,165212.0,3H-5HT,RAT,CLONED,,158.48,"BOESS FG, ET AL., 1996",http://www.ncbi.nlm.nih.gov/entrez/query.fcgi?cmd=Retrieve&db=PubMed&list_uids=9225298&dopt=Abstract,tryptamine,tryptamine,158.48,False,6.8000255374695096
4216,5-HT6,HTR6,1920,TRYPTAMINE,C1=CC=C2C(=C1)C(=CN2)CCN,61-54-1,165212.0,125I-LSD,RAT,CLONED,,438.0,"MONSMA FJ Jr. ET AL., 1993",http://www.ncbi.nlm.nih.gov/entrez/query.fcgi?cmd=Retrieve&db=PubMed&list_uids=7680751&dopt=Abstract,tryptamine,tryptamine,438.0,False,6.3585258894959
4304,5-HT7,HTR7,1920,TRYPTAMINE,C1=CC=C2C(=C1)C(=CN2)CCN,61-54-1,165212.0,125I-LSD,RAT,CLONED,,32.8,"SHEN Y, ET AL., 1993",http://www.ncbi.nlm.nih.gov/entrez/query.fcgi?cmd=Retrieve&db=PubMed&list_uids=8394362&dopt=Abstract,tryptamine,tryptamine,32.8,False,7.484126156288321
4329,5-HT7,HTR7,1920,TRYPTAMINE,C1=CC=C2C(=C1)C(=CN2)CCN,61-54-1,165212.0,3H-5HT,RAT,CLONED,,16.4,"SHEN Y, ET AL., 1993",http://www.ncbi.nlm.nih.gov/entrez/query.fcgi?cmd=Retrieve&db=PubMed&list_uids=8394362&dopt=Abstract,tryptamine,tryptamine,16.4,False,7.785156151952302
4349,5-HT6,HTR6,692,DMT,CN(C)CCC1=CNC2=CC=CC=C21,61-50-7,63795.0,3H-LSD,HUMAN,CLONED,,68.0,"KOHEN R, ET AL., 1996",http://www.ncbi.nlm.nih.gov/entrez/query.fcgi?cmd=Retrieve&db=PubMed&list_uids=8522988&dopt=Abstract,dmt,DMT,68.0,False,7.167491087293763
4686,5-HT1B,HTR1B,1920,TRYPTAMINE,C1=CC=C2C(=C1)C(=CN2)CCN,61-54-1,165212.0,3H-5HT,HUMAN,CLONED,,86.0,"WEINSHANK RL, ET AL., 1992",http://www.ncbi.nlm.nih.gov/entrez/query.fcgi?cmd=Retrieve&db=PubMed&list_uids=1565658&dopt=Abstract,tryptamine,tryptamine,86.0,False,7.0655015487564325
4711,5-HT1D,HTR1D,1920,TRYPTAMINE,C1=CC=C2C(=C1)C(=CN2)CCN,61-54-1,165212.0,3H-5HT,HUMAN,CLONED,,521.0,"WEINSHANK RL, ET AL., 1992",http://www.ncbi.nlm.nih.gov/entrez/query.fcgi?cmd=Retrieve&db=PubMed&list_uids=1565658&dopt=Abstract,tryptamine,tryptamine,521.0,False,6.283162276700475
4734,5-HT1D,HTR1D,1920,TRYPTAMINE,C1=CC=C2C(=C1)C(=CN2)CCN,61-54-1,165212.0,3H-5HT,BOVINE,CLONED,,40.0,"WEINSHANK RL, ET AL., 1992",http://www.ncbi.nlm.nih.gov/entrez/query.fcgi?cmd=Retrieve&db=PubMed&list_uids=1565658&dopt=Abstract,tryptamine,tryptamine,40.0,False,7.3979400086720375
4744,5-HT2C,HTR2C,706,DOB,CC(CC1=CC(=C(C=C1OC)Br)OC)N,32156-26-6,,3H-5HT,RAT,CLONED,,10.0,"HERRICK-DAVIS K, ET AL., 1998",http://www.ncbi.nlm.nih.gov/entrez/query.fcgi?cmd=Retrieve&db=PubMed&list_uids=9928251&dopt=Abstract,dob,DOB,10.0,False,8.0
4749,5-HT2C,HTR2C,1920,TRYPTAMINE,C1=CC=C2C(=C1)C(=CN2)CCN,61-54-1,165212.0,3H-5HT,RAT,CLONED,,62.0,"HERRICK-DAVIS K, ET AL., 1998",http://www.ncbi.nlm.nih.gov/entrez/query.fcgi?cmd=Retrieve&db=PubMed&list_uids=9928251&dopt=Abstract,tryptamine,tryptamine,62.0,False,7.207608310501746
4763,5-HT2C,HTR2C,1920,TRYPTAMINE,C1=CC=C2C(=C1)C(=CN2)CCN,61-54-1,165212.0,3H-MESULERGINE,RAT,CLONED,,772.0,"HERRICK-DAVIS K, ET AL., 1998",http://www.ncbi.nlm.nih.gov/entrez/query.fcgi?cmd=Retrieve&db=PubMed&list_uids=9928251&dopt=Abstract,tryptamine,tryptamine,772.0,False,6.1123826996642645
4773,5-HT2C,HTR2C,706,DOB,CC(CC1=CC(=C(C=C1OC)Br)OC)N,32156-26-6,,3H-MESULERGINE,RAT,CLONED,,152.0,"HERRICK-DAVIS K, ET AL., 1998",http://www.ncbi.nlm.nih.gov/entrez/query.fcgi?cmd=Retrieve&db=PubMed&list_uids=9928251&dopt=Abstract,dob,DOB,152.0,False,6.818156412055227
4982,5-HT2A,HTR2A,1920,TRYPTAMINE,C1=CC=C2C(=C1)C(=CN2)CCN,61-54-1,165212.0,3H-KETANSERIN,RAT,CLONED,,416.86,"BONHAUS DW, ET AL., 1997",http://www.ncbi.nlm.nih.gov/entrez/query.fcgi?cmd=Retrieve&db=PubMed&list_uids=9225287&dopt=Abstract,tryptamine,tryptamine,416.86,False,6.380009775808478
5010,5-HT2C,HTR2C,1920,TRYPTAMINE,C1=CC=C2C(=C1)C(=CN2)CCN,61-54-1,165212.0,3H-MESULERGINE,RAT,CLONED,,56.23,"BONHAUS DW, ET AL., 1997",http://www.ncbi.nlm.nih.gov/entrez/query.fcgi?cmd=Retrieve&db=PubMed&list_uids=9225287&dopt=Abstract,tryptamine,tryptamine,56.23,False,7.250031916490597
5041,5-HT2A,HTR2A,1920,TRYPTAMINE,C1=CC=C2C(=C1)C(=CN2)CCN,61-54-1,165212.0,3H-KETANSERIN,HUMAN,CLONED,,588.84,"BONHAUS DW, ET AL., 1997",http://www.ncbi.nlm.nih.gov/entrez/query.fcgi?cmd=Retrieve&db=PubMed&list_uids=9225287&dopt=Abstract,tryptamine,tryptamine,588.84,False,6.23000269597146
5072,5-HT2B,HTR2B,1920,TRYPTAMINE,C1=CC=C2C(=C1)C(=CN2)CCN,61-54-1,165212.0,3H-5HT,HUMAN,CLONED,,25.11,"BONHAUS DW, ET AL., 1997",http://www.ncbi.nlm.nih.gov/entrez/query.fcgi?cmd=Retrieve&db=PubMed&list_uids=9225287&dopt=Abstract,tryptamine,tryptamine,25.11,False,7.600153287287077
5103,5-HT2C,HTR2C,1920,TRYPTAMINE,C1=CC=C2C(=C1)C(=CN2)CCN,61-54-1,165212.0,3H-MESULERGINE,HUMAN,CLONED,,295.12,"BONHAUS DW, ET AL., 1997",http://www.ncbi.nlm.nih.gov/entrez/query.fcgi?cmd=Retrieve&db=PubMed&list_uids=9225287&dopt=Abstract,tryptamine,tryptamine,295.12,False,6.530001357781253
5109,5-HT2A,HTR2A,706,DOB,CC(CC1=CC(=C(C=C1OC)Br)OC)N,32156-26-6,,125I-DOI,HUMAN,CLONED,,0.6,"NELSON DL, ET AL., 1999",http://www.ncbi.nlm.nih.gov/entrez/query.fcgi?cmd=Retrieve&db=PubMed&list_uids=9933142&dopt=Abstract,dob,DOB,0.6,False,9.221848749616356
5110,5-HT2A,HTR2A,719,DOI,CC(CC1=CC(=C(C=C1OC)I)OC)N,82830-44-2,,125I-DOI,HUMAN,CLONED,,0.7,"NELSON DL, ET AL., 1999",http://www.ncbi.nlm.nih.gov/entrez/query.fcgi?cmd=Retrieve&db=PubMed&list_uids=9933142&dopt=Abstract,doi,DOI,0.7,False,9.154901959985743
5126,5-HT2B,HTR2B,706,DOB,CC(CC1=CC(=C(C=C1OC)Br)OC)N,32156-26-6,,3H-5HT,HUMAN,CLONED,,26.9,"NELSON DL, ET AL., 1999",http://www.ncbi.nlm.nih.gov/entrez/query.fcgi?cmd=Retrieve&db=PubMed&list_uids=9933142&dopt=Abstract,dob,DOB,26.9,False,7.570247719997592
5127,5-HT2B,HTR2B,719,DOI,CC(CC1=CC(=C(C=C1OC)I)OC)N,82830-44-2,,3H-5HT,HUMAN,CLONED,,20.0,"NELSON DL, ET AL., 1999",http://www.ncbi.nlm.nih.gov/entrez/query.fcgi?cmd=Retrieve&db=PubMed&list_uids=9933142&dopt=Abstract,doi,DOI,20.0,False,7.698970004336019
5143,5-HT2C,HTR2C,706,DOB,CC(CC1=CC(=C(C=C1OC)Br)OC)N,32156-26-6,,125I-DOI,HUMAN,CLONED,,1.3,"NELSON DL, ET AL., 1999",http://www.ncbi.nlm.nih.gov/entrez/query.fcgi?cmd=Retrieve&db=PubMed&list_uids=9933142&dopt=Abstract,dob,DOB,1.3,False,8.886056647693163
5144,5-HT2C,HTR2C,719,DOI,CC(CC1=CC(=C(C=C1OC)I)OC)N,82830-44-2,,125I-DOI,HUMAN,CLONED,,2.4,"NELSON DL, ET AL., 1999",http://www.ncbi.nlm.nih.gov/entrez/query.fcgi?cmd=Retrieve&db=PubMed&list_uids=9933142&dopt=Abstract,doi,DOI,2.4,False,8.619788758288394
5160,5-HT2B,HTR2B,706,DOB,CC(CC1=CC(=C(C=C1OC)Br)OC)N,32156-26-6,,3H-5HT,RAT,CLONED,,21.8,"NELSON DL, ET AL., 1999",http://www.ncbi.nlm.nih.gov/entrez/query.fcgi?cmd=Retrieve&db=PubMed&list_uids=9933142&dopt=Abstract,dob,DOB,21.8,False,7.661543506395395
5161,5-HT2B,HTR2B,719,DOI,CC(CC1=CC(=C(C=C1OC)I)OC)N,82830-44-2,,3H-5HT,RAT,CLONED,,26.6,"NELSON DL, ET AL., 1999",http://www.ncbi.nlm.nih.gov/entrez/query.fcgi?cmd=Retrieve&db=PubMed&list_uids=9933142&dopt=Abstract,doi,DOI,26.6,False,7.575118363368933
5220,5-HT7,HTR7,1091,LSD,CCN(CC)C(=O)C1CN(C2CC3=CNC4=CC=CC(=C34)C2=C1)C,50-37-3,,3H-5HT,RAT,CLONED,,9.5,"RUAT M, ET AL., 1993",http://www.ncbi.nlm.nih.gov/entrez/query.fcgi?cmd=Retrieve&db=PubMed&list_uids=8397408&dopt=Abstract,lsd,LSD,9.5,False,8.022276394711152
5470,5-HT2B,HTR2B,1920,TRYPTAMINE,C1=CC=C2C(=C1)C(=CN2)CCN,61-54-1,165212.0,3H-5HT,HUMAN,CLONED,,73.2,"WAINSCOTT DB, ET AL., 1996",http://www.ncbi.nlm.nih.gov/entrez/query.fcgi?cmd=Retrieve&db=PubMed&list_uids=8632342&dopt=Abstract,tryptamine,tryptamine,73.2,False,7.135488918941608
5479,5-HT2B,HTR2B,1189,MELATONIN,CC(=O)NCCC1=CNC2=C1C=C(C=C2)OC,73-31-4,56423.0,3H-5HT,HUMAN,CLONED,>,10000.0,"WAINSCOTT DB, ET AL., 1996",http://www.ncbi.nlm.nih.gov/entrez/query.fcgi?cmd=Retrieve&db=PubMed&list_uids=8632342&dopt=Abstract,melatonin,melatonin,10000.0,True,5.0
5506,5-HT2B,HTR2B,719,DOI,CC(CC1=CC(=C(C=C1OC)I)OC)N,82830-44-2,,3H-5HT,HUMAN,CLONED,,20.2,"WAINSCOTT DB, ET AL., 1996",http://www.ncbi.nlm.nih.gov/entrez/query.fcgi?cmd=Retrieve&db=PubMed&list_uids=8632342&dopt=Abstract,doi,DOI,20.2,False,7.694648630553377
5509,5-HT2B,HTR2B,1920,TRYPTAMINE,C1=CC=C2C(=C1)C(=CN2)CCN,61-54-1,165212.0,3H-5HT,RAT,CLONED,,113.0,"WAINSCOTT DB, ET AL., 1996",http://www.ncbi.nlm.nih.gov/entrez/query.fcgi?cmd=Retrieve&db=PubMed&list_uids=8632342&dopt=Abstract,tryptamine,tryptamine,113.0,False,6.94692155651658
5544,5-HT2B,HTR2B,719,DOI,CC(CC1=CC(=C(C=C1OC)I)OC)N,82830-44-2,,3H-5HT,RAT,CLONED,,26.6,"WAINSCOTT DB, ET AL., 1996",http://www.ncbi.nlm.nih.gov/entrez/query.fcgi?cmd=Retrieve&db=PubMed&list_uids=8632342&dopt=Abstract,doi,DOI,26.6,False,7.575118363368933
5548,5-HT2A,HTR2A,1189,MELATONIN,CC(=O)NCCC1=CNC2=C1C=C(C=C2)OC,73-31-4,56423.0,125I-DOI,HUMAN,CLONED,>,10000.0,"WAINSCOTT DB, ET AL., 1996",http://www.ncbi.nlm.nih.gov/entrez/query.fcgi?cmd=Retrieve&db=PubMed&list_uids=8632342&dopt=Abstract,melatonin,melatonin,10000.0,True,5.0
5560,5-HT2A,HTR2A,719,DOI,CC(CC1=CC(=C(C=C1OC)I)OC)N,82830-44-2,,125I-DOI,HUMAN,CLONED,,0.65,"WAINSCOTT DB, ET AL., 1996",http://www.ncbi.nlm.nih.gov/entrez/query.fcgi?cmd=Retrieve&db=PubMed&list_uids=8632342&dopt=Abstract,doi,DOI,0.65,False,9.187086643357144
5564,5-HT2C,HTR2C,1189,MELATONIN,CC(=O)NCCC1=CNC2=C1C=C(C=C2)OC,73-31-4,56423.0,125I-DOI,HUMAN,CLONED,>,10000.0,"WAINSCOTT DB, ET AL., 1996",http://www.ncbi.nlm.nih.gov/entrez/query.fcgi?cmd=Retrieve&db=PubMed&list_uids=8632342&dopt=Abstract,melatonin,melatonin,10000.0,True,5.0
5578,5-HT2C,HTR2C,719,DOI,CC(CC1=CC(=C(C=C1OC)I)OC)N,82830-44-2,,125I-DOI,HUMAN,CLONED,,2.36,"WAINSCOTT DB, ET AL., 1996",http://www.ncbi.nlm.nih.gov/entrez/query.fcgi?cmd=Retrieve&db=PubMed&list_uids=8632342&dopt=Abstract,doi,DOI,2.36,False,8.627087997029893
5585,5-HT2B,HTR2B,719,DOI,CC(CC1=CC(=C(C=C1OC)I)OC)N,82830-44-2,,3H-5HT,HUMAN,CLONED,,19.9,"KURSAR JD, ET AL., 1994",http://www.ncbi.nlm.nih.gov/entrez/query.fcgi?cmd=Retrieve&db=PubMed&list_uids=8078486&dopt=Abstract,doi,DOI,19.9,False,7.701146923590294
5596,5-HT2B,HTR2B,719,DOI,CC(CC1=CC(=C(C=C1OC)I)OC)N,82830-44-2,,3H-5HT,RAT,CLONED,,26.6,"KURSAR JD, ET AL., 1994",http://www.ncbi.nlm.nih.gov/entrez/query.fcgi?cmd=Retrieve&db=PubMed&list_uids=8078486&dopt=Abstract,doi,DOI,26.6,False,7.575118363368933
6277,5-HT7,HTR7,1920,TRYPTAMINE,C1=CC=C2C(=C1)C(=CN2)CCN,61-54-1,165212.0,3H-5CT,GUINEA PIG,CLONED,,19.05,"TO ZP, ET AL., 1995",http://www.ncbi.nlm.nih.gov/entrez/query.fcgi?cmd=Retrieve&db=PubMed&list_uids=7647964&dopt=Abstract,tryptamine,tryptamine,19.05,False,7.720105019988361
6314,5-HT7,HTR7,1920,TRYPTAMINE,C1=CC=C2C(=C1)C(=CN2)CCN,61-54-1,165212.0,3H-5CT,GUINEA PIG,CORTEX,,64.56,"TO ZP, ET AL., 1995",http://www.ncbi.nlm.nih.gov/entrez/query.fcgi?cmd=Retrieve&db=PubMed&list_uids=7647964&dopt=Abstract,tryptamine,tryptamine,64.56,False,7.190036478285986
6499,5-HT7,HTR7,1920,TRYPTAMINE,C1=CC=C2C(=C1)C(=CN2)CCN,61-54-1,165212.0,3H-5HT,HUMAN,CLONED,,149.0,"BARD JA, ET AL., 1993",http://www.ncbi.nlm.nih.gov/entrez/query.fcgi?cmd=Retrieve&db=PubMed&list_uids=8226867&dopt=Abstract,tryptamine,tryptamine,149.0,False,6.826813731587726
6522,5-HT6,HTR6,1920,TRYPTAMINE,C1=CC=C2C(=C1)C(=CN2)CCN,61-54-1,165212.0,125I-LSD,HUMAN,CLONED,,438.0,"BARD JA, ET AL., 1993",http://www.ncbi.nlm.nih.gov/entrez/query.fcgi?cmd=Retrieve&db=PubMed&list_uids=8226867&dopt=Abstract,tryptamine,tryptamine,438.0,False,6.3585258894959
6613,5-HT6,HTR6,719,DOI,CC(CC1=CC(=C(C=C1OC)I)OC)N,82830-44-2,,3H-5HT,MOUSE,CLONED,>,10000.0,"PLASSAT JL, ET AL., 1993",http://www.ncbi.nlm.nih.gov/entrez/query.fcgi?cmd=Retrieve&db=PubMed&list_uids=8394987&dopt=Abstract,doi,DOI,10000.0,True,5.0
6651,5-HT1E,HTR1E,1920,TRYPTAMINE,C1=CC=C2C(=C1)C(=CN2)CCN,61-54-1,165212.0,3H-5HT,HUMAN,CLONED,,2559.0,"ZGOMBICK JM, ET AL., 1992",http://www.ncbi.nlm.nih.gov/entrez/query.fcgi?cmd=Retrieve&db=PubMed&list_uids=1513320&dopt=Abstract,tryptamine,tryptamine,2559.0,False,5.591929714112815
6652,5-HT1E,HTR1E,719,DOI,CC(CC1=CC(=C(C=C1OC)I)OC)N,82830-44-2,,3H-5HT,HUMAN,CLONED,,2970.0,"ZGOMBICK JM, ET AL., 1992",http://www.ncbi.nlm.nih.gov/entrez/query.fcgi?cmd=Retrieve&db=PubMed&list_uids=1513320&dopt=Abstract,doi,DOI,2970.0,False,5.527243550682788
6766,5-HT1F,HTR1F,719,DOI,CC(CC1=CC(=C(C=C1OC)I)OC)N,82830-44-2,,3H-5HT,HUMAN,CLONED,,1739.0,"Adham N, et al., 1992",http://www.ncbi.nlm.nih.gov/entrez/query.fcgi?cmd=Retrieve&db=PubMed&list_uids=8380639&dopt=Abstract,doi,DOI,1739.0,False,5.759700417997287
6768,5-HT1F,HTR1F,1920,TRYPTAMINE,C1=CC=C2C(=C1)C(=CN2)CCN,61-54-1,165212.0,3H-5HT,HUMAN,CLONED,,2409.0,"Adham N, et al., 1992",http://www.ncbi.nlm.nih.gov/entrez/query.fcgi?cmd=Retrieve&db=PubMed&list_uids=8380639&dopt=Abstract,tryptamine,tryptamine,2409.0,False,5.618163200001657
6854,5-HT1E,HTR1E,706,DOB,CC(CC1=CC(=C(C=C1OC)Br)OC)N,32156-26-6,,3H-5HT,HUMAN,CORTEX,,556.0,"LEONHARDT S, ET AL., 1989",http://www.ncbi.nlm.nih.gov/entrez/query.fcgi?cmd=Retrieve&db=PubMed&list_uids=2664084&dopt=Abstract,dob,DOB,556.0,False,6.2549252084179425
6863,5-HT1D,HTR1D,706,DOB,CC(CC1=CC(=C(C=C1OC)Br)OC)N,32156-26-6,,3H-5HT,BOVINE,STRIATUM,,1000.0,"LEONHARDT S, ET AL., 1989",http://www.ncbi.nlm.nih.gov/entrez/query.fcgi?cmd=Retrieve&db=PubMed&list_uids=2664084&dopt=Abstract,dob,DOB,1000.0,False,6.0
11876,5-HT2C,HTR2C,1920,TRYPTAMINE,C1=CC=C2C(=C1)C(=CN2)CCN,61-54-1,165212.0,3H-MESULERGINE,PORCINE,Choroid Plexus,,79.43,"Millan MJ, et al., 2000",http://www.ncbi.nlm.nih.gov:80/entrez/query.fcgi?cmd=Retrieve&db=PubMed&list_uids=10611634&dopt=Abstract#http://www.ncbi.nlm.nih.gov:80/entrez/query.fcgi?cmd=Retrieve&db=PubMed&list_uids=10611634&dopt=Abstract#,tryptamine,tryptamine,79.43,False,7.100015437450609
15278,5-HT1A,HTR1A,1091,LSD,CCN(CC)C(=O)C1CN(C2CC3=CNC4=CC=CC(=C34)C2=C1)C,50-37-3,,3H-cAMP,HUMAN,CLONED,,1.09,"BOESS FG, ET AL., 1994",http://www.ncbi.nlm.nih.gov:80/entrez/query.fcgi?cmd=Retrieve&db=PubMed&list_uids=7984267&dopt=Abstract#http://www.ncbi.nlm.nih.gov:80/entrez/query.fcgi?cmd=Retrieve&db=PubMed&list_uids=7984267&dopt=Abstract#,lsd,LSD,1.09,False,8.962573502059376
15283,5-HT1A,HTR1A,1920,TRYPTAMINE,C1=CC=C2C(=C1)C(=CN2)CCN,61-54-1,165212.0,3H-cAMP,HUMAN,CLONED,,104.71,"BOESS FG, ET AL., 1994",http://www.ncbi.nlm.nih.gov:80/entrez/query.fcgi?cmd=Retrieve&db=PubMed&list_uids=7984267&dopt=Abstract#http://www.ncbi.nlm.nih.gov:80/entrez/query.fcgi?cmd=Retrieve&db=PubMed&list_uids=7984267&dopt=Abstract#,tryptamine,tryptamine,104.71,False,6.980011840408714
15328,5-HT1D,HTR1D,1920,TRYPTAMINE,C1=CC=C2C(=C1)C(=CN2)CCN,61-54-1,165212.0,3H-5HT,HUMAN,CLONED,,85.11,"BOESS FG, ET AL., 1994",http://www.ncbi.nlm.nih.gov:80/entrez/query.fcgi?cmd=Retrieve&db=PubMed&list_uids=7984267&dopt=Abstract#http://www.ncbi.nlm.nih.gov:80/entrez/query.fcgi?cmd=Retrieve&db=PubMed&list_uids=7984267&dopt=Abstract#,tryptamine,tryptamine,85.11,False,7.070019409484486
15334,5-HT1D,HTR1D,1091,LSD,CCN(CC)C(=O)C1CN(C2CC3=CNC4=CC=CC(=C34)C2=C1)C,50-37-3,,3H-LSD,Dog,CLONED,,12.58,"BOESS FG, ET AL., 1994",http://www.ncbi.nlm.nih.gov:80/entrez/query.fcgi?cmd=Retrieve&db=PubMed&list_uids=7984267&dopt=Abstract#http://www.ncbi.nlm.nih.gov:80/entrez/query.fcgi?cmd=Retrieve&db=PubMed&list_uids=7984267&dopt=Abstract#,lsd,LSD,12.58,False,7.90031935889075
15347,5-HT1D,HTR1D,1920,TRYPTAMINE,C1=CC=C2C(=C1)C(=CN2)CCN,61-54-1,165212.0,3H-5HT,Dog,CLONED,,346.73,"BOESS FG, ET AL., 1994",http://www.ncbi.nlm.nih.gov:80/entrez/query.fcgi?cmd=Retrieve&db=PubMed&list_uids=7984267&dopt=Abstract#http://www.ncbi.nlm.nih.gov:80/entrez/query.fcgi?cmd=Retrieve&db=PubMed&list_uids=7984267&dopt=Abstract#,tryptamine,tryptamine,346.73,False,6.460008580406493
15377,5-HT1B,HTR1B,1920,TRYPTAMINE,C1=CC=C2C(=C1)C(=CN2)CCN,61-54-1,165212.0,3H-5HT,HUMAN,CLONED,,524.8,"BOESS FG, ET AL., 1994",http://www.ncbi.nlm.nih.gov:80/entrez/query.fcgi?cmd=Retrieve&db=PubMed&list_uids=7984267&dopt=Abstract#http://www.ncbi.nlm.nih.gov:80/entrez/query.fcgi?cmd=Retrieve&db=PubMed&list_uids=7984267&dopt=Abstract#,tryptamine,tryptamine,524.8,False,6.280006173632396
15553,5-HT2A,HTR2A,719,DOI,CC(CC1=CC(=C(C=C1OC)I)OC)N,82830-44-2,,3H-KETANSERIN,RAT,CLONED,,57.54,"BOESS FG, ET AL., 1994",http://www.ncbi.nlm.nih.gov:80/entrez/query.fcgi?cmd=Retrieve&db=PubMed&list_uids=7984267&dopt=Abstract#http://www.ncbi.nlm.nih.gov:80/entrez/query.fcgi?cmd=Retrieve&db=PubMed&list_uids=7984267&dopt=Abstract#,doi,DOI,57.54,False,7.2400301424456925
15556,5-HT2A,HTR2A,1920,TRYPTAMINE,C1=CC=C2C(=C1)C(=CN2)CCN,61-54-1,165212.0,3H-KETANSERIN,RAT,CLONED,,3890.45,"BOESS FG, ET AL., 1994",http://www.ncbi.nlm.nih.gov:80/entrez/query.fcgi?cmd=Retrieve&db=PubMed&list_uids=7984267&dopt=Abstract#http://www.ncbi.nlm.nih.gov:80/entrez/query.fcgi?cmd=Retrieve&db=PubMed&list_uids=7984267&dopt=Abstract#,tryptamine,tryptamine,3890.45,False,5.410000161858408
15557,5-HT2A,HTR2A,1091,LSD,CCN(CC)C(=O)C1CN(C2CC3=CNC4=CC=CC(=C34)C2=C1)C,50-37-3,,3H-KETANSERIN,RAT,CLONED,,12.02,"BOESS FG, ET AL., 1994",http://www.ncbi.nlm.nih.gov:80/entrez/query.fcgi?cmd=Retrieve&db=PubMed&list_uids=7984267&dopt=Abstract#http://www.ncbi.nlm.nih.gov:80/entrez/query.fcgi?cmd=Retrieve&db=PubMed&list_uids=7984267&dopt=Abstract#,lsd,LSD,12.02,False,7.92009553233328
15558,5-HT2A,HTR2A,706,DOB,CC(CC1=CC(=C(C=C1OC)Br)OC)N,32156-26-6,,3H-KETANSERIN,RAT,CLONED,,85.11,"BOESS FG, ET AL., 1994",http://www.ncbi.nlm.nih.gov:80/entrez/query.fcgi?cmd=Retrieve&db=PubMed&list_uids=7984267&dopt=Abstract#http://www.ncbi.nlm.nih.gov:80/entrez/query.fcgi?cmd=Retrieve&db=PubMed&list_uids=7984267&dopt=Abstract#,dob,DOB,85.11,False,7.070019409484486
15562,5-HT2A,HTR2A,719,DOI,CC(CC1=CC(=C(C=C1OC)I)OC)N,82830-44-2,,3H-KETANSERIN,RAT,CLONED,,87.09,"BOESS FG, ET AL., 1994",http://www.ncbi.nlm.nih.gov:80/entrez/query.fcgi?cmd=Retrieve&db=PubMed&list_uids=7984267&dopt=Abstract#http://www.ncbi.nlm.nih.gov:80/entrez/query.fcgi?cmd=Retrieve&db=PubMed&list_uids=7984267&dopt=Abstract#,doi,DOI,87.09,False,7.060031709448664
15567,5-HT2A,HTR2A,719,DOI,CC(CC1=CC(=C(C=C1OC)I)OC)N,82830-44-2,,125I-DOI,RAT,CLONED,,2.51,"BOESS FG, ET AL., 1994",http://www.ncbi.nlm.nih.gov:80/entrez/query.fcgi?cmd=Retrieve&db=PubMed&list_uids=7984267&dopt=Abstract#http://www.ncbi.nlm.nih.gov:80/entrez/query.fcgi?cmd=Retrieve&db=PubMed&list_uids=7984267&dopt=Abstract#,doi,DOI,2.51,False,8.600326278518962
15570,5-HT2A,HTR2A,1920,TRYPTAMINE,C1=CC=C2C(=C1)C(=CN2)CCN,61-54-1,165212.0,125I-DOI,RAT,CLONED,,25.11,"BOESS FG, ET AL., 1994",http://www.ncbi.nlm.nih.gov:80/entrez/query.fcgi?cmd=Retrieve&db=PubMed&list_uids=7984267&dopt=Abstract#http://www.ncbi.nlm.nih.gov:80/entrez/query.fcgi?cmd=Retrieve&db=PubMed&list_uids=7984267&dopt=Abstract#,tryptamine,tryptamine,25.11,False,7.600153287287077
15571,5-HT2A,HTR2A,1091,LSD,CCN(CC)C(=O)C1CN(C2CC3=CNC4=CC=CC(=C34)C2=C1)C,50-37-3,,125I-DOI,RAT,CLONED,,7.07,"BOESS FG, ET AL., 1994",http://www.ncbi.nlm.nih.gov:80/entrez/query.fcgi?cmd=Retrieve&db=PubMed&list_uids=7984267&dopt=Abstract#http://www.ncbi.nlm.nih.gov:80/entrez/query.fcgi?cmd=Retrieve&db=PubMed&list_uids=7984267&dopt=Abstract#,lsd,LSD,7.07,False,8.1505805862031
15572,5-HT2A,HTR2A,706,DOB,CC(CC1=CC(=C(C=C1OC)Br)OC)N,32156-26-6,,125I-DOI,RAT,CLONED,,1.0,"BOESS FG, ET AL., 1994",http://www.ncbi.nlm.nih.gov:80/entrez/query.fcgi?cmd=Retrieve&db=PubMed&list_uids=7984267&dopt=Abstract#http://www.ncbi.nlm.nih.gov:80/entrez/query.fcgi?cmd=Retrieve&db=PubMed&list_uids=7984267&dopt=Abstract#,dob,DOB,1.0,False,9.0
15576,5-HT2A,HTR2A,719,DOI,CC(CC1=CC(=C(C=C1OC)I)OC)N,82830-44-2,,125I-DOI,RAT,CLONED,,0.79,"BOESS FG, ET AL., 1994",http://www.ncbi.nlm.nih.gov:80/entrez/query.fcgi?cmd=Retrieve&db=PubMed&list_uids=7984267&dopt=Abstract#http://www.ncbi.nlm.nih.gov:80/entrez/query.fcgi?cmd=Retrieve&db=PubMed&list_uids=7984267&dopt=Abstract#,doi,DOI,0.79,False,9.102372908709558
15579,5-HT2A,HTR2A,719,DOI,CC(CC1=CC(=C(C=C1OC)I)OC)N,82830-44-2,,3H-DOI,HUMAN,CLONED,,1.58,"BOESS FG, ET AL., 1994",http://www.ncbi.nlm.nih.gov:80/entrez/query.fcgi?cmd=Retrieve&db=PubMed&list_uids=7984267&dopt=Abstract#http://www.ncbi.nlm.nih.gov:80/entrez/query.fcgi?cmd=Retrieve&db=PubMed&list_uids=7984267&dopt=Abstract#,doi,DOI,1.58,False,8.801342913045577
15581,5-HT2A,HTR2A,1920,TRYPTAMINE,C1=CC=C2C(=C1)C(=CN2)CCN,61-54-1,165212.0,3H-DOI,HUMAN,CLONED,,89.12,"BOESS FG, ET AL., 1994",http://www.ncbi.nlm.nih.gov:80/entrez/query.fcgi?cmd=Retrieve&db=PubMed&list_uids=7984267&dopt=Abstract#http://www.ncbi.nlm.nih.gov:80/entrez/query.fcgi?cmd=Retrieve&db=PubMed&list_uids=7984267&dopt=Abstract#,tryptamine,tryptamine,89.12,False,7.0500248221703465
15587,5-HT2A,HTR2A,719,DOI,CC(CC1=CC(=C(C=C1OC)I)OC)N,82830-44-2,,3H-KETANSERIN,HUMAN,CLONED,,38.01,"BOESS FG, ET AL., 1994",http://www.ncbi.nlm.nih.gov:80/entrez/query.fcgi?cmd=Retrieve&db=PubMed&list_uids=7984267&dopt=Abstract#http://www.ncbi.nlm.nih.gov:80/entrez/query.fcgi?cmd=Retrieve&db=PubMed&list_uids=7984267&dopt=Abstract#,doi,DOI,38.01,False,7.420102130396896
15590,5-HT2A,HTR2A,1920,TRYPTAMINE,C1=CC=C2C(=C1)C(=CN2)CCN,61-54-1,165212.0,3H-KETANSERIN,HUMAN,CLONED,,3162.27,"BOESS FG, ET AL., 1994",http://www.ncbi.nlm.nih.gov:80/entrez/query.fcgi?cmd=Retrieve&db=PubMed&list_uids=7984267&dopt=Abstract#http://www.ncbi.nlm.nih.gov:80/entrez/query.fcgi?cmd=Retrieve&db=PubMed&list_uids=7984267&dopt=Abstract#,tryptamine,tryptamine,3162.27,False,5.500001052017958
15593,5-HT2B,HTR2B,1920,TRYPTAMINE,C1=CC=C2C(=C1)C(=CN2)CCN,61-54-1,165212.0,3H-5HT,RAT,CLONED,,199.52,"BOESS FG, ET AL., 1994",http://www.ncbi.nlm.nih.gov:80/entrez/query.fcgi?cmd=Retrieve&db=PubMed&list_uids=7984267&dopt=Abstract#http://www.ncbi.nlm.nih.gov:80/entrez/query.fcgi?cmd=Retrieve&db=PubMed&list_uids=7984267&dopt=Abstract#,tryptamine,tryptamine,199.52,False,6.700013563865532
15607,5-HT2B,HTR2B,1920,TRYPTAMINE,C1=CC=C2C(=C1)C(=CN2)CCN,61-54-1,165212.0,3H-5HT,RAT,CLONED,,112.2,"BOESS FG, ET AL., 1994",http://www.ncbi.nlm.nih.gov:80/entrez/query.fcgi?cmd=Retrieve&db=PubMed&list_uids=7984267&dopt=Abstract#http://www.ncbi.nlm.nih.gov:80/entrez/query.fcgi?cmd=Retrieve&db=PubMed&list_uids=7984267&dopt=Abstract#,tryptamine,tryptamine,112.2,False,6.950007143079858
15629,5-HT2B,HTR2B,719,DOI,CC(CC1=CC(=C(C=C1OC)I)OC)N,82830-44-2,,3H-5HT,RAT,CLONED,,27.54,"BOESS FG, ET AL., 1994",http://www.ncbi.nlm.nih.gov:80/entrez/query.fcgi?cmd=Retrieve&db=PubMed&list_uids=7984267&dopt=Abstract#http://www.ncbi.nlm.nih.gov:80/entrez/query.fcgi?cmd=Retrieve&db=PubMed&list_uids=7984267&dopt=Abstract#,doi,DOI,27.54,False,7.560036064079095
15635,5-HT2B,HTR2B,1920,TRYPTAMINE,C1=CC=C2C(=C1)C(=CN2)CCN,61-54-1,165212.0,125I-DOI,MOUSE,CLONED,,199.52,"BOESS FG, ET AL., 1994",http://www.ncbi.nlm.nih.gov:80/entrez/query.fcgi?cmd=Retrieve&db=PubMed&list_uids=7984267&dopt=Abstract#http://www.ncbi.nlm.nih.gov:80/entrez/query.fcgi?cmd=Retrieve&db=PubMed&list_uids=7984267&dopt=Abstract#,tryptamine,tryptamine,199.52,False,6.700013563865532
15644,5-HT2C,HTR2C,706,DOB,CC(CC1=CC(=C(C=C1OC)Br)OC)N,32156-26-6,,125I-DOI,RAT,CLONED,,3.01,"BOESS FG, ET AL., 1994",http://www.ncbi.nlm.nih.gov:80/entrez/query.fcgi?cmd=Retrieve&db=PubMed&list_uids=7984267&dopt=Abstract#http://www.ncbi.nlm.nih.gov:80/entrez/query.fcgi?cmd=Retrieve&db=PubMed&list_uids=7984267&dopt=Abstract#,dob,DOB,3.01,False,8.521433504406156
15645,5-HT2C,HTR2C,722,DOM,CC1=CC(=C(C=C1OC)CC(C)N)OC,15588-95-1,,125I-DOI,RAT,CLONED,,41.68,"BOESS FG, ET AL., 1994",http://www.ncbi.nlm.nih.gov:80/entrez/query.fcgi?cmd=Retrieve&db=PubMed&list_uids=7984267&dopt=Abstract#http://www.ncbi.nlm.nih.gov:80/entrez/query.fcgi?cmd=Retrieve&db=PubMed&list_uids=7984267&dopt=Abstract#,dom,DOM,41.68,False,7.380072289708532
15646,5-HT2C,HTR2C,719,DOI,CC(CC1=CC(=C(C=C1OC)I)OC)N,82830-44-2,,125I-DOI,RAT,CLONED,,3.01,"BOESS FG, ET AL., 1994",http://www.ncbi.nlm.nih.gov:80/entrez/query.fcgi?cmd=Retrieve&db=PubMed&list_uids=7984267&dopt=Abstract#http://www.ncbi.nlm.nih.gov:80/entrez/query.fcgi?cmd=Retrieve&db=PubMed&list_uids=7984267&dopt=Abstract#,doi,DOI,3.01,False,8.521433504406156
15653,5-HT2C,HTR2C,706,DOB,CC(CC1=CC(=C(C=C1OC)Br)OC)N,32156-26-6,,3H-MESULERGINE,RAT,CLONED,,60.25,"BOESS FG, ET AL., 1994",http://www.ncbi.nlm.nih.gov:80/entrez/query.fcgi?cmd=Retrieve&db=PubMed&list_uids=7984267&dopt=Abstract#http://www.ncbi.nlm.nih.gov:80/entrez/query.fcgi?cmd=Retrieve&db=PubMed&list_uids=7984267&dopt=Abstract#,dob,DOB,60.25,False,7.220042948753094
15654,5-HT2C,HTR2C,719,DOI,CC(CC1=CC(=C(C=C1OC)I)OC)N,82830-44-2,,3H-MESULERGINE,RAT,CLONED,,44.66,"BOESS FG, ET AL., 1994",http://www.ncbi.nlm.nih.gov:80/entrez/query.fcgi?cmd=Retrieve&db=PubMed&list_uids=7984267&dopt=Abstract#http://www.ncbi.nlm.nih.gov:80/entrez/query.fcgi?cmd=Retrieve&db=PubMed&list_uids=7984267&dopt=Abstract#,doi,DOI,44.66,False,7.350081281264581
15655,5-HT2C,HTR2C,722,DOM,CC1=CC(=C(C=C1OC)CC(C)N)OC,15588-95-1,,3H-MESULERGINE,RAT,CLONED,,371.53,"BOESS FG, ET AL., 1994",http://www.ncbi.nlm.nih.gov:80/entrez/query.fcgi?cmd=Retrieve&db=PubMed&list_uids=7984267&dopt=Abstract#http://www.ncbi.nlm.nih.gov:80/entrez/query.fcgi?cmd=Retrieve&db=PubMed&list_uids=7984267&dopt=Abstract#,dom,DOM,371.53,False,6.430006112432553
15817,5-HT7,HTR7,1920,TRYPTAMINE,C1=CC=C2C(=C1)C(=CN2)CCN,61-54-1,165212.0,125I-LSD,RAT,CLONED,,33.11,"BOESS FG, ET AL., 1994",http://www.ncbi.nlm.nih.gov:80/entrez/query.fcgi?cmd=Retrieve&db=PubMed&list_uids=7984267&dopt=Abstract#http://www.ncbi.nlm.nih.gov:80/entrez/query.fcgi?cmd=Retrieve&db=PubMed&list_uids=7984267&dopt=Abstract#,tryptamine,tryptamine,33.11,False,7.4800408192479315
15836,5-HT7,HTR7,1920,TRYPTAMINE,C1=CC=C2C(=C1)C(=CN2)CCN,61-54-1,165212.0,3H-5HT,RAT,CLONED,,16.21,"BOESS FG, ET AL., 1994",http://www.ncbi.nlm.nih.gov:80/entrez/query.fcgi?cmd=Retrieve&db=PubMed&list_uids=7984267&dopt=Abstract#http://www.ncbi.nlm.nih.gov:80/entrez/query.fcgi?cmd=Retrieve&db=PubMed&list_uids=7984267&dopt=Abstract#,tryptamine,tryptamine,16.21,False,7.790216985151485
15844,5-HT7,HTR7,1091,LSD,CCN(CC)C(=O)C1CN(C2CC3=CNC4=CC=CC(=C34)C2=C1)C,50-37-3,,3H-5HT,RAT,CLONED,,199.52,"BOESS FG, ET AL., 1994",http://www.ncbi.nlm.nih.gov:80/entrez/query.fcgi?cmd=Retrieve&db=PubMed&list_uids=7984267&dopt=Abstract#http://www.ncbi.nlm.nih.gov:80/entrez/query.fcgi?cmd=Retrieve&db=PubMed&list_uids=7984267&dopt=Abstract#,lsd,LSD,199.52,False,6.700013563865532
15872,5-HT7,HTR7,1920,TRYPTAMINE,C1=CC=C2C(=C1)C(=CN2)CCN,61-54-1,165212.0,3H-5HT,HUMAN,CLONED,,147.91,"BOESS FG, ET AL., 1994",http://www.ncbi.nlm.nih.gov:80/entrez/query.fcgi?cmd=Retrieve&db=PubMed&list_uids=7984267&dopt=Abstract#http://www.ncbi.nlm.nih.gov:80/entrez/query.fcgi?cmd=Retrieve&db=PubMed&list_uids=7984267&dopt=Abstract#,tryptamine,tryptamine,147.91,False,6.83000246293343
15883,5-HT7,HTR7,1091,LSD,CCN(CC)C(=O)C1CN(C2CC3=CNC4=CC=CC(=C34)C2=C1)C,50-37-3,,UNDEFINED,RAT,CLONED,,9.54,"BOESS FG, ET AL., 1994",http://www.ncbi.nlm.nih.gov:80/entrez/query.fcgi?cmd=Retrieve&db=PubMed&list_uids=7984267&dopt=Abstract#http://www.ncbi.nlm.nih.gov:80/entrez/query.fcgi?cmd=Retrieve&db=PubMed&list_uids=7984267&dopt=Abstract#,lsd,LSD,9.54,False,8.020451625295905
15914,5-HT1F,HTR1F,719,DOI,CC(CC1=CC(=C(C=C1OC)I)OC)N,82830-44-2,,3H-KETANSERIN,HUMAN,CLONED,,2511.88,"BOESS FG, ET AL., 1994",http://www.ncbi.nlm.nih.gov:80/entrez/query.fcgi?cmd=Retrieve&db=PubMed&list_uids=7984267&dopt=Abstract#http://www.ncbi.nlm.nih.gov:80/entrez/query.fcgi?cmd=Retrieve&db=PubMed&list_uids=7984267&dopt=Abstract#,doi,DOI,2511.88,False,5.600001111982079
16353,5-HT1A,HTR1A,722,DOM,CC1=CC(=C(C=C1OC)CC(C)N)OC,15588-95-1,,3H-8-OH-DPAT,HUMAN,CLONED,,7267.0,"Pauwels PJ, Van Gompel P, and Leysen JE, 1993",http://www.ncbi.nlm.nih.gov:80/entrez/query.fcgi?cmd=Retrieve&db=PubMed&list_uids=8382063&dopt=Abstract#http://www.ncbi.nlm.nih.gov:80/entrez/query.fcgi?cmd=Retrieve&db=PubMed&list_uids=8382063&dopt=Abstract#,dom,DOM,7267.0,False,5.13864483980674
20706,5-HT1A,HTR1A,1920,TRYPTAMINE,C1=CC=C2C(=C1)C(=CN2)CCN,61-54-1,165212.0,3H-PAT,RAT,STRIATUM,>,10000.0,"Gozlan H et al., 1983",http://www.ncbi.nlm.nih.gov/entrez/query.fcgi?cmd=Retrieve&db=PubMed&list_uids=6225026&dopt=Abstract,tryptamine,tryptamine,10000.0,True,5.0
20744,5-HT1A,HTR1A,1920,TRYPTAMINE,C1=CC=C2C(=C1)C(=CN2)CCN,61-54-1,165212.0,3H-PAT,RAT,HIPPOCAMPUS,,3715.3522909717,"Gozlan H et al., 1983",http://www.ncbi.nlm.nih.gov/entrez/query.fcgi?cmd=Retrieve&db=PubMed&list_uids=6225026&dopt=Abstract,tryptamine,tryptamine,3715.3522909717,False,5.430000000000003
21835,5-HT7,HTR7,1091,LSD,CCN(CC)C(=O)C1CN(C2CC3=CNC4=CC=CC(=C34)C2=C1)C,50-37-3,,3H-LSD,RAT,CLONED,,6.6,"Nichols DE, et al., 2002",http://www.ncbi.nlm.nih.gov/entrez/query.fcgi?cmd=Retrieve&db=PubMed&list_uids=12213075&dopt=Abstract,lsd,LSD,6.6,False,8.18045606445813
21861,5-HT6,HTR6,1091,LSD,CCN(CC)C(=O)C1CN(C2CC3=CNC4=CC=CC(=C34)C2=C1)C,50-37-3,,3H-LSD,RAT,CLONED,,6.9,"Nichols DE, et al., 2002",http://www.ncbi.nlm.nih.gov/entrez/query.fcgi?cmd=Retrieve&db=PubMed&list_uids=12213075&dopt=Abstract,lsd,LSD,6.9,False,8.161150909262744
21867,5-HT1B,HTR1B,1091,LSD,CCN(CC)C(=O)C1CN(C2CC3=CNC4=CC=CC(=C34)C2=C1)C,50-37-3,,3H-GR-125743,RAT,CLONED,,3.9,"Nichols DE, et al., 2002",http://www.ncbi.nlm.nih.gov/entrez/query.fcgi?cmd=Retrieve&db=PubMed&list_uids=12213075&dopt=Abstract,lsd,LSD,3.9,False,8.4089353929735
21880,5-HT1E,HTR1E,1091,LSD,CCN(CC)C(=O)C1CN(C2CC3=CNC4=CC=CC(=C34)C2=C1)C,50-37-3,,3H-5HT,RAT,CLONED,,93.0,"Nichols DE, et al., 2002",http://www.ncbi.nlm.nih.gov/entrez/query.fcgi?cmd=Retrieve&db=PubMed&list_uids=12213075&dopt=Abstract,lsd,LSD,93.0,False,7.031517051446065
21884,5-HT2B,HTR2B,1091,LSD,CCN(CC)C(=O)C1CN(C2CC3=CNC4=CC=CC(=C34)C2=C1)C,50-37-3,,3H-LSD,RAT,CLONED,,30.0,"Nichols DE, et al., 2002",http://www.ncbi.nlm.nih.gov/entrez/query.fcgi?cmd=Retrieve&db=PubMed&list_uids=12213075&dopt=Abstract,lsd,LSD,30.0,False,7.522878745280337
21889,5-HT1A,HTR1A,1091,LSD,CCN(CC)C(=O)C1CN(C2CC3=CNC4=CC=CC(=C34)C2=C1)C,50-37-3,,3H-8-OH-DPAT,HUMAN,CLONED,,1.1,"Nichols DE, et al., 2002",http://www.ncbi.nlm.nih.gov/entrez/query.fcgi?cmd=Retrieve&db=PubMed&list_uids=12213075&dopt=Abstract,lsd,LSD,1.1,False,8.958607314841775
21892,5-HT2C,HTR2C,1091,LSD,CCN(CC)C(=O)C1CN(C2CC3=CNC4=CC=CC(=C34)C2=C1)C,50-37-3,,125I-DOI,RAT,CLONED,,5.5,"Nichols DE, et al., 2002",http://www.ncbi.nlm.nih.gov/entrez/query.fcgi?cmd=Retrieve&db=PubMed&list_uids=12213075&dopt=Abstract,lsd,LSD,5.5,False,8.259637310505756
21894,5-HT2A,HTR2A,1091,LSD,CCN(CC)C(=O)C1CN(C2CC3=CNC4=CC=CC(=C34)C2=C1)C,50-37-3,,125I-DOI,RAT,CLONED,,3.5,"Nichols DE, et al., 2002",http://www.ncbi.nlm.nih.gov/entrez/query.fcgi?cmd=Retrieve&db=PubMed&list_uids=12213075&dopt=Abstract,lsd,LSD,3.5,False,8.455931955649724
24270,5-HT2B,HTR2B,1184,MDMA,CC(CC1=CC2=C(C=C1)OCO2)NC,1615,,3H-LSD,HUMAN,CLONED,,500.0,"Setola V, et al., 2003",http://molpharm.aspetjournals.org/cgi/content/full/63/6/1223,mdma,MDMA,500.0,False,6.301029995663981
24447,5-HT2C,HTR2C,1189,MELATONIN,CC(=O)NCCC1=CNC2=C1C=C(C=C2)OC,73-31-4,56423.0,3H-MESULERGINE,HUMAN,CLONED,>,10000.0,"Millan MJ, et al., 2003",http://www.ncbi.nlm.nih.gov/entrez/query.fcgi?cmd=Retrieve&db=PubMed&list_uids=12750432&dopt=Abstract,melatonin,melatonin,10000.0,True,5.0
24449,5-HT2B,HTR2B,1189,MELATONIN,CC(=O)NCCC1=CNC2=C1C=C(C=C2)OC,73-31-4,56423.0,3H-MESULERGINE,HUMAN,CLONED,,5754.3994,"Millan MJ, et al., 2003",http://www.ncbi.nlm.nih.gov/entrez/query.fcgi?cmd=Retrieve&db=PubMed&list_uids=12750432&dopt=Abstract,melatonin,melatonin,5754.3994,False,5.2399999979903065
24451,5-HT2A,HTR2A,1189,MELATONIN,CC(=O)NCCC1=CNC2=C1C=C(C=C2)OC,73-31-4,56423.0,3H-KETANSERIN,HUMAN,CLONED,>,10000.0,"Millan MJ, et al., 2003",http://www.ncbi.nlm.nih.gov/entrez/query.fcgi?cmd=Retrieve&db=PubMed&list_uids=12750432&dopt=Abstract,melatonin,melatonin,10000.0,True,5.0
24452,5-HT2A,HTR2A,1189,MELATONIN,CC(=O)NCCC1=CNC2=C1C=C(C=C2)OC,73-31-4,56423.0,3H-KETANSERIN,RAT,FR. CORTEX,>,10000.0,"Millan MJ, et al., 2003",http://www.ncbi.nlm.nih.gov/entrez/query.fcgi?cmd=Retrieve&db=PubMed&list_uids=12750432&dopt=Abstract,melatonin,melatonin,10000.0,True,5.0
24455,5-HT2C,HTR2C,1189,MELATONIN,CC(=O)NCCC1=CNC2=C1C=C(C=C2)OC,73-31-4,56423.0,3H-MESULERGINE,PORCINE,Choroid Plexus,>,10000.0,"Millan MJ, et al., 2003",http://www.ncbi.nlm.nih.gov/entrez/query.fcgi?cmd=Retrieve&db=PubMed&list_uids=12750432&dopt=Abstract,melatonin,melatonin,10000.0,True,5.0
26933,5-HT6,HTR6,1091,LSD,CCN(CC)C(=O)C1CN(C2CC3=CNC4=CC=CC(=C34)C2=C1)C,50-37-3,,3H-LSD,HUMAN,CLONED,,2.2908676527678,"Hirst WD, et.al.,2003",http://www.ncbi.nlm.nih.gov/entrez/query.fcgi?cmd=Retrieve&db=PubMed&list_uids=14645659&dopt=Abstract,lsd,LSD,2.2908676527678,False,8.639999999999995
26934,5-HT6,HTR6,1091,LSD,CCN(CC)C(=O)C1CN(C2CC3=CNC4=CC=CC(=C34)C2=C1)C,50-37-3,,3H-LSD,RAT,CLONED,,2.6302679918954,"Hirst WD, et.al.,2003",http://www.ncbi.nlm.nih.gov/entrez/query.fcgi?cmd=Retrieve&db=PubMed&list_uids=14645659&dopt=Abstract,lsd,LSD,2.6302679918954,False,8.579999999999997
26935,5-HT6,HTR6,1091,LSD,CCN(CC)C(=O)C1CN(C2CC3=CNC4=CC=CC(=C34)C2=C1)C,50-37-3,,3H-LSD,MOUSE,CLONED,,2.8183829312644,"Hirst WD, et.al.,2003",http://www.ncbi.nlm.nih.gov/entrez/query.fcgi?cmd=Retrieve&db=PubMed&list_uids=14645659&dopt=Abstract,lsd,LSD,2.8183829312644,False,8.550000000000008
27190,5-HT2C,HTR2C,1189,MELATONIN,CC(=O)NCCC1=CNC2=C1C=C(C=C2)OC,73-31-4,56423.0,3H-MESULERGINE,HUMAN,CLONED,>,10000.0,"Millan MJ, et al., 2003a",http://www.ncbi.nlm.nih.gov/entrez/query.fcgi?cmd=Retrieve&db=PubMed&list_uids=12750432&dopt=Abstract,melatonin,melatonin,10000.0,True,5.0
27192,5-HT2B,HTR2B,1189,MELATONIN,CC(=O)NCCC1=CNC2=C1C=C(C=C2)OC,73-31-4,56423.0,3H-MESULERGINE,HUMAN,CLONED,,5754.3993733716,"Millan MJ, et al., 2003a",http://www.ncbi.nlm.nih.gov/entrez/query.fcgi?cmd=Retrieve&db=PubMed&list_uids=12750432&dopt=Abstract,melatonin,melatonin,5754.3993733716,False,5.2399999999999975
27194,5-HT2A,HTR2A,1189,MELATONIN,CC(=O)NCCC1=CNC2=C1C=C(C=C2)OC,73-31-4,56423.0,3H-KETANSERIN,HUMAN,CLONED,>,10000.0,"Millan MJ, et al., 2003a",http://www.ncbi.nlm.nih.gov/entrez/query.fcgi?cmd=Retrieve&db=PubMed&list_uids=12750432&dopt=Abstract,melatonin,melatonin,10000.0,True,5.0
27196,5-HT2A,HTR2A,1189,MELATONIN,CC(=O)NCCC1=CNC2=C1C=C(C=C2)OC,73-31-4,56423.0,3H-KETANSERIN,RAT,FR. CORTEX,>,10000.0,"Millan MJ, et al., 2003a",http://www.ncbi.nlm.nih.gov/entrez/query.fcgi?cmd=Retrieve&db=PubMed&list_uids=12750432&dopt=Abstract,melatonin,melatonin,10000.0,True,5.0
27197,5-HT2C,HTR2C,1189,MELATONIN,CC(=O)NCCC1=CNC2=C1C=C(C=C2)OC,73-31-4,56423.0,3H-MESULERGINE,PORCINE,Choroid Plexus,>,10000.0,"Millan MJ, et al., 2003a",http://www.ncbi.nlm.nih.gov/entrez/query.fcgi?cmd=Retrieve&db=PubMed&list_uids=12750432&dopt=Abstract,melatonin,melatonin,10000.0,True,5.0
27649,5-HT2B,HTR2B,1184,MDMA,CC(CC1=CC2=C(C=C1)OCO2)NC,1615,,3H-LSD,HUMAN,CLONED,,700.0,PDSP Certified Data,http://pdsp.med.unc.edu/pdsp.php,mdma,MDMA,700.0,False,6.154901959985743
27656,5-HT7,HTR7,1184,MDMA,CC(CC1=CC2=C(C=C1)OCO2)NC,1615,,3H-LSD,HUMAN,CLONED,>,10000.0,PDSP Certified Data,http://pdsp.med.unc.edu/pdsp.php,mdma,MDMA,10000.0,True,5.0
27657,5-HT6,HTR6,1184,MDMA,CC(CC1=CC2=C(C=C1)OCO2)NC,1615,,3H-LSD,HUMAN,CLONED,>,10000.0,PDSP Certified Data,http://pdsp.med.unc.edu/pdsp.php,mdma,MDMA,10000.0,True,5.0
27659,5-HT3,HTR3A,1184,MDMA,CC(CC1=CC2=C(C=C1)OCO2)NC,1615,,3H-ZACOPRIDE,HUMAN,CLONED,>,10000.0,PDSP Certified Data,http://pdsp.med.unc.edu/pdsp.php,mdma,MDMA,10000.0,True,5.0
27661,5-HT2A,HTR2A,1184,MDMA,CC(CC1=CC2=C(C=C1)OCO2)NC,1615,,3H-KETANSERIN,RAT,CLONED,>,10000.0,PDSP Certified Data,http://pdsp.med.unc.edu/pdsp.php,mdma,MDMA,10000.0,True,5.0
27663,5-HT1E,HTR1E,1184,MDMA,CC(CC1=CC2=C(C=C1)OCO2)NC,1615,,3H-5HT,HUMAN,CLONED,>,10000.0,PDSP Certified Data,http://pdsp.med.unc.edu/pdsp.php,mdma,MDMA,10000.0,True,5.0
27664,5-HT1D,HTR1D,1184,MDMA,CC(CC1=CC2=C(C=C1)OCO2)NC,1615,,3H-GR-125743,HUMAN,CLONED,>,10000.0,PDSP Certified Data,http://pdsp.med.unc.edu/pdsp.php,mdma,MDMA,10000.0,True,5.0
27665,5-HT1B,HTR1B,1184,MDMA,CC(CC1=CC2=C(C=C1)OCO2)NC,1615,,3H-GR-125743,HUMAN,CLONED,>,10000.0,PDSP Certified Data,http://pdsp.med.unc.edu/pdsp.php,mdma,MDMA,10000.0,True,5.0
27666,5-HT1A,HTR1A,1184,MDMA,CC(CC1=CC2=C(C=C1)OCO2)NC,1615,,3H-8-OH-DPAT,HUMAN,CLONED,>,10000.0,PDSP Certified Data,http://pdsp.med.unc.edu/pdsp.php,mdma,MDMA,10000.0,True,5.0
27762,5-HT2B,HTR2B,1184,MDMA,CC(CC1=CC2=C(C=C1)OCO2)NC,1615,,Functional,HUMAN,CLONED,,2000.0,"Setola V, et al., 2003",http://molpharm.aspetjournals.org/cgi/content/full/63/6/1223,mdma,MDMA,2000.0,False,5.698970004336019
27900,5-HT2A,HTR2A,1091,LSD,CCN(CC)C(=O)C1CN(C2CC3=CNC4=CC=CC(=C34)C2=C1)C,50-37-3,,3H-KETANSERIN,HUMAN,CLONED,,5.2,"Egan C, et.al., 2000",http://www.ncbi.nlm.nih.gov/entrez/query.fcgi?cmd=Retrieve&db=PubMed&list_uids=10611640&dopt=Abstract,lsd,LSD,5.2,False,8.2839966563652
27901,5-HT2A,HTR2A,1091,LSD,CCN(CC)C(=O)C1CN(C2CC3=CNC4=CC=CC(=C34)C2=C1)C,50-37-3,,3H-DOB,HUMAN,CLONED,,2.7,"Egan C, et.al., 2000",http://www.ncbi.nlm.nih.gov/entrez/query.fcgi?cmd=Retrieve&db=PubMed&list_uids=10611640&dopt=Abstract,lsd,LSD,2.7,False,8.568636235841012
27910,5-HT2A,HTR2A,722,DOM,CC1=CC(=C(C=C1OC)CC(C)N)OC,15588-95-1,,3H-KETANSERIN,HUMAN,CLONED,,306.0,"Egan C, et.al., 2000",http://www.ncbi.nlm.nih.gov/entrez/query.fcgi?cmd=Retrieve&db=PubMed&list_uids=10611640&dopt=Abstract,dom,DOM,306.0,False,6.514278573518419
27911,5-HT2A,HTR2A,722,DOM,CC1=CC(=C(C=C1OC)CC(C)N)OC,15588-95-1,,3H-DOB,HUMAN,CLONED,,21.0,"Egan C, et.al., 2000",http://www.ncbi.nlm.nih.gov/entrez/query.fcgi?cmd=Retrieve&db=PubMed&list_uids=10611640&dopt=Abstract,dom,DOM,21.0,False,7.6777807052660805
27914,5-HT2A,HTR2A,719,DOI,CC(CC1=CC(=C(C=C1OC)I)OC)N,82830-44-2,,3H-KETANSERIN,HUMAN,CLONED,,52.0,"Egan C, et.al., 2000",http://www.ncbi.nlm.nih.gov/entrez/query.fcgi?cmd=Retrieve&db=PubMed&list_uids=10611640&dopt=Abstract,doi,DOI,52.0,False,7.2839966563652006
27915,5-HT2A,HTR2A,719,DOI,CC(CC1=CC(=C(C=C1OC)I)OC)N,82830-44-2,,3H-DOB,HUMAN,CLONED,,3.1,"Egan C, et.al., 2000",http://www.ncbi.nlm.nih.gov/entrez/query.fcgi?cmd=Retrieve&db=PubMed&list_uids=10611640&dopt=Abstract,doi,DOI,3.1,False,8.508638306165727
27918,5-HT2A,HTR2A,706,DOB,CC(CC1=CC(=C(C=C1OC)Br)OC)N,32156-26-6,,3H-KETANSERIN,HUMAN,CLONED,,81.0,"Egan C, et.al., 2000",http://www.ncbi.nlm.nih.gov/entrez/query.fcgi?cmd=Retrieve&db=PubMed&list_uids=10611640&dopt=Abstract,dob,DOB,81.0,False,7.0915149811213505
27919,5-HT2A,HTR2A,706,DOB,CC(CC1=CC(=C(C=C1OC)Br)OC)N,32156-26-6,,3H-DOB,HUMAN,CLONED,,3.3,"Egan C, et.al., 2000",http://www.ncbi.nlm.nih.gov/entrez/query.fcgi?cmd=Retrieve&db=PubMed&list_uids=10611640&dopt=Abstract,dob,DOB,3.3,False,8.481486060122112
27926,5-HT2C,HTR2C,1091,LSD,CCN(CC)C(=O)C1CN(C2CC3=CNC4=CC=CC(=C34)C2=C1)C,50-37-3,,3H-MESULERGINE,RAT,CLONED,,7.0,"Egan C, et.al., 2000",http://www.ncbi.nlm.nih.gov/entrez/query.fcgi?cmd=Retrieve&db=PubMed&list_uids=10611640&dopt=Abstract,lsd,LSD,7.0,False,8.154901959985743
27927,5-HT2C,HTR2C,1091,LSD,CCN(CC)C(=O)C1CN(C2CC3=CNC4=CC=CC(=C34)C2=C1)C,50-37-3,,3H-5HT,RAT,CLONED,,2.8,"Egan C, et.al., 2000",http://www.ncbi.nlm.nih.gov/entrez/query.fcgi?cmd=Retrieve&db=PubMed&list_uids=10611640&dopt=Abstract,lsd,LSD,2.8,False,8.55284196865778
27930,5-HT2C,HTR2C,719,DOI,CC(CC1=CC(=C(C=C1OC)I)OC)N,82830-44-2,,3H-MESULERGINE,RAT,CLONED,,60.0,"Egan C, et.al., 2000",http://www.ncbi.nlm.nih.gov/entrez/query.fcgi?cmd=Retrieve&db=PubMed&list_uids=10611640&dopt=Abstract,doi,DOI,60.0,False,7.221848749616356
27931,5-HT2C,HTR2C,719,DOI,CC(CC1=CC(=C(C=C1OC)I)OC)N,82830-44-2,,3H-5HT,RAT,CLONED,,9.3,"Egan C, et.al., 2000",http://www.ncbi.nlm.nih.gov/entrez/query.fcgi?cmd=Retrieve&db=PubMed&list_uids=10611640&dopt=Abstract,doi,DOI,9.3,False,8.031517051446064
27936,5-HT2C,HTR2C,1920,TRYPTAMINE,C1=CC=C2C(=C1)C(=CN2)CCN,61-54-1,165212.0,3H-MESULERGINE,RAT,CLONED,,772.0,"Egan C, et.al., 2000",http://www.ncbi.nlm.nih.gov/entrez/query.fcgi?cmd=Retrieve&db=PubMed&list_uids=10611640&dopt=Abstract,tryptamine,tryptamine,772.0,False,6.1123826996642645
27937,5-HT2C,HTR2C,1920,TRYPTAMINE,C1=CC=C2C(=C1)C(=CN2)CCN,61-54-1,165212.0,3H-5HT,RAT,CLONED,,62.0,"Egan C, et.al., 2000",http://www.ncbi.nlm.nih.gov/entrez/query.fcgi?cmd=Retrieve&db=PubMed&list_uids=10611640&dopt=Abstract,tryptamine,tryptamine,62.0,False,7.207608310501746
27940,5-HT2C,HTR2C,706,DOB,CC(CC1=CC(=C(C=C1OC)Br)OC)N,32156-26-6,,3H-MESULERGINE,RAT,CLONED,,152.0,"Egan C, et.al., 2000",http://www.ncbi.nlm.nih.gov/entrez/query.fcgi?cmd=Retrieve&db=PubMed&list_uids=10611640&dopt=Abstract,dob,DOB,152.0,False,6.818156412055227
27941,5-HT2C,HTR2C,706,DOB,CC(CC1=CC(=C(C=C1OC)Br)OC)N,32156-26-6,,3H-5HT,RAT,CLONED,,10.0,"Egan C, et.al., 2000",http://www.ncbi.nlm.nih.gov/entrez/query.fcgi?cmd=Retrieve&db=PubMed&list_uids=10611640&dopt=Abstract,dob,DOB,10.0,False,8.0
31057,5-HT4,HTR4,1920,TRYPTAMINE,C1=CC=C2C(=C1)C(=CN2)CCN,61-54-1,165212.0,3H-5HT,MOUSE,Colliculus Neurons,>,10000.0,"BARD JA, ET AL., 1993",http://www.ncbi.nlm.nih.gov/entrez/query.fcgi?cmd=Retrieve&db=PubMed&list_uids=8226867&dopt=Abstract,tryptamine,tryptamine,10000.0,True,5.0
31360,5-HT7,HTR7,1091,LSD,CCN(CC)C(=O)C1CN(C2CC3=CNC4=CC=CC(=C34)C2=C1)C,50-37-3,,3H-MESULERGINE,RAT,BRAIN,,7.9432823472428,"Hemedah M, et al., 1999",http://www.ncbi.nlm.nih.gov/entrez/query.fcgi?cmd=Retrieve&db=pubmed&dopt=Abstract&list_uids=10051134,lsd,LSD,7.9432823472428,False,8.100000000000001
31371,5-HT7,HTR7,1091,LSD,CCN(CC)C(=O)C1CN(C2CC3=CNC4=CC=CC(=C34)C2=C1)C,50-37-3,,3H-MESULERGINE,GUINEA PIG,ILEUM,,0.3981071705535,"Hemedah M, et al., 1999",http://www.ncbi.nlm.nih.gov/entrez/query.fcgi?cmd=Retrieve&db=pubmed&dopt=Abstract&list_uids=10051134,lsd,LSD,0.3981071705535,False,9.399999999999997
32541,5-HT2C,HTR2C,1091,LSD,CCN(CC)C(=O)C1CN(C2CC3=CNC4=CC=CC(=C34)C2=C1)C,50-37-3,,3H-MESULERGINE,PIG,CORTEX,,7.9432823472428,"PAZOS ET AL, 1984",,lsd,LSD,7.9432823472428,False,8.100000000000001
32555,5-HT2C,HTR2C,1091,LSD,CCN(CC)C(=O)C1CN(C2CC3=CNC4=CC=CC(=C34)C2=C1)C,50-37-3,,3H-MESULERGINE,PIG,Choroid Plexus,,7.9432823472428,"PAZOS ET AL, 1984",,lsd,LSD,7.9432823472428,False,8.100000000000001
32569,5-HT2C,HTR2C,1091,LSD,CCN(CC)C(=O)C1CN(C2CC3=CNC4=CC=CC(=C34)C2=C1)C,50-37-3,,3H-5HT,PIG,CORTEX,,6.3095734448019,"PAZOS ET AL, 1984",,lsd,LSD,6.3095734448019,False,8.200000000000003
32583,5-HT2C,HTR2C,1091,LSD,CCN(CC)C(=O)C1CN(C2CC3=CNC4=CC=CC(=C34)C2=C1)C,50-37-3,,3H-5HT,PIG,Choroid Plexus,,5.0118723362727,"PAZOS ET AL, 1984",,lsd,LSD,5.0118723362727,False,8.300000000000002
35047,5-HT7,HTR7,1189,MELATONIN,CC(=O)NCCC1=CNC2=C1C=C(C=C2)OC,73-31-4,56423.0,3H-LSD,RAT,CLONED,,1000.0,"SHEN Y, ET AL., 1993",http://www.ncbi.nlm.nih.gov/entrez/query.fcgi?cmd=Retrieve&db=PubMed&list_uids=8394362&dopt=Abstract,melatonin,melatonin,1000.0,False,6.0
35048,5-HT7,HTR7,1189,MELATONIN,CC(=O)NCCC1=CNC2=C1C=C(C=C2)OC,73-31-4,56423.0,3H-5HT,RAT,CLONED,,1000.0,"SHEN Y, ET AL., 1993",http://www.ncbi.nlm.nih.gov/entrez/query.fcgi?cmd=Retrieve&db=PubMed&list_uids=8394362&dopt=Abstract,melatonin,melatonin,1000.0,False,6.0
39578,5-HT2A,HTR2A,1920,TRYPTAMINE,C1=CC=C2C(=C1)C(=CN2)CCN,61-54-1,165212.0,Functional,HUMAN,CLONED,,257.03957827689,"Porter RH, et.al., 1999",http://www.ncbi.nlm.nih.gov/entrez/query.fcgi?cmd=Retrieve&db=pubmed&dopt=Abstract&list_uids=10498829&query_hl=2,tryptamine,tryptamine,257.03957827689,False,6.5899999999999945
39588,5-HT2A,HTR2A,719,DOI,CC(CC1=CC(=C(C=C1OC)I)OC)N,82830-44-2,,Functional,HUMAN,CLONED,,0.89125093813374,"Porter RH, et.al., 1999",http://www.ncbi.nlm.nih.gov/entrez/query.fcgi?cmd=Retrieve&db=pubmed&dopt=Abstract&list_uids=10498829&query_hl=2,doi,DOI,0.89125093813374,False,9.050000000000002
39589,5-HT2A,HTR2A,706,DOB,CC(CC1=CC(=C(C=C1OC)Br)OC)N,32156-26-6,,Functional,HUMAN,CLONED,,1.5135612484362,"Porter RH, et.al., 1999",http://www.ncbi.nlm.nih.gov/entrez/query.fcgi?cmd=Retrieve&db=pubmed&dopt=Abstract&list_uids=10498829&query_hl=2,dob,DOB,1.5135612484362,False,8.820000000000002
39590,5-HT2A,HTR2A,1091,LSD,CCN(CC)C(=O)C1CN(C2CC3=CNC4=CC=CC(=C34)C2=C1)C,50-37-3,,Functional,HUMAN,CLONED,,21.379620895022,"Porter RH, et.al., 1999",http://www.ncbi.nlm.nih.gov/entrez/query.fcgi?cmd=Retrieve&db=pubmed&dopt=Abstract&list_uids=10498829&query_hl=2,lsd,LSD,21.379620895022,False,7.670000000000007
39599,5-HT2B,HTR2B,1920,TRYPTAMINE,C1=CC=C2C(=C1)C(=CN2)CCN,61-54-1,165212.0,Functional,HUMAN,CLONED,,29.512092266664,"Porter RH, et.al., 1999",http://www.ncbi.nlm.nih.gov/entrez/query.fcgi?cmd=Retrieve&db=pubmed&dopt=Abstract&list_uids=10498829&query_hl=2,tryptamine,tryptamine,29.512092266664,False,7.529999999999998
39610,5-HT2B,HTR2B,719,DOI,CC(CC1=CC(=C(C=C1OC)I)OC)N,82830-44-2,,Functional,HUMAN,CLONED,,1.4125375446228,"Porter RH, et.al., 1999",http://www.ncbi.nlm.nih.gov/entrez/query.fcgi?cmd=Retrieve&db=pubmed&dopt=Abstract&list_uids=10498829&query_hl=2,doi,DOI,1.4125375446228,False,8.849999999999985
39611,5-HT2B,HTR2B,706,DOB,CC(CC1=CC(=C(C=C1OC)Br)OC)N,32156-26-6,,Functional,HUMAN,CLONED,,2.8840315031266,"Porter RH, et.al., 1999",http://www.ncbi.nlm.nih.gov/entrez/query.fcgi?cmd=Retrieve&db=pubmed&dopt=Abstract&list_uids=10498829&query_hl=2,dob,DOB,2.8840315031266,False,8.540000000000001
39612,5-HT2B,HTR2B,1091,LSD,CCN(CC)C(=O)C1CN(C2CC3=CNC4=CC=CC(=C34)C2=C1)C,50-37-3,,Functional,HUMAN,CLONED,,8.9125093813374,"Porter RH, et.al., 1999",http://www.ncbi.nlm.nih.gov/entrez/query.fcgi?cmd=Retrieve&db=pubmed&dopt=Abstract&list_uids=10498829&query_hl=2,lsd,LSD,8.9125093813374,False,8.050000000000002
39619,5-HT2C,HTR2C,1920,TRYPTAMINE,C1=CC=C2C(=C1)C(=CN2)CCN,61-54-1,165212.0,Functional,HUMAN,CLONED,,45.708818961488,"Porter RH, et.al., 1999",http://www.ncbi.nlm.nih.gov/entrez/query.fcgi?cmd=Retrieve&db=pubmed&dopt=Abstract&list_uids=10498829&query_hl=2,tryptamine,tryptamine,45.708818961488,False,7.339999999999995
39630,5-HT2C,HTR2C,719,DOI,CC(CC1=CC(=C(C=C1OC)I)OC)N,82830-44-2,,Functional,HUMAN,CLONED,,7.9432823472428,"Porter RH, et.al., 1999",http://www.ncbi.nlm.nih.gov/entrez/query.fcgi?cmd=Retrieve&db=pubmed&dopt=Abstract&list_uids=10498829&query_hl=2,doi,DOI,7.9432823472428,False,8.100000000000001
39631,5-HT2C,HTR2C,706,DOB,CC(CC1=CC(=C(C=C1OC)Br)OC)N,32156-26-6,,Functional,HUMAN,CLONED,,7.7624711662869,"Porter RH, et.al., 1999",http://www.ncbi.nlm.nih.gov/entrez/query.fcgi?cmd=Retrieve&db=pubmed&dopt=Abstract&list_uids=10498829&query_hl=2,dob,DOB,7.7624711662869,False,8.110000000000001
39632,5-HT2C,HTR2C,1091,LSD,CCN(CC)C(=O)C1CN(C2CC3=CNC4=CC=CC(=C34)C2=C1)C,50-37-3,,Functional,HUMAN,CLONED,,45.708818961488,"Porter RH, et.al., 1999",http://www.ncbi.nlm.nih.gov/entrez/query.fcgi?cmd=Retrieve&db=pubmed&dopt=Abstract&list_uids=10498829&query_hl=2,lsd,LSD,45.708818961488,False,7.339999999999995
39655,5-HT2A,HTR2A,1091,LSD,CCN(CC)C(=O)C1CN(C2CC3=CNC4=CC=CC(=C34)C2=C1)C,50-37-3,,125I-DOI,HUMAN,CLONED,,0.75857757502919,"Knight AR, et al., 2004",http://www.ncbi.nlm.nih.gov/entrez/query.fcgi?cmd=Retrieve&db=pubmed&dopt=Abstract&list_uids=15322733&query_hl=1,lsd,LSD,0.75857757502919,False,9.119999999999996
39656,5-HT2A,HTR2A,706,DOB,CC(CC1=CC(=C(C=C1OC)Br)OC)N,32156-26-6,,125I-DOI,HUMAN,CLONED,,1.1748975549395,"Knight AR, et al., 2004",http://www.ncbi.nlm.nih.gov/entrez/query.fcgi?cmd=Retrieve&db=pubmed&dopt=Abstract&list_uids=15322733&query_hl=1,dob,DOB,1.1748975549395,False,8.93000000000001
39671,5-HT2A,HTR2A,1920,TRYPTAMINE,C1=CC=C2C(=C1)C(=CN2)CCN,61-54-1,165212.0,125I-DOI,HUMAN,CLONED,,218.77616239496,"Knight AR, et al., 2004",http://www.ncbi.nlm.nih.gov/entrez/query.fcgi?cmd=Retrieve&db=pubmed&dopt=Abstract&list_uids=15322733&query_hl=1,tryptamine,tryptamine,218.77616239496,False,6.65999999999999
39679,5-HT2B,HTR2B,1091,LSD,CCN(CC)C(=O)C1CN(C2CC3=CNC4=CC=CC(=C34)C2=C1)C,50-37-3,,3H-5HT,HUMAN,CLONED,,0.97723722095581,"Knight AR, et al., 2004",http://www.ncbi.nlm.nih.gov/entrez/query.fcgi?cmd=Retrieve&db=pubmed&dopt=Abstract&list_uids=15322733&query_hl=1,lsd,LSD,0.97723722095581,False,9.01
39680,5-HT2B,HTR2B,706,DOB,CC(CC1=CC(=C(C=C1OC)Br)OC)N,32156-26-6,,3H-5HT,HUMAN,CLONED,,43.651583224017,"Knight AR, et al., 2004",http://www.ncbi.nlm.nih.gov/entrez/query.fcgi?cmd=Retrieve&db=pubmed&dopt=Abstract&list_uids=15322733&query_hl=1,dob,DOB,43.651583224017,False,7.359999999999996
39695,5-HT2B,HTR2B,1920,TRYPTAMINE,C1=CC=C2C(=C1)C(=CN2)CCN,61-54-1,165212.0,3H-5HT,HUMAN,CLONED,,102.32929922808,"Knight AR, et al., 2004",http://www.ncbi.nlm.nih.gov/entrez/query.fcgi?cmd=Retrieve&db=pubmed&dopt=Abstract&list_uids=15322733&query_hl=1,tryptamine,tryptamine,102.32929922808,False,6.989999999999981
39703,5-HT2C,HTR2C,1091,LSD,CCN(CC)C(=O)C1CN(C2CC3=CNC4=CC=CC(=C34)C2=C1)C,50-37-3,,3H-5HT,HUMAN,CLONED,,1.0964781961432,"Knight AR, et al., 2004",http://www.ncbi.nlm.nih.gov/entrez/query.fcgi?cmd=Retrieve&db=pubmed&dopt=Abstract&list_uids=15322733&query_hl=1,lsd,LSD,1.0964781961432,False,8.959999999999994
39704,5-HT2C,HTR2C,706,DOB,CC(CC1=CC(=C(C=C1OC)Br)OC)N,32156-26-6,,3H-5HT,HUMAN,CLONED,,6.3095734448019,"Knight AR, et al., 2004",http://www.ncbi.nlm.nih.gov/entrez/query.fcgi?cmd=Retrieve&db=pubmed&dopt=Abstract&list_uids=15322733&query_hl=1,dob,DOB,6.3095734448019,False,8.200000000000003
39719,5-HT2C,HTR2C,1920,TRYPTAMINE,C1=CC=C2C(=C1)C(=CN2)CCN,61-54-1,165212.0,3H-5HT,HUMAN,CLONED,,2344.2288153199,"Knight AR, et al., 2004",http://www.ncbi.nlm.nih.gov/entrez/query.fcgi?cmd=Retrieve&db=pubmed&dopt=Abstract&list_uids=15322733&query_hl=1,tryptamine,tryptamine,2344.2288153199,False,5.630000000000004
39807,5-HT2C,HTR2C,719,DOI,CC(CC1=CC(=C(C=C1OC)I)OC)N,82830-44-2,,3H-MESULERGINE,HUMAN,CLONED,,18.620871366629,"Cussac D, et al., 2002",http://www.ncbi.nlm.nih.gov/entrez/query.fcgi?cmd=Retrieve&db=pubmed&dopt=Abstract&list_uids=11882920&query_hl=1,doi,DOI,18.620871366629,False,7.729999999999992
39816,5-HT2B,HTR2B,719,DOI,CC(CC1=CC(=C(C=C1OC)I)OC)N,82830-44-2,,3H-MESULERGINE,HUMAN,CLONED,,7.0794578438414,"Cussac D, et al., 2002",http://www.ncbi.nlm.nih.gov/entrez/query.fcgi?cmd=Retrieve&db=pubmed&dopt=Abstract&list_uids=11882920&query_hl=1,doi,DOI,7.0794578438414,False,8.149999999999999
49779,5-HT1A,HTR1A,1547,PSILOCYBIN,CN(C)CCC1=CNC2=C1C(=CC=C2)OP(=O)(O)O,520-52-5,,3H-8-OH-DPAT,HUMAN,CLONED,>,10000.0,PDSP Certified Data,http://pdsp.med.unc.edu/pdsp.php,psilocybin,psilocybin,10000.0,True,5.0
49780,5-HT1B,HTR1B,1547,PSILOCYBIN,CN(C)CCC1=CNC2=C1C(=CC=C2)OP(=O)(O)O,520-52-5,,3H-GR-125743,HUMAN,CLONED,>,10000.0,PDSP Certified Data,http://pdsp.med.unc.edu/pdsp.php,psilocybin,psilocybin,10000.0,True,5.0
49781,5-HT1D,HTR1D,1547,PSILOCYBIN,CN(C)CCC1=CNC2=C1C(=CC=C2)OP(=O)(O)O,520-52-5,,3H-GR-125743,HUMAN,CLONED,,2119.0,PDSP Certified Data,http://pdsp.med.unc.edu/pdsp.php,psilocybin,psilocybin,2119.0,False,5.673869043289205
49782,5-HT1E,HTR1E,1547,PSILOCYBIN,CN(C)CCC1=CNC2=C1C(=CC=C2)OP(=O)(O)O,520-52-5,,3H-5HT,HUMAN,CLONED,,194.8,PDSP Certified Data,http://pdsp.med.unc.edu/pdsp.php,psilocybin,psilocybin,194.8,False,6.710411047457404
49783,5-HT2A,HTR2A,1547,PSILOCYBIN,CN(C)CCC1=CNC2=C1C(=CC=C2)OP(=O)(O)O,520-52-5,,3H-KETANSERIN,HUMAN,CLONED,>,10000.0,PDSP Certified Data,http://pdsp.med.unc.edu/pdsp.php,psilocybin,psilocybin,10000.0,True,5.0
49784,5-HT2C,HTR2C,1547,PSILOCYBIN,CN(C)CCC1=CNC2=C1C(=CC=C2)OP(=O)(O)O,520-52-5,,3H-MESULERGINE,RAT,CLONED,>,10000.0,PDSP Certified Data,http://pdsp.med.unc.edu/pdsp.php,psilocybin,psilocybin,10000.0,True,5.0
49785,5-HT3,HTR3A,1547,PSILOCYBIN,CN(C)CCC1=CNC2=C1C(=CC=C2)OP(=O)(O)O,520-52-5,,3H-LY 278584,HUMAN,CLONED,>,10000.0,PDSP Certified Data,http://pdsp.med.unc.edu/pdsp.php,psilocybin,psilocybin,10000.0,True,5.0
49787,5-HT6,HTR6,1547,PSILOCYBIN,CN(C)CCC1=CNC2=C1C(=CC=C2)OP(=O)(O)O,520-52-5,,3H-LSD,HUMAN,CLONED,,413.5,PDSP Certified Data,http://pdsp.med.unc.edu/pdsp.php,psilocybin,psilocybin,413.5,False,6.383524486111435
49788,5-HT7,HTR7,1547,PSILOCYBIN,CN(C)CCC1=CNC2=C1C(=CC=C2)OP(=O)(O)O,520-52-5,,3H-LSD,HUMAN,CLONED,,597.9,PDSP Certified Data,http://pdsp.med.unc.edu/pdsp.php,psilocybin,psilocybin,597.9,False,6.223371446579851
49789,5-HT2B,HTR2B,1547,PSILOCYBIN,CN(C)CCC1=CNC2=C1C(=CC=C2)OP(=O)(O)O,520-52-5,,3H-LSD,HUMAN,CLONED,,98.7,PDSP Certified Data,http://pdsp.med.unc.edu/pdsp.php,psilocybin,psilocybin,98.7,False,7.005682847330363
50468,5-HT2A,HTR2A,1920,TRYPTAMINE,C1=CC=C2C(=C1)C(=CN2)CCN,61-54-1,165212.0,125I-DOI,RAT,CORTEX,,11.0,"MCKENNA & PEROUTKA, 1989",http://www.ncbi.nlm.nih.gov/pubmed/2795135?itool=EntrezSystem2.PEntrez.Pubmed.Pubmed_ResultsPanel.Pubmed_RVDocSum&ordinalpos=33,tryptamine,tryptamine,11.0,False,7.958607314841775
50476,5-HT2A,HTR2A,1547,PSILOCYBIN,CN(C)CCC1=CNC2=C1C(=CC=C2)OP(=O)(O)O,520-52-5,,125I-DOI,RAT,CORTEX,,13.0,"MCKENNA & PEROUTKA, 1989",http://www.ncbi.nlm.nih.gov/pubmed/2795135?itool=EntrezSystem2.PEntrez.Pubmed.Pubmed_ResultsPanel.Pubmed_RVDocSum&ordinalpos=33,psilocybin,psilocybin,13.0,False,7.886056647693163
50481,5-HT2A,HTR2A,1091,LSD,CCN(CC)C(=O)C1CN(C2CC3=CNC4=CC=CC(=C34)C2=C1)C,50-37-3,,125I-DOI,RAT,CORTEX,,3.5,"MCKENNA & PEROUTKA, 1989",http://www.ncbi.nlm.nih.gov/pubmed/2795135?itool=EntrezSystem2.PEntrez.Pubmed.Pubmed_ResultsPanel.Pubmed_RVDocSum&ordinalpos=33,lsd,LSD,3.5,False,8.455931955649724
50490,5-HT2A,HTR2A,692,DMT,CN(C)CCC1=CNC2=CC=CC=C21,61-50-7,63795.0,125I-DOI,RAT,CORTEX,,42.0,"MCKENNA & PEROUTKA, 1989",http://www.ncbi.nlm.nih.gov/pubmed/2795135?itool=EntrezSystem2.PEntrez.Pubmed.Pubmed_ResultsPanel.Pubmed_RVDocSum&ordinalpos=33,dmt,DMT,42.0,False,7.376750709602099
50633,5-HT7,HTR7,1184,MDMA,CC(CC1=CC2=C(C=C1)OCO2)NC,1615,,3H-LSD,HUMAN,CLONED,>,10000.0,"Setola V, et al., 2003",http://molpharm.aspetjournals.org/cgi/content/full/63/6/1223,mdma,MDMA,10000.0,True,5.0
50634,5-HT6,HTR6,1184,MDMA,CC(CC1=CC2=C(C=C1)OCO2)NC,1615,,3H-LSD,HUMAN,CLONED,>,10000.0,"Setola V, et al., 2003",http://molpharm.aspetjournals.org/cgi/content/full/63/6/1223,mdma,MDMA,10000.0,True,5.0
50636,5-HT3,HTR3A,1184,MDMA,CC(CC1=CC2=C(C=C1)OCO2)NC,1615,,3H-ZACOPRIDE,HUMAN,CLONED,>,10000.0,"Setola V, et al., 2003",http://molpharm.aspetjournals.org/cgi/content/full/63/6/1223,mdma,MDMA,10000.0,True,5.0
50638,5-HT2A,HTR2A,1184,MDMA,CC(CC1=CC2=C(C=C1)OCO2)NC,1615,,3H-KETANSERIN,RAT,CLONED,>,10000.0,"Setola V, et al., 2003",http://molpharm.aspetjournals.org/cgi/content/full/63/6/1223,mdma,MDMA,10000.0,True,5.0
50640,5-HT1E,HTR1E,1184,MDMA,CC(CC1=CC2=C(C=C1)OCO2)NC,1615,,3H-5HT,HUMAN,CLONED,>,10000.0,"Setola V, et al., 2003",http://molpharm.aspetjournals.org/cgi/content/full/63/6/1223,mdma,MDMA,10000.0,True,5.0
50641,5-HT1D,HTR1D,1184,MDMA,CC(CC1=CC2=C(C=C1)OCO2)NC,1615,,3H-GR-125743,HUMAN,CLONED,>,10000.0,"Setola V, et al., 2003",http://molpharm.aspetjournals.org/cgi/content/full/63/6/1223,mdma,MDMA,10000.0,True,5.0
50642,5-HT1B,HTR1B,1184,MDMA,CC(CC1=CC2=C(C=C1)OCO2)NC,1615,,3H-GR-125743,HUMAN,CLONED,>,10000.0,"Setola V, et al., 2003",http://molpharm.aspetjournals.org/cgi/content/full/63/6/1223,mdma,MDMA,10000.0,True,5.0
50643,5-HT1A,HTR1A,1184,MDMA,CC(CC1=CC2=C(C=C1)OCO2)NC,1615,,3H-8-OH-DPAT,HUMAN,CLONED,>,10000.0,"Setola V, et al., 2003",http://molpharm.aspetjournals.org/cgi/content/full/63/6/1223,mdma,MDMA,10000.0,True,5.0
50651,5-HT2C,HTR2C,1184,MDMA,CC(CC1=CC2=C(C=C1)OCO2)NC,1615,,3H-MESULERGINE,RAT,CLONED,>,10000.0,"Setola V, et al., 2003",http://molpharm.aspetjournals.org/cgi/content/full/63/6/1223,mdma,MDMA,10000.0,True,5.0
54962,5-HT2A,HTR2A,719,DOI,CC(CC1=CC(=C(C=C1OC)I)OC)N,82830-44-2,,UNDEFINED,UNDEFINED,UNDEFINED,,0.920000016689301,"Runyon SP et al., 2008",https://www.ncbi.nlm.nih.gov/pubmed/18847250,doi,DOI,0.920000016689301,False,9.036212164776106
54974,5-HT2A,HTR2A,706,DOB,CC(CC1=CC(=C(C=C1OC)Br)OC)N,32156-26-6,,UNDEFINED,UNDEFINED,UNDEFINED,,41.0,"Runyon SP et al., 2008",https://www.ncbi.nlm.nih.gov/pubmed/18847250,dob,DOB,41.0,False,7.3872161432802645
54983,5-HT2A,HTR2A,706,DOB,CC(CC1=CC(=C(C=C1OC)Br)OC)N,32156-26-6,,UNDEFINED,UNDEFINED,UNDEFINED,,0.28999999165535,"Runyon SP et al., 2008",https://www.ncbi.nlm.nih.gov/pubmed/18847250,dob,DOB,0.28999999165535,False,9.537602014597718
54984,5-HT2A,HTR2A,706,DOB,CC(CC1=CC(=C(C=C1OC)Br)OC)N,32156-26-6,,UNDEFINED,UNDEFINED,UNDEFINED,,1.89999997615814,"Runyon SP et al., 2008",https://www.ncbi.nlm.nih.gov/pubmed/18847250,dob,DOB,1.89999997615814,False,8.72124640449685
58163,5-HT2B,HTR2B,1091,LSD,CCN(CC)C(=O)C1CN(C2CC3=CNC4=CC=CC(=C34)C2=C1)C,50-37-3,,3H-LSD,HUMAN,CLONED,,3.7153522909717,"Wacker D, et al., 2013",http://www.ncbi.nlm.nih.gov/pubmed/23519215,lsd,LSD,3.7153522909717,False,8.430000000000003
78869,5-HT1A,HTR1A,692,DMT,CN(C)CCC1=CNC2=CC=CC=C21,61-50-7,63795.0,3H-WAY100635,HUMAN,CLONED,>,10000.0,Ray TS 2010 ,https://www.ncbi.nlm.nih.gov/pubmed/20126400,dmt,DMT,10000.0,True,5.0
78889,5-HT1A,HTR1A,1091,LSD,CCN(CC)C(=O)C1CN(C2CC3=CNC4=CC=CC(=C34)C2=C1)C,50-37-3,,3H-WAY100635,HUMAN,CLONED,,7.3,Ray TS 2010 ,https://www.ncbi.nlm.nih.gov/pubmed/20126400,lsd,LSD,7.3,False,8.136677139879545
78895,5-HT1A,HTR1A,948,IBOGAINE,CCC1CC2CC3C1N(C2)CCC4=C3NC5=C4C=C(C=C5)OC,83-74-9,249764.0,3H-WAY100635,HUMAN,CLONED,>,10000.0,Ray TS 2010 ,https://www.ncbi.nlm.nih.gov/pubmed/20126400,ibogaine,ibogaine,10000.0,True,5.0
78902,5-HT1B,HTR1B,692,DMT,CN(C)CCC1=CNC2=CC=CC=C21,61-50-7,63795.0,3H-5-CT,HUMAN,CLONED,>,10000.0,Ray TS 2010 ,https://www.ncbi.nlm.nih.gov/pubmed/20126400,dmt,DMT,10000.0,True,5.0
78926,5-HT1B,HTR1B,948,IBOGAINE,CCC1CC2CC3C1N(C2)CCC4=C3NC5=C4C=C(C=C5)OC,83-74-9,249764.0,3H-5-CT,HUMAN,CLONED,>,10000.0,Ray TS 2010 ,https://www.ncbi.nlm.nih.gov/pubmed/20126400,ibogaine,ibogaine,10000.0,True,5.0
78933,5-HT1D,HTR1D,692,DMT,CN(C)CCC1=CNC2=CC=CC=C21,61-50-7,63795.0,3H-5-CT,HUMAN,CLONED,,93.0,Ray TS 2010 ,https://www.ncbi.nlm.nih.gov/pubmed/20126400,dmt,DMT,93.0,False,7.031517051446065
78959,5-HT1D,HTR1D,948,IBOGAINE,CCC1CC2CC3C1N(C2)CCC4=C3NC5=C4C=C(C=C5)OC,83-74-9,249764.0,3H-5-CT,HUMAN,CLONED,>,10000.0,Ray TS 2010 ,https://www.ncbi.nlm.nih.gov/pubmed/20126400,ibogaine,ibogaine,10000.0,True,5.0
78966,5-HT1E,HTR1E,692,DMT,CN(C)CCC1=CNC2=CC=CC=C21,61-50-7,63795.0,3H-5-HT,HUMAN,CLONED,,455.7,Ray TS 2010 ,https://www.ncbi.nlm.nih.gov/pubmed/20126400,dmt,DMT,455.7,False,6.341320971417551
78998,5-HT2A,HTR2A,692,DMT,CN(C)CCC1=CNC2=CC=CC=C21,61-50-7,63795.0,3H-KETANSERIN,HUMAN,CLONED,,2323.0,Ray TS 2010 ,https://www.ncbi.nlm.nih.gov/pubmed/20126400,dmt,DMT,2323.0,False,5.633950790199765
79024,5-HT2A,HTR2A,948,IBOGAINE,CCC1CC2CC3C1N(C2)CCC4=C3NC5=C4C=C(C=C5)OC,83-74-9,249764.0,3H-KETANSERIN,HUMAN,CLONED,>,10000.0,Ray TS 2010 ,https://www.ncbi.nlm.nih.gov/pubmed/20126400,ibogaine,ibogaine,10000.0,True,5.0
79031,5-HT2B,HTR2B,692,DMT,CN(C)CCC1=CNC2=CC=CC=C21,61-50-7,63795.0,3H-LSD,HUMAN,CLONED,,107.6,Ray TS 2010 ,https://www.ncbi.nlm.nih.gov/pubmed/20126400,dmt,DMT,107.6,False,6.96818772866963
79062,5-HT2C,HTR2C,692,DMT,CN(C)CCC1=CNC2=CC=CC=C21,61-50-7,63795.0,3H-MESULERGINE,HUMAN,CLONED,,334.6,Ray TS 2010 ,https://www.ncbi.nlm.nih.gov/pubmed/20126400,dmt,DMT,334.6,False,6.475474063373625
79087,5-HT2C,HTR2C,948,IBOGAINE,CCC1CC2CC3C1N(C2)CCC4=C3NC5=C4C=C(C=C5)OC,83-74-9,249764.0,3H-MESULERGINE,HUMAN,CLONED,>,10000.0,Ray TS 2010 ,https://www.ncbi.nlm.nih.gov/pubmed/20126400,ibogaine,ibogaine,10000.0,True,5.0
79124,5-HT6,HTR6,692,DMT,CN(C)CCC1=CNC2=CC=CC=C21,61-50-7,63795.0,3H-LSD,HUMAN,CLONED,,487.4,Ray TS 2010 ,https://www.ncbi.nlm.nih.gov/pubmed/20126400,dmt,DMT,487.4,False,6.3121144751512945
79155,5-HT7,HTR7,692,DMT,CN(C)CCC1=CNC2=CC=CC=C21,61-50-7,63795.0,3H-LSD,HUMAN,CLONED,,87.5,Ray TS 2010 ,https://www.ncbi.nlm.nih.gov/pubmed/20126400,dmt,DMT,87.5,False,7.057991946977687
80048,5-HT3,HTR3A,692,DMT,CN(C)CCC1=CNC2=CC=CC=C21,61-50-7,63795.0,3H-GR-65630,HUMAN,CLONED,>,10000.0,Ray TS 2010 ,https://www.ncbi.nlm.nih.gov/pubmed/20126400,dmt,DMT,10000.0,True,5.0
80072,5-HT3,HTR3A,948,IBOGAINE,CCC1CC2CC3C1N(C2)CCC4=C3NC5=C4C=C(C=C5)OC,83-74-9,249764.0,3H-GR-65630,HUMAN,CLONED,>,10000.0,Ray TS 2010 ,https://www.ncbi.nlm.nih.gov/pubmed/20126400,ibogaine,ibogaine,10000.0,True,5.0
83200,5-HT1A,HTR1A,1091,LSD,CCN(CC)C(=O)C1CN(C2CC3=CNC4=CC=CC(=C34)C2=C1)C,50-37-3,,3H-8-OH-DPAT,HUMAN,CLONED,,2.78,Janowsky A et al 2014,https://pubmed.ncbi.nlm.nih.gov/24488404/,lsd,LSD,2.78,False,8.555955204081924
83201,5-HT2A,HTR2A,1091,LSD,CCN(CC)C(=O)C1CN(C2CC3=CNC4=CC=CC(=C34)C2=C1)C,50-37-3,,125I-DOI,HUMAN,CLONED,,0.71,Janowsky A et al 2014,https://pubmed.ncbi.nlm.nih.gov/24488404/,lsd,LSD,0.71,False,9.148741651280925
83202,5-HT2C,HTR2C,1091,LSD,CCN(CC)C(=O)C1CN(C2CC3=CNC4=CC=CC(=C34)C2=C1)C,50-37-3,,125I-DOI,HUMAN,CLONED,,2.91,Janowsky A et al 2014,https://pubmed.ncbi.nlm.nih.gov/24488404/,lsd,LSD,2.91,False,8.536107011014092
83203,5-HT2C,HTR2C,692,DMT,CN(C)CCC1=CNC2=CC=CC=C21,61-50-7,63795.0,125I-DOI,HUMAN,CLONED,,166.0,Janowsky A et al 2014,https://pubmed.ncbi.nlm.nih.gov/24488404/,dmt,DMT,166.0,False,6.779891911959945
83204,5-HT2A,HTR2A,692,DMT,CN(C)CCC1=CNC2=CC=CC=C21,61-50-7,63795.0,125I-DOI,HUMAN,CLONED,,210.0,Janowsky A et al 2014,https://pubmed.ncbi.nlm.nih.gov/24488404/,dmt,DMT,210.0,False,6.6777807052660805
83205,5-HT1A,HTR1A,692,DMT,CN(C)CCC1=CNC2=CC=CC=C21,61-50-7,63795.0,3H-8-OH-DPAT,HUMAN,CLONED,,450.0,Janowsky A et al 2014,https://pubmed.ncbi.nlm.nih.gov/24488404/,dmt,DMT,450.0,False,6.346787486224656
83206,5-HT1A,HTR1A,722,DOM,CC1=CC(=C(C=C1OC)CC(C)N)OC,15588-95-1,,3H-8-OH-DPAT,HUMAN,CLONED,,14200.0,Janowsky A et al 2014,https://pubmed.ncbi.nlm.nih.gov/24488404/,dom,DOM,14200.0,False,4.847711655616943
83207,5-HT2A,HTR2A,722,DOM,CC1=CC(=C(C=C1OC)CC(C)N)OC,15588-95-1,,125I-DOI,HUMAN,CLONED,,4.3,Janowsky A et al 2014,https://pubmed.ncbi.nlm.nih.gov/24488404/,dom,DOM,4.3,False,8.366531544420413
83208,5-HT2C,HTR2C,722,DOM,CC1=CC(=C(C=C1OC)CC(C)N)OC,15588-95-1,,125I-DOI,HUMAN,CLONED,,25.7,Janowsky A et al 2014,https://pubmed.ncbi.nlm.nih.gov/24488404/,dom,DOM,25.7,False,7.590066876668706
83225,5-HT2A,HTR2A,1091,LSD,CCN(CC)C(=O)C1CN(C2CC3=CNC4=CC=CC(=C34)C2=C1)C,50-37-3,,125I-DOI,HUMAN,CLONED,,0.72,Janowsky A et al 2014,https://pubmed.ncbi.nlm.nih.gov/24488404/,lsd,LSD,0.72,False,9.142667503568731
83226,5-HT2A,HTR2A,722,DOM,CC1=CC(=C(C=C1OC)CC(C)N)OC,15588-95-1,,125I-DOI,HUMAN,CLONED,,2.06,Janowsky A et al 2014,https://pubmed.ncbi.nlm.nih.gov/24488404/,dom,DOM,2.06,False,8.686132779630846
83227,5-HT2A,HTR2A,692,DMT,CN(C)CCC1=CNC2=CC=CC=C21,61-50-7,63795.0,125I-DOI,HUMAN,CLONED,,53.0,Janowsky A et al 2014,https://pubmed.ncbi.nlm.nih.gov/24488404/,dmt,DMT,53.0,False,7.275724130399211
83232,5-HT2A,HTR2A,692,DMT,CN(C)CCC1=CNC2=CC=CC=C21,61-50-7,63795.0,3H-KETANSERIN,HUMAN,CLONED,,175.0,Janowsky A et al 2014,https://pubmed.ncbi.nlm.nih.gov/24488404/,dmt,DMT,175.0,False,6.756961951313706
83233,5-HT2A,HTR2A,722,DOM,CC1=CC(=C(C=C1OC)CC(C)N)OC,15588-95-1,,3H-KETANSERIN,HUMAN,CLONED,,13.7,Janowsky A et al 2014,https://pubmed.ncbi.nlm.nih.gov/24488404/,dom,DOM,13.7,False,7.863279432843593
83234,5-HT2A,HTR2A,1091,LSD,CCN(CC)C(=O)C1CN(C2CC3=CNC4=CC=CC(=C34)C2=C1)C,50-37-3,,3H-KETANSERIN,HUMAN,CLONED,,0.475,Janowsky A et al 2014,https://pubmed.ncbi.nlm.nih.gov/24488404/,lsd,LSD,0.475,False,9.323306390375134
83486,5-HT1A,HTR1A,1184,MDMA,CC(CC1=CC2=C(C=C1)OCO2)NC,1615,,3H-8-OH-DPAT,HUMAN,HEK293 cells,,12200.0,Simmler LD et al 2013,https://pubmed.ncbi.nlm.nih.gov/22897747/,mdma,MDMA,12200.0,False,4.913640169325252
83487,5-HT2A,HTR2A,1184,MDMA,CC(CC1=CC2=C(C=C1)OCO2)NC,1615,,3H-KETANSERIN,HUMAN,HEK293 cells,,7800.0,Simmler LD et al 2013,https://pubmed.ncbi.nlm.nih.gov/22897747/,mdma,MDMA,7800.0,False,5.107905397309519
83488,5-HT2C,HTR2C,1184,MDMA,CC(CC1=CC2=C(C=C1)OCO2)NC,1615,,3H-MESULERGINE,HUMAN,HEK293 cells,>,13000.0,Simmler LD et al 2013,https://pubmed.ncbi.nlm.nih.gov/22897747/,mdma,MDMA,13000.0,True,4.886056647693163
89999,5-HT1A,HTR1A,1091,LSD,CCN(CC)C(=O)C1CN(C2CC3=CNC4=CC=CC(=C34)C2=C1)C,50-37-3,,3H-8-OH-DPAT,HUMAN,CLONED,,3.0,Rickli A et al 2015,https://www.ncbi.nlm.nih.gov/pubmed/26318099,lsd,LSD,3.0,False,8.522878745280337
90024,5-HT2A,HTR2A,1091,LSD,CCN(CC)C(=O)C1CN(C2CC3=CNC4=CC=CC(=C34)C2=C1)C,50-37-3,,3H-KETANSERIN,HUMAN,CLONED,,4.2,Rickli A et al 2015,https://www.ncbi.nlm.nih.gov/pubmed/26318099,lsd,LSD,4.2,False,8.3767507096021
90049,5-HT2C,HTR2C,1091,LSD,CCN(CC)C(=O)C1CN(C2CC3=CNC4=CC=CC(=C34)C2=C1)C,50-37-3,,3H-MESULERGINE,HUMAN,CLONED,,15.0,Rickli A et al 2015,https://www.ncbi.nlm.nih.gov/pubmed/26318099,lsd,LSD,15.0,False,7.823908740944319
1,5-HT2C,HTR2C,172,5-Methoxytryptamine,COC1=CC2=C(C=C1)NC=C2CCN,608-07-1,56422.0,3H-MESULERGINE,PIG,Choroid Plexus,,23.4,"HOYER, 1989 (J.R.R.)",,5-methoxytryptamine,5-MeO-T,23.4,False,7.6307841425898575
2,5-HT2C,HTR2C,172,5-Methoxytryptamine,COC1=CC2=C(C=C1)NC=C2CCN,608-07-1,56422.0,3H-MESULERGINE,PIG,Choroid Plexus,,23.4,"HOYER, 1988",,5-methoxytryptamine,5-MeO-T,23.4,False,7.6307841425898575
3,5-HT2C,HTR2C,172,5-Methoxytryptamine,COC1=CC2=C(C=C1)NC=C2CCN,608-07-1,56422.0,3H-MESULERGINE,PIG,Choroid Plexus,,25.1,"HOYER, 1988 or 9 (book)",,5-methoxytryptamine,5-MeO-T,25.1,False,7.600326278518962
4,5-HT2C,HTR2C,172,5-Methoxytryptamine,COC1=CC2=C(C=C1)NC=C2CCN,608-07-1,56422.0,3H-MESULERGINE,PIG,Choroid Plexus,,43.7,"MARKSTEIN ET AL, 1986",,5-methoxytryptamine,5-MeO-T,43.7,False,7.359518563029578
5,5-HT2C,HTR2C,172,5-Methoxytryptamine,COC1=CC2=C(C=C1)NC=C2CCN,608-07-1,56422.0,3H-MESULERGINE,PIG,Choroid Plexus,,43.8,"ENGEL ET AL, 1986",,5-methoxytryptamine,5-MeO-T,43.8,False,7.3585258894959
6,5-HT2C,HTR2C,694,"DMT,5-Me",CN(C)CCC1=CNC2=C1C=C(C=C2)OC,1832,,3H-MESULERGINE,PIG,Choroid Plexus,,100.0,"HOYER, 1988 or 9 (book)",,"dmt,5-me",5-Me-DMT,100.0,False,7.0
7,5-HT2C,HTR2C,172,5-Methoxytryptamine,COC1=CC2=C(C=C1)NC=C2CCN,608-07-1,56422.0,3H-MESULERGINE,PIG,Choroid Plexus,,7.9,"HOYER, 1988 or 9 (book)",,5-methoxytryptamine,5-MeO-T,7.9,False,8.102372908709558
37,5-HT2C,HTR2C,437,"DMT,5-OH",CN(C)CCC1=CNC2=C1C=C(C=C2)O,487-93-4,89593.0,3H-MESULERGINE,PIG,Choroid Plexus,,63.1,"HOYER, 1988 or 9 (book)",,"dmt,5-oh",bufotenine,63.1,False,7.199970640755866
38,5-HT2C,HTR2C,437,"DMT,5-OH",CN(C)CCC1=CNC2=C1C=C(C=C2)O,487-93-4,89593.0,3H-MESULERGINE,PIG,Choroid Plexus,,70.8,"ENGEL ET AL, 1986",,"dmt,5-oh",bufotenine,70.8,False,7.149966742310231
39,5-HT2C,HTR2C,437,"DMT,5-OH",CN(C)CCC1=CNC2=C1C=C(C=C2)O,487-93-4,89593.0,3H-MESULERGINE,PIG,Choroid Plexus,,70.8,"HOYER, 1988",,"dmt,5-oh",bufotenine,70.8,False,7.149966742310231
40,5-HT2C,HTR2C,437,"DMT,5-OH",CN(C)CCC1=CNC2=C1C=C(C=C2)O,487-93-4,89593.0,3H-MESULERGINE,PIG,Choroid Plexus,,70.8,"HOYER ET AL., 1989",,"dmt,5-oh",bufotenine,70.8,False,7.149966742310231
41,5-HT2C,HTR2C,437,"DMT,5-OH",CN(C)CCC1=CNC2=C1C=C(C=C2)O,487-93-4,89593.0,3H-MESULERGINE,PIG,Choroid Plexus,,70.8,"HOYER, 1989 (J.R.R.)",,"dmt,5-oh",bufotenine,70.8,False,7.149966742310231
46,5-HT2C,HTR2C,150,5-Hydroxy Tryptamine,C1=CC2=C(C=C1O)C(=CN2)CCN,50-67-9,58241.0,125I-SCH 23982,PIG,Choroid Plexus,,4.68,"HOYER & KARPF, 1988",,5-hydroxy tryptamine,serotonin,4.68,False,8.329754146925875
47,5-HT2C,HTR2C,150,5-Hydroxy Tryptamine,C1=CC2=C(C=C1O)C(=CN2)CCN,50-67-9,58241.0,125I-SCH 23982,RAT,Choroid Plexus,,7.1,"YAMAMOTO & KEBABIAN, 1989",,5-hydroxy tryptamine,serotonin,7.1,False,8.148741651280925
48,5-HT2C,HTR2C,150,5-Hydroxy Tryptamine,C1=CC2=C(C=C1O)C(=CN2)CCN,50-67-9,58241.0,3H-MESULERGINE,PIG,CORTEX,,9.5,"TITELER ET AL., 1987",,5-hydroxy tryptamine,serotonin,9.5,False,8.022276394711152
49,5-HT2C,HTR2C,150,5-Hydroxy Tryptamine,C1=CC2=C(C=C1O)C(=CN2)CCN,50-67-9,58241.0,3H-MESULERGINE,RAT,CORTEX,,15.8,"HOYER ET AL., 1985",,5-hydroxy tryptamine,serotonin,15.8,False,7.801342913045577
50,5-HT2C,HTR2C,150,5-Hydroxy Tryptamine,C1=CC2=C(C=C1O)C(=CN2)CCN,50-67-9,58241.0,3H-5HT,PIG,Choroid Plexus,,20.0,"PAZOS ET AL, 1984",,5-hydroxy tryptamine,serotonin,20.0,False,7.698970004336019
51,5-HT2C,HTR2C,150,5-Hydroxy Tryptamine,C1=CC2=C(C=C1O)C(=CN2)CCN,50-67-9,58241.0,3H-MESULERGINE,PIG,Choroid Plexus,,25.0,"PAZOS ET AL, 1984",,5-hydroxy tryptamine,serotonin,25.0,False,7.6020599913279625
52,5-HT2C,HTR2C,150,5-Hydroxy Tryptamine,C1=CC2=C(C=C1O)C(=CN2)CCN,50-67-9,58241.0,3H-MESULERGINE,PIG,Choroid Plexus,,30.2,"HOYER ET AL., 1986",,5-hydroxy tryptamine,serotonin,30.2,False,7.51999305704285
53,5-HT2C,HTR2C,150,5-Hydroxy Tryptamine,C1=CC2=C(C=C1O)C(=CN2)CCN,50-67-9,58241.0,3H-MESULERGINE,PIG,Choroid Plexus,,31.6,"HOYER, 1988 or 9 (book)",,5-hydroxy tryptamine,serotonin,31.6,False,7.500312917381596
54,5-HT2C,HTR2C,150,5-Hydroxy Tryptamine,C1=CC2=C(C=C1O)C(=CN2)CCN,50-67-9,58241.0,3H-MESULERGINE,PIG,Choroid Plexus,,33.1,"HOYER, 1988",,5-hydroxy tryptamine,serotonin,33.1,False,7.480172006224281
55,5-HT2C,HTR2C,150,5-Hydroxy Tryptamine,C1=CC2=C(C=C1O)C(=CN2)CCN,50-67-9,58241.0,3H-MESULERGINE,PIG,Choroid Plexus,,33.1,"MARKSTEIN ET AL, 1986",,5-hydroxy tryptamine,serotonin,33.1,False,7.480172006224281
56,5-HT2C,HTR2C,150,5-Hydroxy Tryptamine,C1=CC2=C(C=C1O)C(=CN2)CCN,50-67-9,58241.0,3H-MESULERGINE,PIG,Choroid Plexus,,33.1,"SCHOEFFTER & HOYER, 1989",,5-hydroxy tryptamine,serotonin,33.1,False,7.480172006224281
57,5-HT2C,HTR2C,150,5-Hydroxy Tryptamine,C1=CC2=C(C=C1O)C(=CN2)CCN,50-67-9,58241.0,3H-MESULERGINE,PIG,Choroid Plexus,,33.1,"HOYER & KARPF, 1988",,5-hydroxy tryptamine,serotonin,33.1,False,7.480172006224281
58,5-HT2C,HTR2C,150,5-Hydroxy Tryptamine,C1=CC2=C(C=C1O)C(=CN2)CCN,50-67-9,58241.0,3H-MESULERGINE,PIG,Choroid Plexus,,33.1,"ENGEL ET AL, 1986",,5-hydroxy tryptamine,serotonin,33.1,False,7.480172006224281
59,5-HT2C,HTR2C,150,5-Hydroxy Tryptamine,C1=CC2=C(C=C1O)C(=CN2)CCN,50-67-9,58241.0,3H-MESULERGINE,PIG,Choroid Plexus,,33.1,"HOYER ET AL., 1985",,5-hydroxy tryptamine,serotonin,33.1,False,7.480172006224281
60,5-HT2C,HTR2C,150,5-Hydroxy Tryptamine,C1=CC2=C(C=C1O)C(=CN2)CCN,50-67-9,58241.0,3H-MESULERGINE,PIG,Choroid Plexus,,33.1,"HOYER ET AL., 1985",,5-hydroxy tryptamine,serotonin,33.1,False,7.480172006224281
61,5-HT2C,HTR2C,150,5-Hydroxy Tryptamine,C1=CC2=C(C=C1O)C(=CN2)CCN,50-67-9,58241.0,3H-MESULERGINE,PIG,Choroid Plexus,,33.1,"HOYER ET AL., 1989",,5-hydroxy tryptamine,serotonin,33.1,False,7.480172006224281
62,5-HT2C,HTR2C,150,5-Hydroxy Tryptamine,C1=CC2=C(C=C1O)C(=CN2)CCN,50-67-9,58241.0,3H-MESULERGINE,PIG,Choroid Plexus,,33.1,"SCHLICKER ET AL., 1989",,5-hydroxy tryptamine,serotonin,33.1,False,7.480172006224281
63,5-HT2C,HTR2C,150,5-Hydroxy Tryptamine,C1=CC2=C(C=C1O)C(=CN2)CCN,50-67-9,58241.0,3H-MESULERGINE,PIG,CORTEX,,40.0,"PAZOS ET AL, 1984",,5-hydroxy tryptamine,serotonin,40.0,False,7.3979400086720375
64,5-HT2C,HTR2C,150,5-Hydroxy Tryptamine,C1=CC2=C(C=C1O)C(=CN2)CCN,50-67-9,58241.0,125I-LSD,PIG,Choroid Plexus,,81.3,"HOYER ET AL., 1986",,5-hydroxy tryptamine,serotonin,81.3,False,7.089909454405932
65,5-HT2C,HTR2C,150,5-Hydroxy Tryptamine,C1=CC2=C(C=C1O)C(=CN2)CCN,50-67-9,58241.0,125I-LSD,MOUSE,C. PLEXUS TUM,,115.0,"YAGALOFF ET AL., 1986",,5-hydroxy tryptamine,serotonin,115.0,False,6.939302159646388
86,5-HT2C,HTR2C,150,5-Hydroxy Tryptamine,C1=CC2=C(C=C1O)C(=CN2)CCN,50-67-9,58241.0,3H-SCH23390,CANINE,Choroid Plexus,,165.0,"NICKLAUS ET AL., 1988",http://www.ncbi.nlm.nih.gov:80/entrez/query.fcgi?cmd=Retrieve&db=PubMed&list_uids=2971798&dopt=Abstract#http://www.ncbi.nlm.nih.gov:80/entrez/query.fcgi?cmd=Retrieve&db=PubMed&list_uids=2971798&dopt=Abstract#,5-hydroxy tryptamine,serotonin,165.0,False,6.782516055786093
87,5-HT2C,HTR2C,150,5-Hydroxy Tryptamine,C1=CC2=C(C=C1O)C(=CN2)CCN,50-67-9,58241.0,3H-MESULERGINE,HUMAN,Choroid Plexus,,166.0,"HOYER ET AL., 1986",,5-hydroxy tryptamine,serotonin,166.0,False,6.779891911959945
88,5-HT2C,HTR2C,150,5-Hydroxy Tryptamine,C1=CC2=C(C=C1O)C(=CN2)CCN,50-67-9,58241.0,125I-LSD,RAT,Choroid Plexus,,318.0,"YAMAMOTO & KEBABIAN, 1989",,5-hydroxy tryptamine,serotonin,318.0,False,6.497572880015568
102,5-HT2C,HTR2C,172,5-Methoxytryptamine,COC1=CC2=C(C=C1)NC=C2CCN,608-07-1,56422.0,3H-MESULERGINE,PIG,Choroid Plexus,,23.4,"HOYER ET AL., 1989",,5-methoxytryptamine,5-MeO-T,23.4,False,7.6307841425898575
111,5-HT1A,HTR1A,38,"2,4,5-TMA",,,,3H-8-OH-DPAT,RAT,HIPPOCAMPUS,>,10000.0,"TITELER ET AL., 1988",,"2,4,5-tma","TMA-2,4,5",10000.0,True,5.0
133,5-HT1A,HTR1A,150,5-Hydroxy Tryptamine,C1=CC2=C(C=C1O)C(=CN2)CCN,50-67-9,58241.0,3H-8-OH-DPAT,C0S-7,CELLS,,0.27,"RAYMOND ET AL., 1989",,5-hydroxy tryptamine,serotonin,0.27,False,9.568636235841012
134,5-HT1A,HTR1A,150,5-Hydroxy Tryptamine,C1=CC2=C(C=C1O)C(=CN2)CCN,50-67-9,58241.0,3H-8-OH-DPAT,RAT,HIPPOCAMPUS,,1.0,"HALL ET AL., 1986",,5-hydroxy tryptamine,serotonin,1.0,False,9.0
135,5-HT1A,HTR1A,150,5-Hydroxy Tryptamine,C1=CC2=C(C=C1O)C(=CN2)CCN,50-67-9,58241.0,3H-8-OH-DPAT,RAT,CORTEX,,1.2,"SCHLEGEL & PEROUTKA, 1986",,5-hydroxy tryptamine,serotonin,1.2,False,8.920818753952375
136,5-HT1A,HTR1A,150,5-Hydroxy Tryptamine,C1=CC2=C(C=C1O)C(=CN2)CCN,50-67-9,58241.0,3H-8-OH-DPAT,RAT,HIPPOCAMPUS,,1.37,"COSSERY ET AL.,1986",,5-hydroxy tryptamine,serotonin,1.37,False,8.863279432843592
137,5-HT1A,HTR1A,150,5-Hydroxy Tryptamine,C1=CC2=C(C=C1O)C(=CN2)CCN,50-67-9,58241.0,3H-5-MeO-DPAC,RAT,CORTEX,,1.4,"COSSERY ET AL., 1987",,5-hydroxy tryptamine,serotonin,1.4,False,8.853871964321762
138,5-HT1A,HTR1A,150,5-Hydroxy Tryptamine,C1=CC2=C(C=C1O)C(=CN2)CCN,50-67-9,58241.0,3H-WB4101,RAT,HIPPO:LESIONED,,1.54,"MORROW ET AL., 1985",,5-hydroxy tryptamine,serotonin,1.54,False,8.812479279163536
139,5-HT1A,HTR1A,150,5-Hydroxy Tryptamine,C1=CC2=C(C=C1O)C(=CN2)CCN,50-67-9,58241.0,3H-8-OH-DPAT,RAT,CORTEX,,1.65,"HOYER ET AL., 1985",,5-hydroxy tryptamine,serotonin,1.65,False,8.782516055786093
140,5-HT1A,HTR1A,150,5-Hydroxy Tryptamine,C1=CC2=C(C=C1O)C(=CN2)CCN,50-67-9,58241.0,3H-8-OH-DPAT,HUMAN,CORTEX,,1.68,"HOYER ET AL., 1986",,5-hydroxy tryptamine,serotonin,1.68,False,8.774690718274137
141,5-HT1A,HTR1A,150,5-Hydroxy Tryptamine,C1=CC2=C(C=C1O)C(=CN2)CCN,50-67-9,58241.0,3H-8-OH-DPAT,RAT,HIPPOCAMPUS,,1.7,"TITELER ET AL., 1987",,5-hydroxy tryptamine,serotonin,1.7,False,8.769551078621726
142,5-HT1A,HTR1A,150,5-Hydroxy Tryptamine,C1=CC2=C(C=C1O)C(=CN2)CCN,50-67-9,58241.0,3H-8-OH-DPAT,HUMAN,HIPPOCAMPUS,,1.75,"HOYER ET AL., 1986",,5-hydroxy tryptamine,serotonin,1.75,False,8.756961951313706
143,5-HT1A,HTR1A,150,5-Hydroxy Tryptamine,C1=CC2=C(C=C1O)C(=CN2)CCN,50-67-9,58241.0,3H-8-OH-DPAT,BOVINE,HIPPOCAMPUS,,2.0,"PEROUTKA, 1985",,5-hydroxy tryptamine,serotonin,2.0,False,8.698970004336019
144,5-HT1A,HTR1A,150,5-Hydroxy Tryptamine,C1=CC2=C(C=C1O)C(=CN2)CCN,50-67-9,58241.0,3H-8-OH-DPAT,RAT,CORTEX,,2.2,"PEROUTKA, 1986",,5-hydroxy tryptamine,serotonin,2.2,False,8.657577319177793
145,5-HT1A,HTR1A,150,5-Hydroxy Tryptamine,C1=CC2=C(C=C1O)C(=CN2)CCN,50-67-9,58241.0,3H-8-OH-DPAT,PIG,CORTEX,,2.41,"HOYER ET AL., 1985",,5-hydroxy tryptamine,serotonin,2.41,False,8.61798295742513
146,5-HT1A,HTR1A,150,5-Hydroxy Tryptamine,C1=CC2=C(C=C1O)C(=CN2)CCN,50-67-9,58241.0,3H-WB4101,RAT,CORTEX,,2.51,"NORMAN ET AL., 1985",,5-hydroxy tryptamine,serotonin,2.51,False,8.600326278518962
147,5-HT1A,HTR1A,150,5-Hydroxy Tryptamine,C1=CC2=C(C=C1O)C(=CN2)CCN,50-67-9,58241.0,3H-8-OH-DPAT,PIG,CORTEX,,3.09,"SCHOEFFTER & HOYER, 1989",,5-hydroxy tryptamine,serotonin,3.09,False,8.510041520575164
148,5-HT1A,HTR1A,150,5-Hydroxy Tryptamine,C1=CC2=C(C=C1O)C(=CN2)CCN,50-67-9,58241.0,3H-8-OH-DPAT,PIG,CORTEX,,3.09,"SCHOEFFTER AND HOYER,1988",,5-hydroxy tryptamine,serotonin,3.09,False,8.510041520575164
149,5-HT1A,HTR1A,150,5-Hydroxy Tryptamine,C1=CC2=C(C=C1O)C(=CN2)CCN,50-67-9,58241.0,3H-8-OH-DPAT,PIG,CORTEX,,3.09,"MARKSTEIN ET AL, 1986",,5-hydroxy tryptamine,serotonin,3.09,False,8.510041520575164
150,5-HT1A,HTR1A,150,5-Hydroxy Tryptamine,C1=CC2=C(C=C1O)C(=CN2)CCN,50-67-9,58241.0,3H-8-OH-DPAT,PIG,CORTEX,,3.09,"ENGEL ET AL, 1986",,5-hydroxy tryptamine,serotonin,3.09,False,8.510041520575164
151,5-HT1A,HTR1A,150,5-Hydroxy Tryptamine,C1=CC2=C(C=C1O)C(=CN2)CCN,50-67-9,58241.0,3H-8-OH-DPAT,PIG,CORTEX,,3.09,"SCHOEFFTER ET AL., 1989",,5-hydroxy tryptamine,serotonin,3.09,False,8.510041520575164
152,5-HT1A,HTR1A,150,5-Hydroxy Tryptamine,C1=CC2=C(C=C1O)C(=CN2)CCN,50-67-9,58241.0,3H-8-OH-DPAT,RAT,CORTEX,,3.2,"Kilpatrick et al., 1989",,5-hydroxy tryptamine,serotonin,3.2,False,8.494850021680094
154,5-HT1A,HTR1A,150,5-Hydroxy Tryptamine,C1=CC2=C(C=C1O)C(=CN2)CCN,50-67-9,58241.0,3H-8-OH-DPAT,PIG,CORTEX,,3.31,"SCHLICKER ET AL., 1989",,5-hydroxy tryptamine,serotonin,3.31,False,8.480172006224281
155,5-HT1A,HTR1A,150,5-Hydroxy Tryptamine,C1=CC2=C(C=C1O)C(=CN2)CCN,50-67-9,58241.0,3H-8-OH-DPAT,RAT,HIPPOCAMPUS,,3.89,"HALL ET AL., 1985",,5-hydroxy tryptamine,serotonin,3.89,False,8.410050398674292
156,5-HT1A,HTR1A,150,5-Hydroxy Tryptamine,C1=CC2=C(C=C1O)C(=CN2)CCN,50-67-9,58241.0,3H-8-OH-DPAT,RAT,HIPPOCAMPUS,,3.89,"SCHOEMAKER AND LANGER., 1986",,5-hydroxy tryptamine,serotonin,3.89,False,8.410050398674292
157,5-HT1A,HTR1A,150,5-Hydroxy Tryptamine,C1=CC2=C(C=C1O)C(=CN2)CCN,50-67-9,58241.0,3H-IPSAPIRONE,BOVINE,HIPPOCAMPUS,,4.3,"DOMPERT ET AL., 1985",,5-hydroxy tryptamine,serotonin,4.3,False,8.366531544420413
158,5-HT1A,HTR1A,150,5-Hydroxy Tryptamine,C1=CC2=C(C=C1O)C(=CN2)CCN,50-67-9,58241.0,125I-BH-8-MeO-N-PA,RAT,HIPPOCAMPUS,,4.78,"GOZLAN ET AL., 1988",,5-hydroxy tryptamine,serotonin,4.78,False,8.320572103387882
159,5-HT1A,HTR1A,172,5-Methoxytryptamine,COC1=CC2=C(C=C1)NC=C2CCN,608-07-1,56422.0,3H-8-OH-DPAT,RAT,CORTEX,,2.5,"PEROUTKA, 1986",,5-methoxytryptamine,5-MeO-T,2.5,False,8.602059991327963
160,5-HT1A,HTR1A,172,5-Methoxytryptamine,COC1=CC2=C(C=C1)NC=C2CCN,608-07-1,56422.0,3H-8-OH-DPAT,RAT,HIPPOCAMPUS,,6.4,"HALL ET AL., 1986",,5-methoxytryptamine,5-MeO-T,6.4,False,8.193820026016112
161,5-HT1A,HTR1A,172,5-Methoxytryptamine,COC1=CC2=C(C=C1)NC=C2CCN,608-07-1,56422.0,3H-8-OH-DPAT,RAT,HIPPOCAMPUS,,31.94,"COSSERY ET AL.,1986",,5-methoxytryptamine,5-MeO-T,31.94,False,7.495665088197536
162,5-HT1A,HTR1A,172,5-Methoxytryptamine,COC1=CC2=C(C=C1)NC=C2CCN,608-07-1,56422.0,3H-WB4101,RAT,CORTEX,,35.14,"NORMAN ET AL., 1985",,5-methoxytryptamine,5-MeO-T,35.14,False,7.454198242840723
164,5-HT1A,HTR1A,172,5-Methoxytryptamine,COC1=CC2=C(C=C1)NC=C2CCN,608-07-1,56422.0,3H-8-OH-DPAT,RAT,HIPPOCAMPUS,,224.0,"GOZLAN ET AL., 1983",,5-methoxytryptamine,5-MeO-T,224.0,False,6.649751981665837
165,5-HT1A,HTR1A,172,5-Methoxytryptamine,COC1=CC2=C(C=C1)NC=C2CCN,608-07-1,56422.0,3H-8-OH-DPAT,RAT,HIPPOCAMPUS,,227.42,"HALL ET AL., 1985",,5-methoxytryptamine,5-MeO-T,227.42,False,6.643171344803538
192,5-HT1A,HTR1A,437,"DMT,5-OH",CN(C)CCC1=CNC2=C1C=C(C=C2)O,487-93-4,89593.0,3H-8-OH-DPAT,BOVINE,HIPPOCAMPUS,,2.52,"PEROUTKA, 1985",,"dmt,5-oh",bufotenine,2.52,False,8.598599459218455
193,5-HT1A,HTR1A,437,"DMT,5-OH",CN(C)CCC1=CNC2=C1C=C(C=C2)O,487-93-4,89593.0,125I-BH-8-MeO-N-PA,RAT,HIPPOCAMPUS,,3.31,"GOZLAN ET AL., 1988",,"dmt,5-oh",bufotenine,3.31,False,8.480172006224281
194,5-HT1A,HTR1A,437,"DMT,5-OH",CN(C)CCC1=CNC2=C1C=C(C=C2)O,487-93-4,89593.0,3H-8-OH-DPAT,RAT,CORTEX,,5.0,"PEROUTKA, 1986",,"dmt,5-oh",bufotenine,5.0,False,8.301029995663981
195,5-HT1A,HTR1A,437,"DMT,5-OH",CN(C)CCC1=CNC2=C1C=C(C=C2)O,487-93-4,89593.0,3H-8-OH-DPAT,RAT,HIPPOCAMPUS,,5.68,"COSSERY ET AL.,1986",,"dmt,5-oh",bufotenine,5.68,False,8.245651664288982
196,5-HT1A,HTR1A,437,"DMT,5-OH",CN(C)CCC1=CNC2=C1C=C(C=C2)O,487-93-4,89593.0,3H-8-OH-DPAT,RAT,HIPPOCAMPUS,,16.64,"GOZLAN ET AL., 1983",,"dmt,5-oh",bufotenine,16.64,False,7.778846678045295
198,5-HT1A,HTR1A,437,"DMT,5-OH",CN(C)CCC1=CNC2=C1C=C(C=C2)O,487-93-4,89593.0,3H-8-OH-DPAT,PIG,CORTEX,,25.1,"ENGEL ET AL, 1986",,"dmt,5-oh",bufotenine,25.1,False,7.600326278518962
199,5-HT1A,HTR1A,437,"DMT,5-OH",CN(C)CCC1=CNC2=C1C=C(C=C2)O,487-93-4,89593.0,3H-8-OH-DPAT,PIG,CORTEX,,25.1,"HOYER, 1989 (J.R.R.)",,"dmt,5-oh",bufotenine,25.1,False,7.600326278518962
591,5-HT1B,HTR1B,150,5-Hydroxy Tryptamine,C1=CC2=C(C=C1O)C(=CN2)CCN,50-67-9,58241.0,3H-5HT,RAT,STRIATUM,,5.4,"TITELER ET AL., 1987",,5-hydroxy tryptamine,serotonin,5.4,False,8.267606240177031
592,5-HT1B,HTR1B,150,5-Hydroxy Tryptamine,C1=CC2=C(C=C1O)C(=CN2)CCN,50-67-9,58241.0,3H-5HT,RAT,CORTEX,,7.6,"PEROUTKA, 1986",,5-hydroxy tryptamine,serotonin,7.6,False,8.119186407719209
593,5-HT1B,HTR1B,150,5-Hydroxy Tryptamine,C1=CC2=C(C=C1O)C(=CN2)CCN,50-67-9,58241.0,125I-ICYP,RAT,CORTEX,,9.0,"OFFORD ET AL., 1988",,5-hydroxy tryptamine,serotonin,9.0,False,8.045757490560675
595,5-HT1B,HTR1B,150,5-Hydroxy Tryptamine,C1=CC2=C(C=C1O)C(=CN2)CCN,50-67-9,58241.0,3H-5HT,RAT,CORTEX,,23.4,"HOYER ET AL., 1985",,5-hydroxy tryptamine,serotonin,23.4,False,7.6307841425898575
596,5-HT1B,HTR1B,150,5-Hydroxy Tryptamine,C1=CC2=C(C=C1O)C(=CN2)CCN,50-67-9,58241.0,125I-CYP,RAT,CORTEX,,23.4,"MARKSTEIN ET AL, 1986",,5-hydroxy tryptamine,serotonin,23.4,False,7.6307841425898575
597,5-HT1B,HTR1B,150,5-Hydroxy Tryptamine,C1=CC2=C(C=C1O)C(=CN2)CCN,50-67-9,58241.0,125I-CYP,RAT,CORTEX,,23.4,"ENGEL ET AL, 1986",,5-hydroxy tryptamine,serotonin,23.4,False,7.6307841425898575
598,5-HT1B,HTR1B,150,5-Hydroxy Tryptamine,C1=CC2=C(C=C1O)C(=CN2)CCN,50-67-9,58241.0,125I-CYP,RAT,CORTEX,,23.4,"SCHOEFFTER & HOYER, 1989",,5-hydroxy tryptamine,serotonin,23.4,False,7.6307841425898575
599,5-HT1B,HTR1B,150,5-Hydroxy Tryptamine,C1=CC2=C(C=C1O)C(=CN2)CCN,50-67-9,58241.0,3H-5HT,RAT,CORTEX,,24.5,"HOYER ET AL., 1985",,5-hydroxy tryptamine,serotonin,24.5,False,7.610833915635467
600,5-HT1B,HTR1B,150,5-Hydroxy Tryptamine,C1=CC2=C(C=C1O)C(=CN2)CCN,50-67-9,58241.0,125I-CYP,RAT,CORTEX,,24.5,"SCHLICKER ET AL., 1989",,5-hydroxy tryptamine,serotonin,24.5,False,7.610833915635467
602,5-HT1B,HTR1B,150,5-Hydroxy Tryptamine,C1=CC2=C(C=C1O)C(=CN2)CCN,50-67-9,58241.0,125I-ICYP,RAT,STRIATUM,,32.38,"GARRICK ET AL., 1989",,5-hydroxy tryptamine,serotonin,32.38,False,7.489723155582645
626,5-HT1B,HTR1B,172,5-Methoxytryptamine,COC1=CC2=C(C=C1)NC=C2CCN,608-07-1,56422.0,3H-5HT,RAT,CORTEX,,398.0,"HOYER ET AL., 1985",,5-methoxytryptamine,5-MeO-T,398.0,False,6.400116927926312
627,5-HT1B,HTR1B,172,5-Methoxytryptamine,COC1=CC2=C(C=C1)NC=C2CCN,608-07-1,56422.0,125I-CYP,RAT,CORTEX,,398.0,"MARKSTEIN ET AL, 1986",,5-methoxytryptamine,5-MeO-T,398.0,False,6.400116927926312
628,5-HT1B,HTR1B,172,5-Methoxytryptamine,COC1=CC2=C(C=C1)NC=C2CCN,608-07-1,56422.0,125I-CYP,RAT,CORTEX,,398.0,"ENGEL ET AL, 1986",,5-methoxytryptamine,5-MeO-T,398.0,False,6.400116927926312
629,5-HT1B,HTR1B,172,5-Methoxytryptamine,COC1=CC2=C(C=C1)NC=C2CCN,608-07-1,56422.0,125I-CYP,RAT,CORTEX,,398.0,"HOYER, 1989 (J.R.R.)",,5-methoxytryptamine,5-MeO-T,398.0,False,6.400116927926312
631,5-HT1B,HTR1B,172,5-Methoxytryptamine,COC1=CC2=C(C=C1)NC=C2CCN,608-07-1,56422.0,125I-CYP,RAT,CORTEX,,398.0,"SCHLICKER ET AL., 1989",,5-methoxytryptamine,5-MeO-T,398.0,False,6.400116927926312
633,5-HT1B,HTR1B,172,5-Methoxytryptamine,COC1=CC2=C(C=C1)NC=C2CCN,608-07-1,56422.0,3H-5HT,RAT,CORTEX,,15.0,"PEROUTKA, 1986",,5-methoxytryptamine,5-MeO-T,15.0,False,7.823908740944319
664,5-HT1B,HTR1B,437,"DMT,5-OH",CN(C)CCC1=CNC2=C1C=C(C=C2)O,487-93-4,89593.0,3H-5HT,RAT,CORTEX,,52.0,"PEROUTKA, 1986",,"dmt,5-oh",bufotenine,52.0,False,7.2839966563652006
665,5-HT1B,HTR1B,437,"DMT,5-OH",CN(C)CCC1=CNC2=C1C=C(C=C2)O,487-93-4,89593.0,125I-CYP,RAT,CORTEX,,912.0,"ENGEL ET AL, 1986",,"dmt,5-oh",bufotenine,912.0,False,6.0400051616715835
666,5-HT1B,HTR1B,437,"DMT,5-OH",CN(C)CCC1=CNC2=C1C=C(C=C2)O,487-93-4,89593.0,125I-CYP,RAT,CORTEX,,912.0,"HOYER, 1989 (J.R.R.)",,"dmt,5-oh",bufotenine,912.0,False,6.0400051616715835
705,5-HT2C,HTR2C,695,"DMT,5-MeO",CN(C)CCC1=CNC2=C1C=C(C=C2)OC,1832,,3H-MESULERGINE,PIG,Choroid Plexus,,87.1,"HOYER, 1988",,"dmt,5-meo",5-MeO-DMT,87.1,False,7.059981844992337
706,5-HT2C,HTR2C,695,"DMT,5-MeO",CN(C)CCC1=CNC2=C1C=C(C=C2)OC,1832,,3H-MESULERGINE,PIG,Choroid Plexus,,100.0,"HOYER ET AL., 1989",,"dmt,5-meo",5-MeO-DMT,100.0,False,7.0
807,5-HT2C,HTR2C,1094,"LSD,(+)",CCN(CC)C(=O)C1CN(C2CC3=CNC4=CC=CC(=C34)C2=C1)C,5761,,125I-LSD,MOUSE,C. PLEXUS TUM,,6.2,"YAGALOFF ET AL., 1986",,"lsd,(+)",LSD (+),6.2,False,8.207608310501746
808,5-HT2C,HTR2C,1095,"LSD,2-Bromo",,,,3H-MESULERGINE,PIG,Choroid Plexus,,50.0,"HOYER, 1988 or 9 (book)",,"lsd,2-bromo",2-Bromo-LSD,50.0,False,7.301029995663981
809,5-HT2C,HTR2C,1096,"LSD,2-iodo",,,,3H-MESULERGINE,PIG,Choroid Plexus,,3980.0,"HOYER, 1988 or 9 (book)",,"lsd,2-iodo",2-Iodo-LSD,3980.0,False,5.400116927926312
824,5-HT2C,HTR2C,1170,"MDA,R(-)",CC(CC1=CC2=C(C=C1)OCO2)N,3046161,,3H-MESULERGINE,PIG,CORTEX,,2079.0,"TITELER ET AL., 1988",,"mda,r(-)",MDA R(-),2079.0,False,5.682145510668531
875,5-HT2C,HTR2C,172,5-Methoxytryptamine,COC1=CC2=C(C=C1)NC=C2CCN,608-07-1,56422.0,3H-MESULERGINE,PIG,Choroid Plexus,,23.4,"SCHLICKER ET AL., 1989",,5-methoxytryptamine,5-MeO-T,23.4,False,7.6307841425898575
1013,5-HT1B,HTR1B,694,"DMT,5-Me",CN(C)CCC1=CNC2=C1C=C(C=C2)OC,1832,,3H-5HT,RAT,CORTEX,,320.0,"PEROUTKA, 1986",,"dmt,5-me",5-Me-DMT,320.0,False,6.494850021680094
1014,5-HT1B,HTR1B,695,"DMT,5-MeO",CN(C)CCC1=CNC2=C1C=C(C=C2)OC,1832,,125I-ICYP,RAT,CORTEX,,351.0,"OFFORD ET AL., 1988",,"dmt,5-meo",5-MeO-DMT,351.0,False,6.454692883534176
1142,5-HT2C,HTR2C,1865,"TMA,2,3,5-",,,,3H-MESULERGINE,PIG,CORTEX,,5710.0,"TITELER ET AL., 1988",,"tma,2,3,5-","TMA-2,3,5",5710.0,False,5.243363891754152
1143,5-HT2C,HTR2C,1865,"TMA,2,3,5-",,,,3H-MESULERGINE,PIG,CORTEX,,2666.0,"TITELER ET AL., 1988",,"tma,2,3,5-","TMA-2,3,5",2666.0,False,5.5741398549221595
1173,5-HT1D,HTR1D,150,5-Hydroxy Tryptamine,C1=CC2=C(C=C1O)C(=CN2)CCN,50-67-9,58241.0,3H-5HT,HUMAN,CORTEX,,1.2,"PEROUTKA ET AL., 1989",,5-hydroxy tryptamine,serotonin,1.2,False,8.920818753952375
1174,5-HT1D,HTR1D,150,5-Hydroxy Tryptamine,C1=CC2=C(C=C1O)C(=CN2)CCN,50-67-9,58241.0,3H-5HT,RAT,STRIATUM,,1.8,"HERRICK-DAVIS & TITELER, 198",,5-hydroxy tryptamine,serotonin,1.8,False,8.744727494896694
1175,5-HT1D,HTR1D,150,5-Hydroxy Tryptamine,C1=CC2=C(C=C1O)C(=CN2)CCN,50-67-9,58241.0,3H-5HT,RAT,CORTEX,,2.1,"HERRICK-DAVIS & TITELER, 198",,5-hydroxy tryptamine,serotonin,2.1,False,8.67778070526608
1176,5-HT1D,HTR1D,150,5-Hydroxy Tryptamine,C1=CC2=C(C=C1O)C(=CN2)CCN,50-67-9,58241.0,3H-5HT,BOVINE,STRIATUM,,2.14,"PEROUTKA, 1985",,5-hydroxy tryptamine,serotonin,2.14,False,8.669586226650809
1177,5-HT1D,HTR1D,150,5-Hydroxy Tryptamine,C1=CC2=C(C=C1O)C(=CN2)CCN,50-67-9,58241.0,3H-5HT,BOVINE,STRIATUM,,3.2,"HEURING & PEROUTKA, 1987",,5-hydroxy tryptamine,serotonin,3.2,False,8.494850021680094
1178,5-HT1D,HTR1D,150,5-Hydroxy Tryptamine,C1=CC2=C(C=C1O)C(=CN2)CCN,50-67-9,58241.0,3H-5HT,COW,CAUDATE,,3.63,"HOYER, 1987",,5-hydroxy tryptamine,serotonin,3.63,False,8.440093374963887
1179,5-HT1D,HTR1D,150,5-Hydroxy Tryptamine,C1=CC2=C(C=C1O)C(=CN2)CCN,50-67-9,58241.0,3H-5HT,CALF,CAUDATE,,3.63,"SCHOEFFTER & HOYER, 1989b",,5-hydroxy tryptamine,serotonin,3.63,False,8.440093374963887
1180,5-HT1D,HTR1D,150,5-Hydroxy Tryptamine,C1=CC2=C(C=C1O)C(=CN2)CCN,50-67-9,58241.0,3H-5HT,CALF,CAUDATE,,3.63,"WAEBER ET AL., 1988",,5-hydroxy tryptamine,serotonin,3.63,False,8.440093374963887
1181,5-HT1D,HTR1D,150,5-Hydroxy Tryptamine,C1=CC2=C(C=C1O)C(=CN2)CCN,50-67-9,58241.0,3H-5HT,HUMAN,CAUDATE,,6.46,"WAEBER ET AL., 1988",,5-hydroxy tryptamine,serotonin,6.46,False,8.189767482004916
1182,5-HT1D,HTR1D,150,5-Hydroxy Tryptamine,C1=CC2=C(C=C1O)C(=CN2)CCN,50-67-9,58241.0,3H-5HT,PIG,CAUDATE,,11.7,"SCHLICKER ET AL., 1989",,5-hydroxy tryptamine,serotonin,11.7,False,7.931814138253838
1183,5-HT1D,HTR1D,150,5-Hydroxy Tryptamine,C1=CC2=C(C=C1O)C(=CN2)CCN,50-67-9,58241.0,3H-5HT,PIG,CAUDATE,,11.7,"WAEBER ET AL., 1988",,5-hydroxy tryptamine,serotonin,11.7,False,7.931814138253838
1184,5-HT1D,HTR1D,150,5-Hydroxy Tryptamine,C1=CC2=C(C=C1O)C(=CN2)CCN,50-67-9,58241.0,3H-5HT,CALF,CAUDATE,,398.0,"HOYER, 1988 or 9 (book)",,5-hydroxy tryptamine,serotonin,398.0,False,6.400116927926312
1185,5-HT1D,HTR1D,694,"DMT,5-Me",CN(C)CCC1=CNC2=C1C=C(C=C2)OC,1832,,3H-5HT,BOVINE,STRIATUM,,77.14,"PEROUTKA, 1985",,"dmt,5-me",5-Me-DMT,77.14,False,7.112720365469977
1186,5-HT1D,HTR1D,694,"DMT,5-Me",CN(C)CCC1=CNC2=C1C=C(C=C2)OC,1832,,3H-5HT,CALF,CAUDATE,,28.8,"WAEBER ET AL., 1988",,"dmt,5-me",5-Me-DMT,28.8,False,7.540607512240769
1188,5-HT1D,HTR1D,694,"DMT,5-Me",CN(C)CCC1=CNC2=C1C=C(C=C2)OC,1832,,3H-5HT,PIG,CAUDATE,,66.1,"WAEBER ET AL., 1988",,"dmt,5-me",5-Me-DMT,66.1,False,7.17979854051436
1189,5-HT1D,HTR1D,172,5-Methoxytryptamine,COC1=CC2=C(C=C1)NC=C2CCN,608-07-1,56422.0,3H-5HT,BOVINE,STRIATUM,,2.5,"HEURING & PEROUTKA, 1987",,5-methoxytryptamine,5-MeO-T,2.5,False,8.602059991327963
1190,5-HT1D,HTR1D,172,5-Methoxytryptamine,COC1=CC2=C(C=C1)NC=C2CCN,608-07-1,56422.0,3H-5HT,COW,CAUDATE,,3.98,"HOYER, 1987",,5-methoxytryptamine,5-MeO-T,3.98,False,8.400116927926312
1191,5-HT1D,HTR1D,172,5-Methoxytryptamine,COC1=CC2=C(C=C1)NC=C2CCN,608-07-1,56422.0,3H-5HT,CALF,CAUDATE,,3.98,"HOYER, 1988 or 9 (book)",,5-methoxytryptamine,5-MeO-T,3.98,False,8.400116927926312
1192,5-HT1D,HTR1D,172,5-Methoxytryptamine,COC1=CC2=C(C=C1)NC=C2CCN,608-07-1,56422.0,3H-5HT,CALF,CAUDATE,,3.98,"HOYER, 1989 (J.R.R.)",,5-methoxytryptamine,5-MeO-T,3.98,False,8.400116927926312
1193,5-HT1D,HTR1D,172,5-Methoxytryptamine,COC1=CC2=C(C=C1)NC=C2CCN,608-07-1,56422.0,3H-5HT,CALF,CAUDATE,,3.98,"WAEBER ET AL., 1988",,5-methoxytryptamine,5-MeO-T,3.98,False,8.400116927926312
1194,5-HT1D,HTR1D,172,5-Methoxytryptamine,COC1=CC2=C(C=C1)NC=C2CCN,608-07-1,56422.0,3H-5HT,HUMAN,CAUDATE,,6.17,"WAEBER ET AL., 1988",,5-methoxytryptamine,5-MeO-T,6.17,False,8.209714835966759
1195,5-HT1D,HTR1D,172,5-Methoxytryptamine,COC1=CC2=C(C=C1)NC=C2CCN,608-07-1,56422.0,3H-5HT,PIG,CAUDATE,,7.08,"SCHLICKER ET AL., 1989",,5-methoxytryptamine,5-MeO-T,7.08,False,8.14996674231023
1196,5-HT1D,HTR1D,172,5-Methoxytryptamine,COC1=CC2=C(C=C1)NC=C2CCN,608-07-1,56422.0,3H-5HT,PIG,CAUDATE,,7.08,"WAEBER ET AL., 1988",,5-methoxytryptamine,5-MeO-T,7.08,False,8.14996674231023
1197,5-HT1D,HTR1D,172,5-Methoxytryptamine,COC1=CC2=C(C=C1)NC=C2CCN,608-07-1,56422.0,3H-5HT,RAT,CORTEX,,70.0,"HERRICK-DAVIS & TITELER, 198",,5-methoxytryptamine,5-MeO-T,70.0,False,7.154901959985743
1198,5-HT1D,HTR1D,172,5-Methoxytryptamine,COC1=CC2=C(C=C1)NC=C2CCN,608-07-1,56422.0,3H-5HT,RAT,STRIATUM,,72.0,"HERRICK-DAVIS & TITELER, 198",,5-methoxytryptamine,5-MeO-T,72.0,False,7.142667503568731
1199,5-HT1D,HTR1D,172,5-Methoxytryptamine,COC1=CC2=C(C=C1)NC=C2CCN,608-07-1,56422.0,3H-5HT,HUMAN,CORTEX,,7.3,"PEROUTKA ET AL., 1989",,5-methoxytryptamine,5-MeO-T,7.3,False,8.136677139879545
1212,5-HT1D,HTR1D,437,"DMT,5-OH",CN(C)CCC1=CNC2=C1C=C(C=C2)O,487-93-4,89593.0,3H-5HT,BOVINE,STRIATUM,,3.71,"PEROUTKA, 1985",,"dmt,5-oh",bufotenine,3.71,False,8.430626090384955
1213,5-HT1D,HTR1D,437,"DMT,5-OH",CN(C)CCC1=CNC2=C1C=C(C=C2)O,487-93-4,89593.0,3H-5HT,COW,CAUDATE,,7.24,"HOYER, 1987",,"dmt,5-oh",bufotenine,7.24,False,8.140261433802854
1214,5-HT1D,HTR1D,437,"DMT,5-OH",CN(C)CCC1=CNC2=C1C=C(C=C2)O,487-93-4,89593.0,3H-5HT,CALF,CAUDATE,,7.24,"HOYER, 1989 (J.R.R.)",,"dmt,5-oh",bufotenine,7.24,False,8.140261433802854
1215,5-HT1D,HTR1D,437,"DMT,5-OH",CN(C)CCC1=CNC2=C1C=C(C=C2)O,487-93-4,89593.0,3H-5HT,CALF,CAUDATE,,7.94,"HOYER, 1988 or 9 (book)",,"dmt,5-oh",bufotenine,7.94,False,8.100179497572904
1216,5-HT1D,HTR1D,437,"DMT,5-OH",CN(C)CCC1=CNC2=C1C=C(C=C2)O,487-93-4,89593.0,3H-5HT,CALF,CAUDATE,,20.4,"WAEBER ET AL., 1988",,"dmt,5-oh",bufotenine,20.4,False,7.690369832574101
1439,5-HT1B,HTR1B,1170,"MDA,R(-)",CC(CC1=CC2=C(C=C1)OCO2)N,3046161,,3H-5HT,RAT,STRIATUM,>,10000.0,"TITELER ET AL., 1988",,"mda,r(-)",MDA R(-),10000.0,True,5.0
1577,5-HT2A,HTR2A,150,5-Hydroxy Tryptamine,C1=CC2=C(C=C1O)C(=CN2)CCN,50-67-9,58241.0,3H-KETANSERIN,RAT,CORTEX,,69.44,"NEALE ET AL., 1987",,5-hydroxy tryptamine,serotonin,69.44,False,7.158390287831565
1578,5-HT2A,HTR2A,150,5-Hydroxy Tryptamine,C1=CC2=C(C=C1O)C(=CN2)CCN,50-67-9,58241.0,3H-KETANSERIN,RAT,CORTEX,,79.4,"HOYER, 1988 (TIPS)",,5-hydroxy tryptamine,serotonin,79.4,False,7.100179497572904
1579,5-HT2A,HTR2A,150,5-Hydroxy Tryptamine,C1=CC2=C(C=C1O)C(=CN2)CCN,50-67-9,58241.0,3H-KETANSERIN,HUMAN,CORTEX,,174.0,"HOYER ET AL., 1987",,5-hydroxy tryptamine,serotonin,174.0,False,6.7594507517174005
1580,5-HT2A,HTR2A,150,5-Hydroxy Tryptamine,C1=CC2=C(C=C1O)C(=CN2)CCN,50-67-9,58241.0,3H-KETANSERIN,RAT,CORTEX,,180.0,"BATTAGLIA ET AL., 1983",,5-hydroxy tryptamine,serotonin,180.0,False,6.7447274948966935
1581,5-HT2A,HTR2A,150,5-Hydroxy Tryptamine,C1=CC2=C(C=C1O)C(=CN2)CCN,50-67-9,58241.0,3H-KETANSERIN,PIG,CORTEX,,214.0,"HOYER ET AL., 1987",,5-hydroxy tryptamine,serotonin,214.0,False,6.669586226650809
1582,5-HT2A,HTR2A,150,5-Hydroxy Tryptamine,C1=CC2=C(C=C1O)C(=CN2)CCN,50-67-9,58241.0,3H-KETANSERIN,RAT,CORTEX,,320.0,"PAZOS ET AL, 1984",,5-hydroxy tryptamine,serotonin,320.0,False,6.494850021680094
1583,5-HT2A,HTR2A,150,5-Hydroxy Tryptamine,C1=CC2=C(C=C1O)C(=CN2)CCN,50-67-9,58241.0,125I-MIL,RAT,CORTEX,,510.36,"HOFFMAN ET AL., 1987",,5-hydroxy tryptamine,serotonin,510.36,False,6.292123371238352
1584,5-HT2A,HTR2A,150,5-Hydroxy Tryptamine,C1=CC2=C(C=C1O)C(=CN2)CCN,50-67-9,58241.0,3H-KETANSERIN,RAT,CORTEX,,560.0,"LYON ET AL., 1988",,5-hydroxy tryptamine,serotonin,560.0,False,6.251811972993799
1585,5-HT2A,HTR2A,150,5-Hydroxy Tryptamine,C1=CC2=C(C=C1O)C(=CN2)CCN,50-67-9,58241.0,3H-KETANSERIN,RAT,CORTEX,,560.0,"LYON ET AL., 1988",,5-hydroxy tryptamine,serotonin,560.0,False,6.251811972993799
1586,5-HT2A,HTR2A,150,5-Hydroxy Tryptamine,C1=CC2=C(C=C1O)C(=CN2)CCN,50-67-9,58241.0,3H-KETANSERIN,RAT,CORTEX,,560.06,"TITELER ET AL., 1984",,5-hydroxy tryptamine,serotonin,560.06,False,6.251765443934751
1587,5-HT2A,HTR2A,150,5-Hydroxy Tryptamine,C1=CC2=C(C=C1O)C(=CN2)CCN,50-67-9,58241.0,3H-KETANSERIN,RAT,CORTEX,,562.0,"BATTAGLIA ET AL., 1984",,5-hydroxy tryptamine,serotonin,562.0,False,6.250263684430939
1588,5-HT2A,HTR2A,150,5-Hydroxy Tryptamine,C1=CC2=C(C=C1O)C(=CN2)CCN,50-67-9,58241.0,3H-SPIPERONE,RAT,CORTEX,,608.91,"LEYSEN ET AL., 1978",,5-hydroxy tryptamine,serotonin,608.91,False,6.215446893560591
1589,5-HT2A,HTR2A,150,5-Hydroxy Tryptamine,C1=CC2=C(C=C1O)C(=CN2)CCN,50-67-9,58241.0,125I-LSD,RAT,CORTEX,,633.96,"HARTIG ET AL., 1983",,5-hydroxy tryptamine,serotonin,633.96,False,6.197938143265436
1590,5-HT2A,HTR2A,150,5-Hydroxy Tryptamine,C1=CC2=C(C=C1O)C(=CN2)CCN,50-67-9,58241.0,3H-MESULERGINE,RAT,CORTEX,,682.0,"CLOSSE, 1983",,5-hydroxy tryptamine,serotonin,682.0,False,6.166215625343521
1591,5-HT2B,HTR2B,150,5-Hydroxy Tryptamine,C1=CC2=C(C=C1O)C(=CN2)CCN,50-67-9,58241.0,3H-KETANSERIN,BOVINE,CORTEX,,750.0,"MCKENNA & PEROUTKA, 1989",http://www.ncbi.nlm.nih.gov/pubmed/2795135?itool=EntrezSystem2.PEntrez.Pubmed.Pubmed_ResultsPanel.Pubmed_RVDocSum&ordinalpos=33,5-hydroxy tryptamine,serotonin,750.0,False,6.1249387366083
1592,5-HT2A,HTR2A,150,5-Hydroxy Tryptamine,C1=CC2=C(C=C1O)C(=CN2)CCN,50-67-9,58241.0,3H-KETANSERIN,RAT,CORTEX,,928.0,"LYON ET AL., 1987",,5-hydroxy tryptamine,serotonin,928.0,False,6.032452023781138
1593,5-HT2A,HTR2A,150,5-Hydroxy Tryptamine,C1=CC2=C(C=C1O)C(=CN2)CCN,50-67-9,58241.0,3H-KETANSERIN,RAT,CORTEX,,930.0,"GLENNON ET AL., 1988",,5-hydroxy tryptamine,serotonin,930.0,False,6.031517051446064
1594,5-HT2A,HTR2A,150,5-Hydroxy Tryptamine,C1=CC2=C(C=C1O)C(=CN2)CCN,50-67-9,58241.0,125I-LSD,RAT,CORTEX,,1118.38,"KADAN ET AL., 1984",,5-hydroxy tryptamine,serotonin,1118.38,False,5.951410608021233
1595,5-HT2A,HTR2A,150,5-Hydroxy Tryptamine,C1=CC2=C(C=C1O)C(=CN2)CCN,50-67-9,58241.0,125I-AZIK,RAT,CORTEX,,1240.61,"WOUTERS ET AL., 1987",,5-hydroxy tryptamine,serotonin,1240.61,False,5.906364722504184
1596,5-HT2A,HTR2A,150,5-Hydroxy Tryptamine,C1=CC2=C(C=C1O)C(=CN2)CCN,50-67-9,58241.0,3H-NMSP,RAT,CORTEX,,1679.0,"LYON ET AL., 1986",,5-hydroxy tryptamine,serotonin,1679.0,False,5.774949303861951
1597,5-HT2A,HTR2A,150,5-Hydroxy Tryptamine,C1=CC2=C(C=C1O)C(=CN2)CCN,50-67-9,58241.0,3H-KETANSERIN,RAT,CORTEX,,1840.0,"GLASER & TRABER, 1985",,5-hydroxy tryptamine,serotonin,1840.0,False,5.735182176990463
1598,5-HT2A,HTR2A,150,5-Hydroxy Tryptamine,C1=CC2=C(C=C1O)C(=CN2)CCN,50-67-9,58241.0,125I-LSD,BOVINE,CAUDATE,,2050.0,"HARTIG ET AL., 1985",,5-hydroxy tryptamine,serotonin,2050.0,False,5.688246138944246
1599,5-HT2A,HTR2A,150,5-Hydroxy Tryptamine,C1=CC2=C(C=C1O)C(=CN2)CCN,50-67-9,58241.0,3H-SPIROPERIDOL,RAT,CORTEX,,2700.0,"PEROUTKA & SNYDER, 1979",,5-hydroxy tryptamine,serotonin,2700.0,False,5.568636235841012
1600,5-HT2A,HTR2A,150,5-Hydroxy Tryptamine,C1=CC2=C(C=C1O)C(=CN2)CCN,50-67-9,58241.0,3H-SPIPERONE,RAT,CORTEX,,2912.68,"CREESE & SNYDER, 1978",,5-hydroxy tryptamine,serotonin,2912.68,False,5.53570722627796
1601,5-HT2A,HTR2A,150,5-Hydroxy Tryptamine,C1=CC2=C(C=C1O)C(=CN2)CCN,50-67-9,58241.0,3H-KETANSERIN,RAT,CORTEX,,2950.0,"HOYER ET AL., 1985",,5-hydroxy tryptamine,serotonin,2950.0,False,5.530177984021837
1602,5-HT2A,HTR2A,150,5-Hydroxy Tryptamine,C1=CC2=C(C=C1O)C(=CN2)CCN,50-67-9,58241.0,3H-KETANSERIN,RAT,CORTEX,,2950.0,"MARKSTEIN ET AL, 1986",,5-hydroxy tryptamine,serotonin,2950.0,False,5.530177984021837
1603,5-HT2A,HTR2A,150,5-Hydroxy Tryptamine,C1=CC2=C(C=C1O)C(=CN2)CCN,50-67-9,58241.0,3H-KETANSERIN,RAT,CORTEX,,2950.0,"ENGEL ET AL, 1986",,5-hydroxy tryptamine,serotonin,2950.0,False,5.530177984021837
1605,5-HT2A,HTR2A,150,5-Hydroxy Tryptamine,C1=CC2=C(C=C1O)C(=CN2)CCN,50-67-9,58241.0,3H-SPIPERONE,HUMAN,CORTEX,,3170.75,"ANDORN ET AL., 1984",,5-hydroxy tryptamine,serotonin,3170.75,False,5.498837998875038
1607,5-HT2A,HTR2A,150,5-Hydroxy Tryptamine,C1=CC2=C(C=C1O)C(=CN2)CCN,50-67-9,58241.0,3H-SPIPERONE,RAT,CORTEX,,4068.66,"FULLER ET AL., 1986",,5-hydroxy tryptamine,serotonin,4068.66,False,5.3905486007078665
1608,5-HT2A,HTR2A,150,5-Hydroxy Tryptamine,C1=CC2=C(C=C1O)C(=CN2)CCN,50-67-9,58241.0,125I-LSD,HUMAN,FR. CORTEX,,4396.0,"ELLIOT & KENT, 1989",,5-hydroxy tryptamine,serotonin,4396.0,False,5.356942316248547
1622,5-HT2A,HTR2A,172,5-Methoxytryptamine,COC1=CC2=C(C=C1)NC=C2CCN,608-07-1,56422.0,3H-KETANSERIN,PIG,CORTEX,,50.1,"HOYER ET AL., 1987",,5-methoxytryptamine,5-MeO-T,50.1,False,7.300162274132754
1623,5-HT2A,HTR2A,172,5-Methoxytryptamine,COC1=CC2=C(C=C1)NC=C2CCN,608-07-1,56422.0,3H-KETANSERIN,RAT,CORTEX,,143.33,"BATTAGLIA ET AL., 1983",,5-methoxytryptamine,5-MeO-T,143.33,False,6.843662899129191
1624,5-HT2A,HTR2A,172,5-Methoxytryptamine,COC1=CC2=C(C=C1)NC=C2CCN,608-07-1,56422.0,3H-KETANSERIN,HUMAN,CORTEX,,295.0,"HOYER ET AL., 1987",,5-methoxytryptamine,5-MeO-T,295.0,False,6.530177984021837
1625,5-HT2A,HTR2A,172,5-Methoxytryptamine,COC1=CC2=C(C=C1)NC=C2CCN,608-07-1,56422.0,3H-KETANSERIN,RAT,CORTEX,,300.0,"LYON ET AL., 1988",,5-methoxytryptamine,5-MeO-T,300.0,False,6.522878745280337
1626,5-HT2A,HTR2A,172,5-Methoxytryptamine,COC1=CC2=C(C=C1)NC=C2CCN,608-07-1,56422.0,3H-KETANSERIN,RAT,CORTEX,,300.0,"LYON ET AL., 1988",,5-methoxytryptamine,5-MeO-T,300.0,False,6.522878745280337
1627,5-HT2A,HTR2A,172,5-Methoxytryptamine,COC1=CC2=C(C=C1)NC=C2CCN,608-07-1,56422.0,3H-KETANSERIN,RAT,CORTEX,,305.0,"LYON ET AL., 1987",,5-methoxytryptamine,5-MeO-T,305.0,False,6.515700160653214
1628,5-HT2A,HTR2A,172,5-Methoxytryptamine,COC1=CC2=C(C=C1)NC=C2CCN,608-07-1,56422.0,3H-KETANSERIN,RAT,CORTEX,,305.0,"GLENNON ET AL., 1988",,5-methoxytryptamine,5-MeO-T,305.0,False,6.515700160653214
1629,5-HT2A,HTR2A,172,5-Methoxytryptamine,COC1=CC2=C(C=C1)NC=C2CCN,608-07-1,56422.0,3H-KETANSERIN,RAT,CORTEX,,617.0,"HOYER, 1988 (TIPS)",,5-methoxytryptamine,5-MeO-T,617.0,False,6.209714835966759
1630,5-HT2A,HTR2A,172,5-Methoxytryptamine,COC1=CC2=C(C=C1)NC=C2CCN,608-07-1,56422.0,3H-KETANSERIN,RAT,CORTEX,,686.0,"BATTAGLIA ET AL., 1984",,5-methoxytryptamine,5-MeO-T,686.0,False,6.163675884293248
1631,5-HT2A,HTR2A,172,5-Methoxytryptamine,COC1=CC2=C(C=C1)NC=C2CCN,608-07-1,56422.0,3H-KETANSERIN,RAT,CORTEX,,1382.0,"TAYLOR ET AL,. 1987",,5-methoxytryptamine,5-MeO-T,1382.0,False,5.85949195696182
1633,5-HT2A,HTR2A,172,5-Methoxytryptamine,COC1=CC2=C(C=C1)NC=C2CCN,608-07-1,56422.0,3H-KETANSERIN,RAT,CORTEX,,2570.0,"MARKSTEIN ET AL, 1986",,5-methoxytryptamine,5-MeO-T,2570.0,False,5.590066876668706
1634,5-HT2A,HTR2A,172,5-Methoxytryptamine,COC1=CC2=C(C=C1)NC=C2CCN,608-07-1,56422.0,3H-KETANSERIN,RAT,CORTEX,,2570.0,"ENGEL ET AL, 1986",,5-methoxytryptamine,5-MeO-T,2570.0,False,5.590066876668706
1635,5-HT2A,HTR2A,172,5-Methoxytryptamine,COC1=CC2=C(C=C1)NC=C2CCN,608-07-1,56422.0,3H-SPIROPERIDOL,RAT,CORTEX,,2700.0,"PEROUTKA & SNYDER, 1979",,5-methoxytryptamine,5-MeO-T,2700.0,False,5.568636235841012
1636,5-HT2A,HTR2A,172,5-Methoxytryptamine,COC1=CC2=C(C=C1)NC=C2CCN,608-07-1,56422.0,3H-KETANSERIN,RAT,CORTEX,,2950.0,"HOYER, 1989 (J.R.R.)",,5-methoxytryptamine,5-MeO-T,2950.0,False,5.530177984021837
1637,5-HT2A,HTR2A,172,5-Methoxytryptamine,COC1=CC2=C(C=C1)NC=C2CCN,608-07-1,56422.0,3H-MESULERGINE,RAT,CORTEX,,3100.0,"CLOSSE, 1983",,5-methoxytryptamine,5-MeO-T,3100.0,False,5.508638306165727
1639,5-HT2A,HTR2A,172,5-Methoxytryptamine,COC1=CC2=C(C=C1)NC=C2CCN,608-07-1,56422.0,3H-SPIPERONE,RAT,CORTEX,,4832.39,"CREESE & SNYDER, 1978",,5-methoxytryptamine,5-MeO-T,4832.39,False,5.315838023059726
1642,5-HT2A,HTR2A,172,5-Methoxytryptamine,COC1=CC2=C(C=C1)NC=C2CCN,608-07-1,56422.0,3H-KETANSERIN,RAT,CORTEX,,684.44,"TITELER ET AL., 1984",,5-methoxytryptamine,5-MeO-T,684.44,False,6.164664617378094
1676,5-HT2A,HTR2A,298,"AMT,(+)",CC(CC1=CNC2=CC=CC=C21)N,,,3H-KETANSERIN,BOVINE,CORTEX,,890.0,"MCKENNA, ET AL., 1989",,"amt,(+)",AMT (+),890.0,False,6.050609993355087
1677,5-HT2A,HTR2A,297,"AMT,(-)",CC(CC1=CNC2=CC=CC=C21)N,1121-91-1,,3H-KETANSERIN,BOVINE,CORTEX,,3500.0,"MCKENNA, ET AL., 1989",,"amt,(-)",AMT (-),3500.0,False,5.455931955649724
1702,5-HT2A,HTR2A,437,"DMT,5-OH",CN(C)CCC1=CNC2=C1C=C(C=C2)O,487-93-4,89593.0,3H-KETANSERIN,RAT,CORTEX,,121.33,"BATTAGLIA ET AL., 1983",,"dmt,5-oh",bufotenine,121.33,False,6.9160318024015845
1703,5-HT2A,HTR2A,437,"DMT,5-OH",CN(C)CCC1=CNC2=C1C=C(C=C2)O,487-93-4,89593.0,3H-MESULERGINE,RAT,CORTEX,,230.0,"CLOSSE, 1983",,"dmt,5-oh",bufotenine,230.0,False,6.638272163982407
1704,5-HT2A,HTR2A,437,"DMT,5-OH",CN(C)CCC1=CNC2=C1C=C(C=C2)O,487-93-4,89593.0,3H-SPIPERONE,RAT,CORTEX,,304.45,"LEYSEN ET AL., 1978",,"dmt,5-oh",bufotenine,304.45,False,6.516484021609459
1705,5-HT2A,HTR2A,437,"DMT,5-OH",CN(C)CCC1=CNC2=C1C=C(C=C2)O,487-93-4,89593.0,3H-KETANSERIN,BOVINE,CORTEX,,330.0,"MCKENNA, ET AL., 1989",,"dmt,5-oh",bufotenine,330.0,False,6.481486060122112
1706,5-HT2A,HTR2A,437,"DMT,5-OH",CN(C)CCC1=CNC2=C1C=C(C=C2)O,487-93-4,89593.0,3H-KETANSERIN,RAT,CORTEX,,380.0,"ENGEL ET AL, 1986",,"dmt,5-oh",bufotenine,380.0,False,6.42021640338319
1707,5-HT2A,HTR2A,437,"DMT,5-OH",CN(C)CCC1=CNC2=C1C=C(C=C2)O,487-93-4,89593.0,3H-KETANSERIN,RAT,CORTEX,,380.0,"HOYER, 1989 (J.R.R.)",,"dmt,5-oh",bufotenine,380.0,False,6.42021640338319
1710,5-HT2A,HTR2A,437,"DMT,5-OH",CN(C)CCC1=CNC2=C1C=C(C=C2)O,487-93-4,89593.0,125I-AZIK,RAT,CORTEX,,420.27,"WOUTERS ET AL., 1987",,"dmt,5-oh",bufotenine,420.27,False,6.376471609993285
1711,5-HT2A,HTR2A,437,"DMT,5-OH",CN(C)CCC1=CNC2=C1C=C(C=C2)O,487-93-4,89593.0,3H-KETANSERIN,RAT,CORTEX,,477.8,"TITELER ET AL., 1984",,"dmt,5-oh",bufotenine,477.8,False,6.32075385458614
1712,5-HT2A,HTR2A,437,"DMT,5-OH",CN(C)CCC1=CNC2=C1C=C(C=C2)O,487-93-4,89593.0,3H-KETANSERIN,RAT,CORTEX,,479.0,"BATTAGLIA ET AL., 1984",,"dmt,5-oh",bufotenine,479.0,False,6.319664486585436
1713,5-HT2A,HTR2A,437,"DMT,5-OH",CN(C)CCC1=CNC2=C1C=C(C=C2)O,487-93-4,89593.0,3H-SPIROPERIDOL,RAT,CORTEX,,840.0,"PEROUTKA & SNYDER, 1979",,"dmt,5-oh",bufotenine,840.0,False,6.075720713938118
1714,5-HT2A,HTR2A,437,"DMT,5-OH",CN(C)CCC1=CNC2=C1C=C(C=C2)O,487-93-4,89593.0,3H-SPIPERONE,RAT,CORTEX,,1522.54,"CREESE & SNYDER, 1978",,"dmt,5-oh",bufotenine,1522.54,False,5.8174312888093205
1715,5-HT2A,HTR2A,437,"DMT,5-OH",CN(C)CCC1=CNC2=C1C=C(C=C2)O,487-93-4,89593.0,3H-KETANSERIN,RAT,CORTEX,>,10000.0,"HOYER, 1988 (TIPS)",,"dmt,5-oh",bufotenine,10000.0,True,5.0
1831,5-HT2A,HTR2A,640,"DET,4-OH",,,,3H-KETANSERIN,BOVINE,CORTEX,,580.0,"MCKENNA, ET AL., 1989",,"det,4-oh",4-HO-DET,580.0,False,6.236572006437063
1832,5-HT2A,HTR2A,641,"DET,5-MeO",,,,3H-KETANSERIN,RAT,CORTEX,,1120.0,"LYON ET AL., 1988",,"det,5-meo",5-MeO-DET,1120.0,False,5.950781977329818
1833,5-HT2A,HTR2A,641,"DET,5-MeO",,,,3H-KETANSERIN,RAT,CORTEX,,1120.0,"LYON ET AL., 1988",,"det,5-meo",5-MeO-DET,1120.0,False,5.950781977329818
1842,5-HT2A,HTR2A,678,"DIPT,5-OH",,,,3H-KETANSERIN,BOVINE,CORTEX,,615.0,"MCKENNA, ET AL., 1989",,"dipt,5-oh",5-HO-DiPT,615.0,False,6.211124884224583
1853,5-HT2A,HTR2A,693,"DMT,4-MeO",,,,3H-KETANSERIN,RAT,CORTEX,,1300.0,"LYON ET AL., 1988",,"dmt,4-meo",4-MeO-DMT,1300.0,False,5.886056647693163
1854,5-HT2A,HTR2A,693,"DMT,4-MeO",,,,3H-KETANSERIN,RAT,CORTEX,,1300.0,"LYON ET AL., 1988",,"dmt,4-meo",4-MeO-DMT,1300.0,False,5.886056647693163
1855,5-HT2A,HTR2A,695,"DMT,5-MeO",CN(C)CCC1=CNC2=C1C=C(C=C2)OC,1832,,3H-KETANSERIN,HUMAN,CORTEX,,207.0,"SADZOT ET AL., 1989",,"dmt,5-meo",5-MeO-DMT,207.0,False,6.684029654543082
1856,5-HT2A,HTR2A,695,"DMT,5-MeO",CN(C)CCC1=CNC2=C1C=C(C=C2)OC,1832,,3H-KETANSERIN,BOVINE,CORTEX,,390.0,"MCKENNA, ET AL., 1989",,"dmt,5-meo",5-MeO-DMT,390.0,False,6.4089353929735005
1857,5-HT2A,HTR2A,695,"DMT,5-MeO",CN(C)CCC1=CNC2=C1C=C(C=C2)OC,1832,,3H-KETANSERIN,RAT,CORTEX,,600.0,"LYON ET AL., 1988",,"dmt,5-meo",5-MeO-DMT,600.0,False,6.221848749616356
1858,5-HT2A,HTR2A,695,"DMT,5-MeO",CN(C)CCC1=CNC2=C1C=C(C=C2)OC,1832,,3H-KETANSERIN,RAT,CORTEX,,600.0,"LYON ET AL., 1988",,"dmt,5-meo",5-MeO-DMT,600.0,False,6.221848749616356
1859,5-HT2A,HTR2A,695,"DMT,5-MeO",CN(C)CCC1=CNC2=C1C=C(C=C2)OC,1832,,3H-KETANSERIN,RAT,CORTEX,,616.0,"LYON ET AL., 1987",,"dmt,5-meo",5-MeO-DMT,616.0,False,6.210419287835574
1860,5-HT2A,HTR2A,695,"DMT,5-MeO",CN(C)CCC1=CNC2=C1C=C(C=C2)OC,1832,,3H-KETANSERIN,RAT,CORTEX,,617.0,"HOYER, 1988 (TIPS)",,"dmt,5-meo",5-MeO-DMT,617.0,False,6.209714835966759
1861,5-HT2A,HTR2A,695,"DMT,5-MeO",CN(C)CCC1=CNC2=C1C=C(C=C2)OC,1832,,3H-KETANSERIN,RAT,CORTEX,,620.0,"GLENNON ET AL., 1988",,"dmt,5-meo",5-MeO-DMT,620.0,False,6.207608310501746
1862,5-HT2B,HTR2B,695,"DMT,5-MeO",CN(C)CCC1=CNC2=C1C=C(C=C2)OC,1832,,3H-KETANSERIN,BOVINE,CORTEX,,1300.0,"MCKENNA & PEROUTKA, 1989",http://www.ncbi.nlm.nih.gov/pubmed/2795135?itool=EntrezSystem2.PEntrez.Pubmed.Pubmed_ResultsPanel.Pubmed_RVDocSum&ordinalpos=33,"dmt,5-meo",5-MeO-DMT,1300.0,False,5.886056647693163
1863,5-HT2A,HTR2A,696,"DMT,5-MeO-7-M",,,,3H-KETANSERIN,RAT,CORTEX,,360.0,"LYON ET AL., 1988",,"dmt,5-meo-7-m",5-MeO-7-Me-DMT,360.0,False,6.443697499232712
1864,5-HT2A,HTR2A,696,"DMT,5-MeO-7-M",,,,3H-KETANSERIN,RAT,CORTEX,,360.0,"LYON ET AL., 1988",,"dmt,5-meo-7-m",5-MeO-7-Me-DMT,360.0,False,6.443697499232712
1865,5-HT2A,HTR2A,437,"DMT,5-OH",CN(C)CCC1=CNC2=C1C=C(C=C2)O,487-93-4,89593.0,3H-KETANSERIN,RAT,CORTEX,,297.0,"LYON ET AL., 1987",,"dmt,5-oh",bufotenine,297.0,False,6.527243550682788
1866,5-HT2A,HTR2A,437,"DMT,5-OH",CN(C)CCC1=CNC2=C1C=C(C=C2)O,487-93-4,89593.0,3H-KETANSERIN,RAT,CORTEX,,480.0,"LYON ET AL., 1988",,"dmt,5-oh",bufotenine,480.0,False,6.318758762624412
1867,5-HT2A,HTR2A,437,"DMT,5-OH",CN(C)CCC1=CNC2=C1C=C(C=C2)O,487-93-4,89593.0,3H-KETANSERIN,RAT,CORTEX,,480.0,"LYON ET AL., 1988",,"dmt,5-oh",bufotenine,480.0,False,6.318758762624412
1868,5-HT2A,HTR2A,698,"DMT,6-MeO",,,,3H-KETANSERIN,RAT,CORTEX,,7300.0,"LYON ET AL., 1988",,"dmt,6-meo",6-MeO-DMT,7300.0,False,5.136677139879544
1869,5-HT2A,HTR2A,698,"DMT,6-MeO",,,,3H-KETANSERIN,RAT,CORTEX,,7300.0,"LYON ET AL., 1988",,"dmt,6-meo",6-MeO-DMT,7300.0,False,5.136677139879544
1870,5-HT2A,HTR2A,699,"DMT,7-Br",,,,3H-KETANSERIN,RAT,CORTEX,,170.0,"LYON ET AL., 1988",,"dmt,7-br",7-Br-DMT,170.0,False,6.769551078621726
1871,5-HT2A,HTR2A,699,"DMT,7-Br",,,,3H-KETANSERIN,RAT,CORTEX,,170.0,"LYON ET AL., 1988",,"dmt,7-br",7-Br-DMT,170.0,False,6.769551078621726
1872,5-HT2A,HTR2A,700,"DMT,7-MeO",,,,3H-KETANSERIN,RAT,CORTEX,,5400.0,"LYON ET AL., 1988",,"dmt,7-meo",7-MeO-DMT,5400.0,False,5.267606240177031
1873,5-HT2A,HTR2A,700,"DMT,7-MeO",,,,3H-KETANSERIN,RAT,CORTEX,,5400.0,"LYON ET AL., 1988",,"dmt,7-meo",7-MeO-DMT,5400.0,False,5.267606240177031
1874,5-HT2A,HTR2A,701,"DMT,7-OH",,,,3H-KETANSERIN,RAT,CORTEX,>,10000.0,"LYON ET AL., 1988",,"dmt,7-oh",7-OH-DMT,10000.0,True,5.0
1875,5-HT2A,HTR2A,701,"DMT,7-OH",,,,3H-KETANSERIN,RAT,CORTEX,>,10000.0,"LYON ET AL., 1988",,"dmt,7-oh",7-OH-DMT,10000.0,True,5.0
1884,5-HT2A,HTR2A,707,"DOB,BENZYLOXY-",CC(CC1=CC(=C(C=C1OC)Br)OC)N.Br,62064,,3H-KETANSERIN,RAT,CORTEX,,140.0,"LYON ET AL., 1988",,"dob,benzyloxy-",BenzO-DOB,140.0,False,6.853871964321762
1885,5-HT2A,HTR2A,708,"DOB,OH-",,,,3H-KETANSERIN,RAT,CORTEX,,210.0,"LYON ET AL., 1988",,"dob,oh-",OH-DOB,210.0,False,6.6777807052660805
1897,5-HT2A,HTR2A,723,"DOM,iso",,,,3H-KETANSERIN,HUMAN,CORTEX,,6299.0,"SADZOT ET AL., 1989",,"dom,iso",DOM-iso,6299.0,False,5.200728391650127
2204,5-HT1B,HTR1B,1866,"TMA,2,4,5-",,,,3H-5HT,RAT,STRIATUM,>,10000.0,"TITELER ET AL., 1988",,"tma,2,4,5-","TMA-2,4,5",10000.0,True,5.0
2212,5-HT3,HTR3A,150,5-Hydroxy Tryptamine,C1=CC2=C(C=C1O)C(=CN2)CCN,50-67-9,58241.0,3H-LY 278584,RAT,CORTEX,,39.3,"WONG ET AL., 1989",,5-hydroxy tryptamine,serotonin,39.3,False,7.405607449624574
2214,5-HT3,HTR3A,150,5-Hydroxy Tryptamine,C1=CC2=C(C=C1O)C(=CN2)CCN,50-67-9,58241.0,3H-GR-65630,RAT,AREA POSTREMA,,71.46,"Kilpatrick et al., 1989",,5-hydroxy tryptamine,serotonin,71.46,False,7.145936988133579
2215,5-HT3,HTR3A,150,5-Hydroxy Tryptamine,C1=CC2=C(C=C1O)C(=CN2)CCN,50-67-9,58241.0,3H-GR-65630,RAT,VAGUS NERVE,,72.86,"Kilpatrick et al., 1989",,5-hydroxy tryptamine,serotonin,72.86,False,7.137510833094103
2216,5-HT3,HTR3A,150,5-Hydroxy Tryptamine,C1=CC2=C(C=C1O)C(=CN2)CCN,50-67-9,58241.0,3H-ICS 205-930,RAT,CORTEX,,121.0,"GIRALDO ET AL., 1989",,5-hydroxy tryptamine,serotonin,121.0,False,6.917214629683549
2219,5-HT3,HTR3A,150,5-Hydroxy Tryptamine,C1=CC2=C(C=C1O)C(=CN2)CCN,50-67-9,58241.0,3H-GR-65630,RAT,ENTO CORTEX,,128.0,"Kilpatrick et al., 1987",,5-hydroxy tryptamine,serotonin,128.0,False,6.892790030352131
2221,5-HT3,HTR3A,150,5-Hydroxy Tryptamine,C1=CC2=C(C=C1O)C(=CN2)CCN,50-67-9,58241.0,3H-QUIPAZINE,RAT,CORTEX,,130.0,"MILBURN & PEROUTKA, 1989",,5-hydroxy tryptamine,serotonin,130.0,False,6.886056647693163
2222,5-HT3,HTR3A,150,5-Hydroxy Tryptamine,C1=CC2=C(C=C1O)C(=CN2)CCN,50-67-9,58241.0,3H-QICS 205-930,RAT,CORTEX,,134.23,"WATLING ET AL., 1988",,5-hydroxy tryptamine,serotonin,134.23,False,6.872150409812361
2224,5-HT3,HTR3A,150,5-Hydroxy Tryptamine,C1=CC2=C(C=C1O)C(=CN2)CCN,50-67-9,58241.0,3H-BRL 43694,RAT,CORTEX,,160.0,"NELSON & THOMAS, 1989",,5-hydroxy tryptamine,serotonin,160.0,False,6.795880017344075
2226,5-HT3,HTR3A,150,5-Hydroxy Tryptamine,C1=CC2=C(C=C1O)C(=CN2)CCN,50-67-9,58241.0,3H-QUIPAZINE,RAT,CORTEX,,160.0,"PEROUTKA, 1988",,5-hydroxy tryptamine,serotonin,160.0,False,6.795880017344075
2227,5-HT3,HTR3A,150,5-Hydroxy Tryptamine,C1=CC2=C(C=C1O)C(=CN2)CCN,50-67-9,58241.0,3H-QUIPAZINE,PIG,CORTEX,,160.0,"PEROUTKA, 1988",,5-hydroxy tryptamine,serotonin,160.0,False,6.795880017344075
2228,5-HT3,HTR3A,150,5-Hydroxy Tryptamine,C1=CC2=C(C=C1O)C(=CN2)CCN,50-67-9,58241.0,3H-QUIPAZINE,RAT,CORTEX,,190.0,"PEROUTKA & HAMIK, 1988",,5-hydroxy tryptamine,serotonin,190.0,False,6.721246399047171
2231,5-HT3,HTR3A,150,5-Hydroxy Tryptamine,C1=CC2=C(C=C1O)C(=CN2)CCN,50-67-9,58241.0,3H-ICS 205-930,N1E-115,CELLS,,380.0,"HOYER & NEIJT, 1988",,5-hydroxy tryptamine,serotonin,380.0,False,6.42021640338319
2232,5-HT3,HTR3A,150,5-Hydroxy Tryptamine,C1=CC2=C(C=C1O)C(=CN2)CCN,50-67-9,58241.0,3H-ZACOPRIDE,HUMAN,AMYGDALA,,427.0,"BARNES ET AL., 1989",,5-hydroxy tryptamine,serotonin,427.0,False,6.369572124974976
2234,5-HT3,HTR3A,150,5-Hydroxy Tryptamine,C1=CC2=C(C=C1O)C(=CN2)CCN,50-67-9,58241.0,3H-ZACOPRIDE,RAT,ENTO CORTEX,,642.0,"BARNES ET AL., 1988",,5-hydroxy tryptamine,serotonin,642.0,False,6.192464971931146
2235,5-HT3,HTR3A,150,5-Hydroxy Tryptamine,C1=CC2=C(C=C1O)C(=CN2)CCN,50-67-9,58241.0,3H-ZACOPRIDE,HUMAN,AMYGDALA,,759.0,"BARNES ET AL., 1988",,5-hydroxy tryptamine,serotonin,759.0,False,6.11975822410452
2236,5-HT3,HTR3A,150,5-Hydroxy Tryptamine,C1=CC2=C(C=C1O)C(=CN2)CCN,50-67-9,58241.0,3H-ICS 205-930,NG,NG108-15,,891.0,"HOYER & NEIJT, 1987",,5-hydroxy tryptamine,serotonin,891.0,False,6.050122295963125
2237,5-HT3,HTR3A,150,5-Hydroxy Tryptamine,C1=CC2=C(C=C1O)C(=CN2)CCN,50-67-9,58241.0,3H-ICS 205-930,NG,NG108-15,,912.0,"NEIJT ET AL, 1988",,5-hydroxy tryptamine,serotonin,912.0,False,6.0400051616715835
2238,5-HT3,HTR3A,150,5-Hydroxy Tryptamine,C1=CC2=C(C=C1O)C(=CN2)CCN,50-67-9,58241.0,3H-ZACOPRIDE,HUMAN,HIPPOCAMPUS,,1550.0,"BARNES ET AL., 1989",,5-hydroxy tryptamine,serotonin,1550.0,False,5.809668301829708
2239,5-HT3,HTR3A,150,5-Hydroxy Tryptamine,C1=CC2=C(C=C1O)C(=CN2)CCN,50-67-9,58241.0,3H-ZACOPRIDE,HUMAN,HIPPOCAMPUS,,2090.0,"BARNES ET AL., 1988",,5-hydroxy tryptamine,serotonin,2090.0,False,5.679853713888946
2261,5-HT3,HTR3A,172,5-Methoxytryptamine,COC1=CC2=C(C=C1)NC=C2CCN,608-07-1,56422.0,3H-ICS 205-930,N1E-115,CELLS,>,10000.0,"HOYER & NEIJT, 1988",,5-methoxytryptamine,5-MeO-T,10000.0,True,5.0
2276,5-HT3,HTR3A,437,"DMT,5-OH",CN(C)CCC1=CNC2=C1C=C(C=C2)O,487-93-4,89593.0,3H-QUIPAZINE,RAT,CORTEX,,34.0,"MILBURN & PEROUTKA, 1989",,"dmt,5-oh",bufotenine,34.0,False,7.468521082957745
2585,5-HT2A,HTR2A,1921,"TRYPTAMINE,5-MeO,a-",,,,3H-KETANSERIN,RAT,CORTEX,,310.0,"LYON ET AL., 1988",,"tryptamine,5-meo,a-",5-MeO-AMT,310.0,False,6.508638306165727
2586,5-HT2A,HTR2A,1921,"TRYPTAMINE,5-MeO,a-",,,,3H-KETANSERIN,RAT,CORTEX,,320.0,"LYON ET AL., 1988",,"tryptamine,5-meo,a-",5-MeO-AMT,320.0,False,6.494850021680094
2587,5-HT2A,HTR2A,1921,"TRYPTAMINE,5-MeO,a-",,,,3H-KETANSERIN,RAT,CORTEX,,320.0,"LYON ET AL., 1988",,"tryptamine,5-meo,a-",5-MeO-AMT,320.0,False,6.494850021680094
2588,5-HT2A,HTR2A,1921,"TRYPTAMINE,5-MeO,a-",,,,3H-KETANSERIN,RAT,CORTEX,,310.0,"LYON ET AL., 1988",,"tryptamine,5-meo,a-",5-MeO-AMT,310.0,False,6.508638306165727
2589,5-HT2A,HTR2A,1922,"TRYPTAMINE,a-Me",,,,3H-KETANSERIN,RAT,CORTEX,,2500.0,"LYON ET AL., 1988",,"tryptamine,a-me",AMT,2500.0,False,5.6020599913279625
2590,5-HT2A,HTR2A,1922,"TRYPTAMINE,a-Me",,,,3H-KETANSERIN,RAT,CORTEX,,2500.0,"LYON ET AL., 1988",,"tryptamine,a-me",AMT,2500.0,False,5.6020599913279625
2591,5-HT2A,HTR2A,1924,"TRYPTAMINE,a-Me(+)",,,,3H-KETANSERIN,RAT,CORTEX,,3100.0,"LYON ET AL., 1988",,"tryptamine,a-me(+)",AMT (+),3100.0,False,5.508638306165727
2592,5-HT2A,HTR2A,1924,"TRYPTAMINE,a-Me(+)",,,,3H-KETANSERIN,RAT,CORTEX,,3100.0,"LYON ET AL., 1988",,"tryptamine,a-me(+)",AMT (+),3100.0,False,5.508638306165727
2593,5-HT2A,HTR2A,1923,"TRYPTAMINE,a-Me(-)",,,,3H-KETANSERIN,RAT,CORTEX,,5000.0,"LYON ET AL., 1988",,"tryptamine,a-me(-)",AMT (-),5000.0,False,5.301029995663981
2594,5-HT2A,HTR2A,1923,"TRYPTAMINE,a-Me(-)",,,,3H-KETANSERIN,RAT,CORTEX,,5000.0,"LYON ET AL., 1988",,"tryptamine,a-me(-)",AMT (-),5000.0,False,5.301029995663981
2595,5-HT2A,HTR2A,1925,"TRYPTAMINE,a-MeISO",,,,3H-KETANSERIN,RAT,CORTEX,,5000.0,"LYON ET AL., 1988",,"tryptamine,a-meiso",AMT-iso,5000.0,False,5.301029995663981
2596,5-HT2A,HTR2A,1925,"TRYPTAMINE,a-MeISO",,,,3H-KETANSERIN,RAT,CORTEX,,5000.0,"LYON ET AL., 1988",,"tryptamine,a-meiso",AMT-iso,5000.0,False,5.301029995663981
2885,5-HT2A,HTR2A,1094,"LSD,(+)",CCN(CC)C(=O)C1CN(C2CC3=CNC4=CC=CC(=C34)C2=C1)C,5761,,125I-MIL,RAT,CORTEX,,0.98,"HOFFMAN ET AL., 1987",,"lsd,(+)",LSD (+),0.98,False,9.008773924307505
2886,5-HT2A,HTR2A,1094,"LSD,(+)",CCN(CC)C(=O)C1CN(C2CC3=CNC4=CC=CC(=C34)C2=C1)C,5761,,125I-LSD,RAT,CORTEX,,2.91,"HARTIG ET AL., 1983",,"lsd,(+)",LSD (+),2.91,False,8.536107011014092
2887,5-HT2A,HTR2A,1094,"LSD,(+)",CCN(CC)C(=O)C1CN(C2CC3=CNC4=CC=CC(=C34)C2=C1)C,5761,,125I-LSD,RAT,CORTEX,,2.92,"KADAN ET AL., 1984",,"lsd,(+)",LSD (+),2.92,False,8.534617148551582
2888,5-HT2A,HTR2A,1094,"LSD,(+)",CCN(CC)C(=O)C1CN(C2CC3=CNC4=CC=CC(=C34)C2=C1)C,5761,,125I-LSD,BOVINE,CAUDATE,,3.8,"HARTIG ET AL., 1985",,"lsd,(+)",LSD (+),3.8,False,8.42021640338319
2889,5-HT2A,HTR2A,1093,"LSD,(-)",CCN(CC)C(=O)C1CN(C2CC3=CNC4=CC=CC(=C34)C2=C1)C,5761,,125I-LSD,RAT,CORTEX,,528.3,"HARTIG ET AL., 1983",,"lsd,(-)",LSD (-),528.3,False,6.277119389313061
2890,5-HT2A,HTR2A,1093,"LSD,(-)",CCN(CC)C(=O)C1CN(C2CC3=CNC4=CC=CC(=C34)C2=C1)C,5761,,125I-MIL,RAT,CORTEX,,4082.84,"HOFFMAN ET AL., 1987",,"lsd,(-)",LSD (-),4082.84,False,5.38903763905291
2891,5-HT2A,HTR2A,1093,"LSD,(-)",CCN(CC)C(=O)C1CN(C2CC3=CNC4=CC=CC(=C34)C2=C1)C,5761,,125I-LSD,BOVINE,CAUDATE,,5000.0,"HARTIG ET AL., 1985",,"lsd,(-)",LSD (-),5000.0,False,5.301029995663981
2892,5-HT2A,HTR2A,1093,"LSD,(-)",CCN(CC)C(=O)C1CN(C2CC3=CNC4=CC=CC(=C34)C2=C1)C,5761,,125I-LSD,RAT,CORTEX,,5300.35,"KADAN ET AL., 1984",,"lsd,(-)",LSD (-),5300.35,False,5.275695451521868
2893,5-HT2A,HTR2A,1095,"LSD,2-Bromo",,,,3H-SPIROPERIDOL,RAT,CORTEX,,2.5,"PEROUTKA & SNYDER, 1979",,"lsd,2-bromo",2-Bromo-LSD,2.5,False,8.602059991327963
2894,5-HT2A,HTR2A,1095,"LSD,2-Bromo",,,,125I-LSD,HUMAN,FR. CORTEX,,2.8,"ELLIOT & KENT, 1989",,"lsd,2-bromo",2-Bromo-LSD,2.8,False,8.55284196865778
2904,5-HT2A,HTR2A,1092,"LSD, IODO",CCN(CC)C(=O)C1CN(C2CC3=C(NC4=CC=CC(=C34)C2=C1)I)C,151142,,125I-LSD,RAT,CORTEX,,1.51,"ENGEL ET AL, 1984",,"lsd, iodo",Iodo-LSD,1.51,False,8.821023052706831
2919,5-HT2A,HTR2A,1170,"MDA,R(-)",CC(CC1=CC2=C(C=C1)OCO2)N,3046161,,3H-KETANSERIN,RAT,CORTEX,,3425.0,"LYON ET AL., 1986",,"mda,r(-)",MDA R(-),3425.0,False,5.465339424171556
3361,5-HT1A,HTR1A,1170,"MDA,R(-)",CC(CC1=CC2=C(C=C1)OCO2)N,3046161,,3H-8-OH-DPAT,HUMAN,CLONED,>,10000.0,"TOLL L, et. al., 1998",http://www.ncbi.nlm.nih.gov/entrez/query.fcgi?cmd=Retrieve&db=PubMed&list_uids=9686407&dopt=Abstract,"mda,r(-)",MDA R(-),10000.0,True,5.0
3380,5-HT1A,HTR1A,150,5-Hydroxy Tryptamine,C1=CC2=C(C=C1O)C(=CN2)CCN,50-67-9,58241.0,3H-8-OH-DPAT,HUMAN,CLONED,,1.3,"TOLL L, et. al., 1998",http://www.ncbi.nlm.nih.gov/entrez/query.fcgi?cmd=Retrieve&db=PubMed&list_uids=9686407&dopt=Abstract,5-hydroxy tryptamine,serotonin,1.3,False,8.886056647693163
3513,5-HT2A,HTR2A,1170,"MDA,R(-)",CC(CC1=CC2=C(C=C1)OCO2)N,3046161,,3H-KETANSERIN,RAT,CLONED,,3296.0,"TOLL L, et. al., 1998",http://www.ncbi.nlm.nih.gov/entrez/query.fcgi?cmd=Retrieve&db=PubMed&list_uids=9686407&dopt=Abstract,"mda,r(-)",MDA R(-),3296.0,False,5.482012796974922
3532,5-HT2A,HTR2A,150,5-Hydroxy Tryptamine,C1=CC2=C(C=C1O)C(=CN2)CCN,50-67-9,58241.0,3H-KETANSERIN,RAT,CLONED,,96.0,"TOLL L, et. al., 1998",http://www.ncbi.nlm.nih.gov/entrez/query.fcgi?cmd=Retrieve&db=PubMed&list_uids=9686407&dopt=Abstract,5-hydroxy tryptamine,serotonin,96.0,False,7.017728766960431
3572,5-HT2C,HTR2C,1170,"MDA,R(-)",CC(CC1=CC2=C(C=C1)OCO2)N,3046161,,3H-MESULERGINE,RAT,CLONED,,2598.0,"TOLL L, et. al., 1998",http://www.ncbi.nlm.nih.gov/entrez/query.fcgi?cmd=Retrieve&db=PubMed&list_uids=9686407&dopt=Abstract,"mda,r(-)",MDA R(-),2598.0,False,5.585360853262991
3591,5-HT2C,HTR2C,150,5-Hydroxy Tryptamine,C1=CC2=C(C=C1O)C(=CN2)CCN,50-67-9,58241.0,3H-MESULERGINE,RAT,CLONED,,44.0,"TOLL L, et. al., 1998",http://www.ncbi.nlm.nih.gov/entrez/query.fcgi?cmd=Retrieve&db=PubMed&list_uids=9686407&dopt=Abstract,5-hydroxy tryptamine,serotonin,44.0,False,7.356547323513812
3630,5-HT3,HTR3A,1170,"MDA,R(-)",CC(CC1=CC2=C(C=C1)OCO2)N,3046161,,3H-GR-65630,MOUSE,NG108-15,>,10000.0,"TOLL L, et. al., 1998",http://www.ncbi.nlm.nih.gov/entrez/query.fcgi?cmd=Retrieve&db=PubMed&list_uids=9686407&dopt=Abstract,"mda,r(-)",MDA R(-),10000.0,True,5.0
3648,5-HT3,HTR3A,150,5-Hydroxy Tryptamine,C1=CC2=C(C=C1O)C(=CN2)CCN,50-67-9,58241.0,3H-GR-65630,MOUSE,NG108-15,,292.0,"TOLL L, et. al., 1998",http://www.ncbi.nlm.nih.gov/entrez/query.fcgi?cmd=Retrieve&db=PubMed&list_uids=9686407&dopt=Abstract,5-hydroxy tryptamine,serotonin,292.0,False,6.534617148551582
3935,5-HT6,HTR6,437,"DMT,5-OH",CN(C)CCC1=CNC2=C1C=C(C=C2)O,487-93-4,89593.0,3H-LSD,RAT,CLONED,,112.2,"BOESS FG, ET AL., 1996",http://www.ncbi.nlm.nih.gov/entrez/query.fcgi?cmd=Retrieve&db=PubMed&list_uids=9225298&dopt=Abstract,"dmt,5-oh",bufotenine,112.2,False,6.950007143079858
3936,5-HT6,HTR6,172,5-Methoxytryptamine,COC1=CC2=C(C=C1)NC=C2CCN,608-07-1,56422.0,3H-LSD,RAT,CLONED,,128.82,"BOESS FG, ET AL., 1996",http://www.ncbi.nlm.nih.gov/entrez/query.fcgi?cmd=Retrieve&db=PubMed&list_uids=9225298&dopt=Abstract,5-methoxytryptamine,5-MeO-T,128.82,False,6.890016705180107
3937,5-HT6,HTR6,150,5-Hydroxy Tryptamine,C1=CC2=C(C=C1O)C(=CN2)CCN,50-67-9,58241.0,3H-LSD,RAT,CLONED,,234.42,"BOESS FG, ET AL., 1996",http://www.ncbi.nlm.nih.gov/entrez/query.fcgi?cmd=Retrieve&db=PubMed&list_uids=9225298&dopt=Abstract,5-hydroxy tryptamine,serotonin,234.42,False,6.630005338391571
3955,5-HT6,HTR6,437,"DMT,5-OH",CN(C)CCC1=CNC2=C1C=C(C=C2)O,487-93-4,89593.0,3H-5HT,RAT,CLONED,,4.46,"BOESS FG, ET AL., 1996",http://www.ncbi.nlm.nih.gov/entrez/query.fcgi?cmd=Retrieve&db=PubMed&list_uids=9225298&dopt=Abstract,"dmt,5-oh",bufotenine,4.46,False,8.350665141287859
3956,5-HT6,HTR6,172,5-Methoxytryptamine,COC1=CC2=C(C=C1)NC=C2CCN,608-07-1,56422.0,3H-5HT,RAT,CLONED,,3.71,"BOESS FG, ET AL., 1996",http://www.ncbi.nlm.nih.gov/entrez/query.fcgi?cmd=Retrieve&db=PubMed&list_uids=9225298&dopt=Abstract,5-methoxytryptamine,5-MeO-T,3.71,False,8.430626090384955
3957,5-HT6,HTR6,150,5-Hydroxy Tryptamine,C1=CC2=C(C=C1O)C(=CN2)CCN,50-67-9,58241.0,3H-5HT,RAT,CLONED,,12.58,"BOESS FG, ET AL., 1996",http://www.ncbi.nlm.nih.gov/entrez/query.fcgi?cmd=Retrieve&db=PubMed&list_uids=9225298&dopt=Abstract,5-hydroxy tryptamine,serotonin,12.58,False,7.90031935889075
4156,5-HT1D,HTR1D,172,5-Methoxytryptamine,COC1=CC2=C(C=C1)NC=C2CCN,608-07-1,56422.0,3H-5HT,HUMAN,CLONED,,2.2,"HAMBLIN AND METCALF, 1991",http://www.ncbi.nlm.nih.gov/entrez/query.fcgi?cmd=Retrieve&db=PubMed&list_uids=1652050&dopt=Abstract,5-methoxytryptamine,5-MeO-T,2.2,False,8.657577319177793
4159,5-HT1D,HTR1D,150,5-Hydroxy Tryptamine,C1=CC2=C(C=C1O)C(=CN2)CCN,50-67-9,58241.0,3H-5HT,HUMAN,CLONED,,8.9,"HAMBLIN AND METCALF, 1991",http://www.ncbi.nlm.nih.gov/entrez/query.fcgi?cmd=Retrieve&db=PubMed&list_uids=1652050&dopt=Abstract,5-hydroxy tryptamine,serotonin,8.9,False,8.050609993355087
4170,5-HT1D,HTR1D,150,5-Hydroxy Tryptamine,C1=CC2=C(C=C1O)C(=CN2)CCN,50-67-9,58241.0,3H-5HT,HUMAN,CLONED,,2.1,"HAMBLIN AND METCALF, 1991",http://www.ncbi.nlm.nih.gov/entrez/query.fcgi?cmd=Retrieve&db=PubMed&list_uids=1652050&dopt=Abstract,5-hydroxy tryptamine,serotonin,2.1,False,8.67778070526608
4178,5-HT1B,HTR1B,150,5-Hydroxy Tryptamine,C1=CC2=C(C=C1O)C(=CN2)CCN,50-67-9,58241.0,3H-5HT,HUMAN,CLONED,,0.59,"HAMBLIN MW, ET AL., 1992",http://www.ncbi.nlm.nih.gov/entrez/query.fcgi?cmd=Retrieve&db=PubMed&list_uids=1315531&dopt=Abstract,5-hydroxy tryptamine,serotonin,0.59,False,9.229147988357855
4179,5-HT1B,HTR1B,172,5-Methoxytryptamine,COC1=CC2=C(C=C1)NC=C2CCN,608-07-1,56422.0,3H-5HT,HUMAN,CLONED,,0.75,"HAMBLIN MW, ET AL., 1992",http://www.ncbi.nlm.nih.gov/entrez/query.fcgi?cmd=Retrieve&db=PubMed&list_uids=1315531&dopt=Abstract,5-methoxytryptamine,5-MeO-T,0.75,False,9.1249387366083
4195,5-HT6,HTR6,1095,"LSD,2-Bromo",,,,125I-LSD,RAT,CLONED,,17.1,"MONSMA FJ Jr. ET AL., 1993",http://www.ncbi.nlm.nih.gov/entrez/query.fcgi?cmd=Retrieve&db=PubMed&list_uids=7680751&dopt=Abstract,"lsd,2-bromo",2-Bromo-LSD,17.1,False,7.767003889607846
4200,5-HT6,HTR6,172,5-Methoxytryptamine,COC1=CC2=C(C=C1)NC=C2CCN,608-07-1,56422.0,125I-LSD,RAT,CLONED,,38.9,"MONSMA FJ Jr. ET AL., 1993",http://www.ncbi.nlm.nih.gov/entrez/query.fcgi?cmd=Retrieve&db=PubMed&list_uids=7680751&dopt=Abstract,5-methoxytryptamine,5-MeO-T,38.9,False,7.410050398674292
4212,5-HT6,HTR6,150,5-Hydroxy Tryptamine,C1=CC2=C(C=C1O)C(=CN2)CCN,50-67-9,58241.0,125I-LSD,RAT,CLONED,,151.0,"MONSMA FJ Jr. ET AL., 1993",http://www.ncbi.nlm.nih.gov/entrez/query.fcgi?cmd=Retrieve&db=PubMed&list_uids=7680751&dopt=Abstract,5-hydroxy tryptamine,serotonin,151.0,False,6.821023052706831
4230,5-HT6,HTR6,172,5-Methoxytryptamine,COC1=CC2=C(C=C1)NC=C2CCN,608-07-1,56422.0,3H-5HT,RAT,CLONED,,18.0,"MONSMA FJ Jr. ET AL., 1993",http://www.ncbi.nlm.nih.gov/entrez/query.fcgi?cmd=Retrieve&db=PubMed&list_uids=7680751&dopt=Abstract,5-methoxytryptamine,5-MeO-T,18.0,False,7.7447274948966935
4235,5-HT6,HTR6,150,5-Hydroxy Tryptamine,C1=CC2=C(C=C1O)C(=CN2)CCN,50-67-9,58241.0,3H-5HT,RAT,CLONED,,56.0,"MONSMA FJ Jr. ET AL., 1993",http://www.ncbi.nlm.nih.gov/entrez/query.fcgi?cmd=Retrieve&db=PubMed&list_uids=7680751&dopt=Abstract,5-hydroxy tryptamine,serotonin,56.0,False,7.251811972993799
4294,5-HT7,HTR7,172,5-Methoxytryptamine,COC1=CC2=C(C=C1)NC=C2CCN,608-07-1,56422.0,125I-LSD,RAT,CLONED,,1.78,"SHEN Y, ET AL., 1993",http://www.ncbi.nlm.nih.gov/entrez/query.fcgi?cmd=Retrieve&db=PubMed&list_uids=8394362&dopt=Abstract,5-methoxytryptamine,5-MeO-T,1.78,False,8.749579997691106
4295,5-HT7,HTR7,150,5-Hydroxy Tryptamine,C1=CC2=C(C=C1O)C(=CN2)CCN,50-67-9,58241.0,125I-LSD,RAT,CLONED,,1.83,"SHEN Y, ET AL., 1993",http://www.ncbi.nlm.nih.gov/entrez/query.fcgi?cmd=Retrieve&db=PubMed&list_uids=8394362&dopt=Abstract,5-hydroxy tryptamine,serotonin,1.83,False,8.73754891026957
4302,5-HT7,HTR7,694,"DMT,5-Me",CN(C)CCC1=CNC2=C1C=C(C=C2)OC,1832,,125I-LSD,RAT,CLONED,,20.9,"SHEN Y, ET AL., 1993",http://www.ncbi.nlm.nih.gov/entrez/query.fcgi?cmd=Retrieve&db=PubMed&list_uids=8394362&dopt=Abstract,"dmt,5-me",5-Me-DMT,20.9,False,7.679853713888946
4319,5-HT7,HTR7,172,5-Methoxytryptamine,COC1=CC2=C(C=C1)NC=C2CCN,608-07-1,56422.0,3H-5HT,RAT,CLONED,,0.57,"SHEN Y, ET AL., 1993",http://www.ncbi.nlm.nih.gov/entrez/query.fcgi?cmd=Retrieve&db=PubMed&list_uids=8394362&dopt=Abstract,5-methoxytryptamine,5-MeO-T,0.57,False,9.244125144327509
4320,5-HT7,HTR7,150,5-Hydroxy Tryptamine,C1=CC2=C(C=C1O)C(=CN2)CCN,50-67-9,58241.0,3H-5HT,RAT,CLONED,,1.52,"SHEN Y, ET AL., 1993",http://www.ncbi.nlm.nih.gov/entrez/query.fcgi?cmd=Retrieve&db=PubMed&list_uids=8394362&dopt=Abstract,5-hydroxy tryptamine,serotonin,1.52,False,8.818156412055227
4327,5-HT7,HTR7,694,"DMT,5-Me",CN(C)CCC1=CNC2=C1C=C(C=C2)OC,1832,,3H-5HT,RAT,CLONED,,8.26,"SHEN Y, ET AL., 1993",http://www.ncbi.nlm.nih.gov/entrez/query.fcgi?cmd=Retrieve&db=PubMed&list_uids=8394362&dopt=Abstract,"dmt,5-me",5-Me-DMT,8.26,False,8.083019952679617
4343,5-HT6,HTR6,172,5-Methoxytryptamine,COC1=CC2=C(C=C1)NC=C2CCN,608-07-1,56422.0,3H-LSD,HUMAN,CLONED,,43.0,"KOHEN R, ET AL., 1996",http://www.ncbi.nlm.nih.gov/entrez/query.fcgi?cmd=Retrieve&db=PubMed&list_uids=8522988&dopt=Abstract,5-methoxytryptamine,5-MeO-T,43.0,False,7.366531544420414
4348,5-HT6,HTR6,150,5-Hydroxy Tryptamine,C1=CC2=C(C=C1O)C(=CN2)CCN,50-67-9,58241.0,3H-LSD,HUMAN,CLONED,,65.0,"KOHEN R, ET AL., 1996",http://www.ncbi.nlm.nih.gov/entrez/query.fcgi?cmd=Retrieve&db=PubMed&list_uids=8522988&dopt=Abstract,5-hydroxy tryptamine,serotonin,65.0,False,7.187086643357144
4386,5-HT1B,HTR1B,150,5-Hydroxy Tryptamine,C1=CC2=C(C=C1O)C(=CN2)CCN,50-67-9,58241.0,3H-5HT,RAT,CLONED,,0.58,"HAMBLIN MW, ET AL., 5/1992",,5-hydroxy tryptamine,serotonin,0.58,False,9.236572006437063
4389,5-HT1B,HTR1B,172,5-Methoxytryptamine,COC1=CC2=C(C=C1)NC=C2CCN,608-07-1,56422.0,3H-5HT,RAT,CLONED,,1.71,"HAMBLIN MW, ET AL., 5/1992",,5-methoxytryptamine,5-MeO-T,1.71,False,8.767003889607846
4406,5-HT1D,HTR1D,150,5-Hydroxy Tryptamine,C1=CC2=C(C=C1O)C(=CN2)CCN,50-67-9,58241.0,3H-5HT,RAT,CLONED,,2.5,"HAMBLIN MW, ET AL., 5/1992",,5-hydroxy tryptamine,serotonin,2.5,False,8.602059991327963
4409,5-HT1D,HTR1D,172,5-Methoxytryptamine,COC1=CC2=C(C=C1)NC=C2CCN,608-07-1,56422.0,3H-5HT,RAT,CLONED,,2.4,"HAMBLIN MW, ET AL., 5/1992",,5-methoxytryptamine,5-MeO-T,2.4,False,8.619788758288394
4422,5-HT6,HTR6,694,"DMT,5-Me",CN(C)CCC1=CNC2=C1C=C(C=C2)OC,1832,,125I-LSD,RAT,CLONED,,79.8,"MONSMA FJ Jr. ET AL., 1993",http://www.ncbi.nlm.nih.gov/entrez/query.fcgi?cmd=Retrieve&db=PubMed&list_uids=7680751&dopt=Abstract,"dmt,5-me",5-Me-DMT,79.8,False,7.09799710864927
4679,5-HT1B,HTR1B,150,5-Hydroxy Tryptamine,C1=CC2=C(C=C1O)C(=CN2)CCN,50-67-9,58241.0,3H-5HT,HUMAN,CLONED,,3.9,"WEINSHANK RL, ET AL., 1992",http://www.ncbi.nlm.nih.gov/entrez/query.fcgi?cmd=Retrieve&db=PubMed&list_uids=1565658&dopt=Abstract,5-hydroxy tryptamine,serotonin,3.9,False,8.4089353929735
4680,5-HT1B,HTR1B,172,5-Methoxytryptamine,COC1=CC2=C(C=C1)NC=C2CCN,608-07-1,56422.0,3H-5HT,HUMAN,CLONED,,4.8,"WEINSHANK RL, ET AL., 1992",http://www.ncbi.nlm.nih.gov/entrez/query.fcgi?cmd=Retrieve&db=PubMed&list_uids=1565658&dopt=Abstract,5-methoxytryptamine,5-MeO-T,4.8,False,8.318758762624412
4703,5-HT1D,HTR1D,150,5-Hydroxy Tryptamine,C1=CC2=C(C=C1O)C(=CN2)CCN,50-67-9,58241.0,3H-5HT,HUMAN,CLONED,,4.3,"WEINSHANK RL, ET AL., 1992",http://www.ncbi.nlm.nih.gov/entrez/query.fcgi?cmd=Retrieve&db=PubMed&list_uids=1565658&dopt=Abstract,5-hydroxy tryptamine,serotonin,4.3,False,8.366531544420413
4704,5-HT1D,HTR1D,172,5-Methoxytryptamine,COC1=CC2=C(C=C1)NC=C2CCN,608-07-1,56422.0,3H-5HT,HUMAN,CLONED,,34.0,"WEINSHANK RL, ET AL., 1992",http://www.ncbi.nlm.nih.gov/entrez/query.fcgi?cmd=Retrieve&db=PubMed&list_uids=1565658&dopt=Abstract,5-methoxytryptamine,5-MeO-T,34.0,False,7.468521082957745
4724,5-HT1D,HTR1D,150,5-Hydroxy Tryptamine,C1=CC2=C(C=C1O)C(=CN2)CCN,50-67-9,58241.0,3H-5HT,BOVINE,CLONED,,4.0,"WEINSHANK RL, ET AL., 1992",http://www.ncbi.nlm.nih.gov/entrez/query.fcgi?cmd=Retrieve&db=PubMed&list_uids=1565658&dopt=Abstract,5-hydroxy tryptamine,serotonin,4.0,False,8.397940008672037
4725,5-HT1D,HTR1D,172,5-Methoxytryptamine,COC1=CC2=C(C=C1)NC=C2CCN,608-07-1,56422.0,3H-5HT,BOVINE,CLONED,,4.0,"WEINSHANK RL, ET AL., 1992",http://www.ncbi.nlm.nih.gov/entrez/query.fcgi?cmd=Retrieve&db=PubMed&list_uids=1565658&dopt=Abstract,5-methoxytryptamine,5-MeO-T,4.0,False,8.397940008672037
4743,5-HT2C,HTR2C,150,5-Hydroxy Tryptamine,C1=CC2=C(C=C1O)C(=CN2)CCN,50-67-9,58241.0,3H-5HT,RAT,CLONED,,11.0,"HERRICK-DAVIS K, ET AL., 1998",http://www.ncbi.nlm.nih.gov/entrez/query.fcgi?cmd=Retrieve&db=PubMed&list_uids=9928251&dopt=Abstract,5-hydroxy tryptamine,serotonin,11.0,False,7.958607314841775
4745,5-HT2C,HTR2C,172,5-Methoxytryptamine,COC1=CC2=C(C=C1)NC=C2CCN,608-07-1,56422.0,3H-5HT,RAT,CLONED,,14.0,"HERRICK-DAVIS K, ET AL., 1998",http://www.ncbi.nlm.nih.gov/entrez/query.fcgi?cmd=Retrieve&db=PubMed&list_uids=9928251&dopt=Abstract,5-methoxytryptamine,5-MeO-T,14.0,False,7.853871964321762
4759,5-HT2C,HTR2C,150,5-Hydroxy Tryptamine,C1=CC2=C(C=C1O)C(=CN2)CCN,50-67-9,58241.0,3H-MESULERGINE,RAT,CLONED,,159.0,"HERRICK-DAVIS K, ET AL., 1998",http://www.ncbi.nlm.nih.gov/entrez/query.fcgi?cmd=Retrieve&db=PubMed&list_uids=9928251&dopt=Abstract,5-hydroxy tryptamine,serotonin,159.0,False,6.798602875679549
4760,5-HT2C,HTR2C,172,5-Methoxytryptamine,COC1=CC2=C(C=C1)NC=C2CCN,608-07-1,56422.0,3H-MESULERGINE,RAT,CLONED,,215.0,"HERRICK-DAVIS K, ET AL., 1998",http://www.ncbi.nlm.nih.gov/entrez/query.fcgi?cmd=Retrieve&db=PubMed&list_uids=9928251&dopt=Abstract,5-methoxytryptamine,5-MeO-T,215.0,False,6.667561540084394
4800,5-HT4,HTR4,150,5-Hydroxy Tryptamine,C1=CC2=C(C=C1O)C(=CN2)CCN,50-67-9,58241.0,3H-GR-113808,MOUSE,Colliculus Neurons,,79.43,"ANSANAY H, ET AL.,1996",http://www.ncbi.nlm.nih.gov/entrez/query.fcgi?cmd=Retrieve&db=PubMed&list_uids=8867105&dopt=Abstract,5-hydroxy tryptamine,serotonin,79.43,False,7.100015437450609
4801,5-HT4,HTR4,172,5-Methoxytryptamine,COC1=CC2=C(C=C1)NC=C2CCN,608-07-1,56422.0,3H-GR-113808,MOUSE,Colliculus Neurons,,524.8,"ANSANAY H, ET AL.,1996",http://www.ncbi.nlm.nih.gov/entrez/query.fcgi?cmd=Retrieve&db=PubMed&list_uids=8867105&dopt=Abstract,5-methoxytryptamine,5-MeO-T,524.8,False,6.280006173632396
4835,5-HT4,HTR4,150,5-Hydroxy Tryptamine,C1=CC2=C(C=C1O)C(=CN2)CCN,50-67-9,58241.0,3H-GR-113808,MOUSE,Colliculus Neurons,,79.43,"ANSANAY H, ET AL.,1996",http://www.ncbi.nlm.nih.gov/entrez/query.fcgi?cmd=Retrieve&db=PubMed&list_uids=8867105&dopt=Abstract,5-hydroxy tryptamine,serotonin,79.43,False,7.100015437450609
4838,5-HT4,HTR4,172,5-Methoxytryptamine,COC1=CC2=C(C=C1)NC=C2CCN,608-07-1,56422.0,3H-GR-113808,MOUSE,Colliculus Neurons,,524.8,"ANSANAY H, ET AL.,1996",http://www.ncbi.nlm.nih.gov/entrez/query.fcgi?cmd=Retrieve&db=PubMed&list_uids=8867105&dopt=Abstract,5-methoxytryptamine,5-MeO-T,524.8,False,6.280006173632396
4845,5-HT4,HTR4,150,5-Hydroxy Tryptamine,C1=CC2=C(C=C1O)C(=CN2)CCN,50-67-9,58241.0,3H-GR-113808,HUMAN,CAUDATE,,316.22,"ANSANAY H, ET AL.,1996",http://www.ncbi.nlm.nih.gov/entrez/query.fcgi?cmd=Retrieve&db=PubMed&list_uids=8867105&dopt=Abstract,5-hydroxy tryptamine,serotonin,316.22,False,6.500010665665816
4848,5-HT4,HTR4,172,5-Methoxytryptamine,COC1=CC2=C(C=C1)NC=C2CCN,608-07-1,56422.0,3H-GR-113808,HUMAN,CAUDATE,,501.18,"ANSANAY H, ET AL.,1996",http://www.ncbi.nlm.nih.gov/entrez/query.fcgi?cmd=Retrieve&db=PubMed&list_uids=8867105&dopt=Abstract,5-methoxytryptamine,5-MeO-T,501.18,False,6.300006268210499
4854,5-HT4,HTR4,150,5-Hydroxy Tryptamine,C1=CC2=C(C=C1O)C(=CN2)CCN,50-67-9,58241.0,3H-GR-113808,GUINEA PIG,STRIATUM,,50.11,"ANSANAY H, ET AL.,1996",http://www.ncbi.nlm.nih.gov/entrez/query.fcgi?cmd=Retrieve&db=PubMed&list_uids=8867105&dopt=Abstract,5-hydroxy tryptamine,serotonin,50.11,False,7.300075597257523
4857,5-HT4,HTR4,172,5-Methoxytryptamine,COC1=CC2=C(C=C1)NC=C2CCN,608-07-1,56422.0,3H-GR-113808,GUINEA PIG,STRIATUM,,316.22,"ANSANAY H, ET AL.,1996",http://www.ncbi.nlm.nih.gov/entrez/query.fcgi?cmd=Retrieve&db=PubMed&list_uids=8867105&dopt=Abstract,5-methoxytryptamine,5-MeO-T,316.22,False,6.500010665665816
4858,5-HT2B,HTR2B,1095,"LSD,2-Bromo",,,,3H-5HT,HUMAN,CLONED,,8.09,"WAINSCOTT DB, ET AL., 1998",http://www.ncbi.nlm.nih.gov/entrez/query.fcgi?cmd=Retrieve&db=PubMed&list_uids=9459568&dopt=Abstract,"lsd,2-bromo",2-Bromo-LSD,8.09,False,8.092051478387727
4875,5-HT2B,HTR2B,1095,"LSD,2-Bromo",,,,3H-RAUWOLSCINE,HUMAN,CLONED,,7.47,"WAINSCOTT DB, ET AL., 1998",http://www.ncbi.nlm.nih.gov/entrez/query.fcgi?cmd=Retrieve&db=PubMed&list_uids=9459568&dopt=Abstract,"lsd,2-bromo",2-Bromo-LSD,7.47,False,8.126679398184601
4956,5-HT2A,HTR2A,172,5-Methoxytryptamine,COC1=CC2=C(C=C1)NC=C2CCN,608-07-1,56422.0,3H-KETANSERIN,RAT,CLONED,,141.25,"BONHAUS DW, ET AL., 1997",http://www.ncbi.nlm.nih.gov/entrez/query.fcgi?cmd=Retrieve&db=PubMed&list_uids=9225287&dopt=Abstract,5-methoxytryptamine,5-MeO-T,141.25,False,6.850011543508524
4979,5-HT2A,HTR2A,150,5-Hydroxy Tryptamine,C1=CC2=C(C=C1O)C(=CN2)CCN,50-67-9,58241.0,3H-KETANSERIN,RAT,CLONED,,120.22,"BONHAUS DW, ET AL., 1997",http://www.ncbi.nlm.nih.gov/entrez/query.fcgi?cmd=Retrieve&db=PubMed&list_uids=9225287&dopt=Abstract,5-hydroxy tryptamine,serotonin,120.22,False,6.920023276367402
4984,5-HT2C,HTR2C,172,5-Methoxytryptamine,COC1=CC2=C(C=C1)NC=C2CCN,608-07-1,56422.0,3H-MESULERGINE,RAT,CLONED,,63.09,"BONHAUS DW, ET AL., 1997",http://www.ncbi.nlm.nih.gov/entrez/query.fcgi?cmd=Retrieve&db=PubMed&list_uids=9225287&dopt=Abstract,5-methoxytryptamine,5-MeO-T,63.09,False,7.200039472594017
5007,5-HT2C,HTR2C,150,5-Hydroxy Tryptamine,C1=CC2=C(C=C1O)C(=CN2)CCN,50-67-9,58241.0,3H-MESULERGINE,RAT,CLONED,,87.09,"BONHAUS DW, ET AL., 1997",http://www.ncbi.nlm.nih.gov/entrez/query.fcgi?cmd=Retrieve&db=PubMed&list_uids=9225287&dopt=Abstract,5-hydroxy tryptamine,serotonin,87.09,False,7.060031709448664
5012,5-HT2A,HTR2A,172,5-Methoxytryptamine,COC1=CC2=C(C=C1)NC=C2CCN,608-07-1,56422.0,3H-KETANSERIN,HUMAN,CLONED,,61.65,"BONHAUS DW, ET AL., 1997",http://www.ncbi.nlm.nih.gov/entrez/query.fcgi?cmd=Retrieve&db=PubMed&list_uids=9225287&dopt=Abstract,5-methoxytryptamine,5-MeO-T,61.65,False,7.210066919068249
5038,5-HT2A,HTR2A,150,5-Hydroxy Tryptamine,C1=CC2=C(C=C1O)C(=CN2)CCN,50-67-9,58241.0,3H-KETANSERIN,HUMAN,CLONED,,218.77,"BONHAUS DW, ET AL., 1997",http://www.ncbi.nlm.nih.gov/entrez/query.fcgi?cmd=Retrieve&db=PubMed&list_uids=9225287&dopt=Abstract,5-hydroxy tryptamine,serotonin,218.77,False,6.660012233196652
5043,5-HT2B,HTR2B,172,5-Methoxytryptamine,COC1=CC2=C(C=C1)NC=C2CCN,608-07-1,56422.0,3H-5HT,HUMAN,CLONED,,0.51,"BONHAUS DW, ET AL., 1997",http://www.ncbi.nlm.nih.gov/entrez/query.fcgi?cmd=Retrieve&db=PubMed&list_uids=9225287&dopt=Abstract,5-methoxytryptamine,5-MeO-T,0.51,False,9.292429823902063
5069,5-HT2B,HTR2B,150,5-Hydroxy Tryptamine,C1=CC2=C(C=C1O)C(=CN2)CCN,50-67-9,58241.0,3H-5HT,HUMAN,CLONED,,1.17,"BONHAUS DW, ET AL., 1997",http://www.ncbi.nlm.nih.gov/entrez/query.fcgi?cmd=Retrieve&db=PubMed&list_uids=9225287&dopt=Abstract,5-hydroxy tryptamine,serotonin,1.17,False,8.931814138253838
5074,5-HT2C,HTR2C,172,5-Methoxytryptamine,COC1=CC2=C(C=C1)NC=C2CCN,608-07-1,56422.0,3H-MESULERGINE,HUMAN,CLONED,,52.48,"BONHAUS DW, ET AL., 1997",http://www.ncbi.nlm.nih.gov/entrez/query.fcgi?cmd=Retrieve&db=PubMed&list_uids=9225287&dopt=Abstract,5-methoxytryptamine,5-MeO-T,52.48,False,7.280006173632396
5100,5-HT2C,HTR2C,150,5-Hydroxy Tryptamine,C1=CC2=C(C=C1O)C(=CN2)CCN,50-67-9,58241.0,3H-MESULERGINE,HUMAN,CLONED,,56.23,"BONHAUS DW, ET AL., 1997",http://www.ncbi.nlm.nih.gov/entrez/query.fcgi?cmd=Retrieve&db=PubMed&list_uids=9225287&dopt=Abstract,5-hydroxy tryptamine,serotonin,56.23,False,7.250031916490597
5241,5-HT7,HTR7,150,5-Hydroxy Tryptamine,C1=CC2=C(C=C1O)C(=CN2)CCN,50-67-9,58241.0,3H-5HT,RAT,CLONED,,0.6,"RUAT M, ET AL., 1993",http://www.ncbi.nlm.nih.gov/entrez/query.fcgi?cmd=Retrieve&db=PubMed&list_uids=8397408&dopt=Abstract,5-hydroxy tryptamine,serotonin,0.6,False,9.221848749616356
5243,5-HT7,HTR7,172,5-Methoxytryptamine,COC1=CC2=C(C=C1)NC=C2CCN,608-07-1,56422.0,3H-5HT,RAT,CLONED,,0.94,"RUAT M, ET AL., 1993",http://www.ncbi.nlm.nih.gov/entrez/query.fcgi?cmd=Retrieve&db=PubMed&list_uids=8397408&dopt=Abstract,5-methoxytryptamine,5-MeO-T,0.94,False,9.0268721464003
5266,5-HT4,HTR4,150,5-Hydroxy Tryptamine,C1=CC2=C(C=C1O)C(=CN2)CCN,50-67-9,58241.0,3H-5HT,RAT,CLONED,,6.3,"Adham N, et alL., 1996",http://www.ncbi.nlm.nih.gov/entrez/query.fcgi?cmd=Retrieve&db=PubMed&list_uids=8813606&dopt=Abstract,5-hydroxy tryptamine,serotonin,6.3,False,8.200659450546418
5267,5-HT4,HTR4,172,5-Methoxytryptamine,COC1=CC2=C(C=C1)NC=C2CCN,608-07-1,56422.0,3H-5HT,RAT,CLONED,,112.0,"Adham N, et alL., 1996",http://www.ncbi.nlm.nih.gov/entrez/query.fcgi?cmd=Retrieve&db=PubMed&list_uids=8813606&dopt=Abstract,5-methoxytryptamine,5-MeO-T,112.0,False,6.950781977329818
5277,5-HT4,HTR4,150,5-Hydroxy Tryptamine,C1=CC2=C(C=C1O)C(=CN2)CCN,50-67-9,58241.0,3H-GR-113808,RAT,CLONED,,145.0,"Adham N, et alL., 1996",http://www.ncbi.nlm.nih.gov/entrez/query.fcgi?cmd=Retrieve&db=PubMed&list_uids=8813606&dopt=Abstract,5-hydroxy tryptamine,serotonin,145.0,False,6.838631997765026
5278,5-HT4,HTR4,172,5-Methoxytryptamine,COC1=CC2=C(C=C1)NC=C2CCN,608-07-1,56422.0,3H-GR-113808,RAT,CLONED,,401.0,"Adham N, et alL., 1996",http://www.ncbi.nlm.nih.gov/entrez/query.fcgi?cmd=Retrieve&db=PubMed&list_uids=8813606&dopt=Abstract,5-methoxytryptamine,5-MeO-T,401.0,False,6.396855627379818
5358,5-HT2A,HTR2A,150,5-Hydroxy Tryptamine,C1=CC2=C(C=C1O)C(=CN2)CCN,50-67-9,58241.0,3H-KETANSERIN,HUMAN,CLONED,,63.09,"BONHAUS DW, ET AL., 1995",http://www.ncbi.nlm.nih.gov/entrez/query.fcgi?cmd=Retrieve&db=PubMed&list_uids=7582481&dopt=Abstract,5-hydroxy tryptamine,serotonin,63.09,False,7.200039472594017
5367,5-HT2A,HTR2A,150,5-Hydroxy Tryptamine,C1=CC2=C(C=C1O)C(=CN2)CCN,50-67-9,58241.0,3H-KETANSERIN,HUMAN,CORTEX,,199.52,"BONHAUS DW, ET AL., 1995",http://www.ncbi.nlm.nih.gov/entrez/query.fcgi?cmd=Retrieve&db=PubMed&list_uids=7582481&dopt=Abstract,5-hydroxy tryptamine,serotonin,199.52,False,6.700013563865532
5376,5-HT2A,HTR2A,150,5-Hydroxy Tryptamine,C1=CC2=C(C=C1O)C(=CN2)CCN,50-67-9,58241.0,3H-KETANSERIN,RAT,CLONED,,125.89,"BONHAUS DW, ET AL., 1995",http://www.ncbi.nlm.nih.gov/entrez/query.fcgi?cmd=Retrieve&db=PubMed&list_uids=7582481&dopt=Abstract,5-hydroxy tryptamine,serotonin,125.89,False,6.900008766455315
5385,5-HT2B,HTR2B,150,5-Hydroxy Tryptamine,C1=CC2=C(C=C1O)C(=CN2)CCN,50-67-9,58241.0,3H-5HT,HUMAN,CLONED,,0.79,"BONHAUS DW, ET AL., 1995",http://www.ncbi.nlm.nih.gov/entrez/query.fcgi?cmd=Retrieve&db=PubMed&list_uids=7582481&dopt=Abstract,5-hydroxy tryptamine,serotonin,0.79,False,9.102372908709558
5393,5-HT2B,HTR2B,150,5-Hydroxy Tryptamine,C1=CC2=C(C=C1O)C(=CN2)CCN,50-67-9,58241.0,3H-5HT,RAT,CLONED,,10.0,"BONHAUS DW, ET AL., 1995",http://www.ncbi.nlm.nih.gov/entrez/query.fcgi?cmd=Retrieve&db=PubMed&list_uids=7582481&dopt=Abstract,5-hydroxy tryptamine,serotonin,10.0,False,8.0
5419,5-HT4,HTR4,150,5-Hydroxy Tryptamine,C1=CC2=C(C=C1O)C(=CN2)CCN,50-67-9,58241.0,3H-GR-113808,HUMAN,CLONED,,125.89,"Van den Wyngaert I, et al., 1997",http://www.ncbi.nlm.nih.gov/entrez/query.fcgi?cmd=Retrieve&db=PubMed&list_uids=9349523&dopt=Abstract,5-hydroxy tryptamine,serotonin,125.89,False,6.900008766455315
5420,5-HT4,HTR4,172,5-Methoxytryptamine,COC1=CC2=C(C=C1)NC=C2CCN,608-07-1,56422.0,3H-GR-113808,HUMAN,CLONED,,1000.0,"Van den Wyngaert I, et al., 1997",http://www.ncbi.nlm.nih.gov/entrez/query.fcgi?cmd=Retrieve&db=PubMed&list_uids=9349523&dopt=Abstract,5-methoxytryptamine,5-MeO-T,1000.0,False,6.0
5426,5-HT4,HTR4,150,5-Hydroxy Tryptamine,C1=CC2=C(C=C1O)C(=CN2)CCN,50-67-9,58241.0,3H-GR-113808,GUINEA PIG,STRIATUM,,39.81,"Van den Wyngaert I, et al., 1997",http://www.ncbi.nlm.nih.gov/entrez/query.fcgi?cmd=Retrieve&db=PubMed&list_uids=9349523&dopt=Abstract,5-hydroxy tryptamine,serotonin,39.81,False,7.400007822415902
5427,5-HT4,HTR4,172,5-Methoxytryptamine,COC1=CC2=C(C=C1)NC=C2CCN,608-07-1,56422.0,3H-GR-113808,GUINEA PIG,STRIATUM,,251.18,"Van den Wyngaert I, et al., 1997",http://www.ncbi.nlm.nih.gov/entrez/query.fcgi?cmd=Retrieve&db=PubMed&list_uids=9349523&dopt=Abstract,5-methoxytryptamine,5-MeO-T,251.18,False,6.60001494389755
5431,5-HT4,HTR4,150,5-Hydroxy Tryptamine,C1=CC2=C(C=C1O)C(=CN2)CCN,50-67-9,58241.0,3H-GR-113808,HUMAN,BRAIN,,316.22,"Van den Wyngaert I, et al., 1997",http://www.ncbi.nlm.nih.gov/entrez/query.fcgi?cmd=Retrieve&db=PubMed&list_uids=9349523&dopt=Abstract,5-hydroxy tryptamine,serotonin,316.22,False,6.500010665665816
5432,5-HT4,HTR4,172,5-Methoxytryptamine,COC1=CC2=C(C=C1)NC=C2CCN,608-07-1,56422.0,3H-GR-113808,HUMAN,BRAIN,,501.18,"Van den Wyngaert I, et al., 1997",http://www.ncbi.nlm.nih.gov/entrez/query.fcgi?cmd=Retrieve&db=PubMed&list_uids=9349523&dopt=Abstract,5-methoxytryptamine,5-MeO-T,501.18,False,6.300006268210499
5435,5-HT4,HTR4,150,5-Hydroxy Tryptamine,C1=CC2=C(C=C1O)C(=CN2)CCN,50-67-9,58241.0,3H-GR-113808,RAT,CLONED,,158.48,"Van den Wyngaert I, et al., 1997",http://www.ncbi.nlm.nih.gov/entrez/query.fcgi?cmd=Retrieve&db=PubMed&list_uids=9349523&dopt=Abstract,5-hydroxy tryptamine,serotonin,158.48,False,6.8000255374695096
5436,5-HT4,HTR4,172,5-Methoxytryptamine,COC1=CC2=C(C=C1)NC=C2CCN,608-07-1,56422.0,3H-GR-113808,RAT,CLONED,,398.1,"Van den Wyngaert I, et al., 1997",http://www.ncbi.nlm.nih.gov/entrez/query.fcgi?cmd=Retrieve&db=PubMed&list_uids=9349523&dopt=Abstract,5-methoxytryptamine,5-MeO-T,398.1,False,6.400007822415902
5469,5-HT2B,HTR2B,150,5-Hydroxy Tryptamine,C1=CC2=C(C=C1O)C(=CN2)CCN,50-67-9,58241.0,3H-5HT,HUMAN,CLONED,,9.46,"WAINSCOTT DB, ET AL., 1996",http://www.ncbi.nlm.nih.gov/entrez/query.fcgi?cmd=Retrieve&db=PubMed&list_uids=8632342&dopt=Abstract,5-hydroxy tryptamine,serotonin,9.46,False,8.024108863598208
5474,5-HT2B,HTR2B,172,5-Methoxytryptamine,COC1=CC2=C(C=C1)NC=C2CCN,608-07-1,56422.0,3H-5HT,HUMAN,CLONED,,16.4,"WAINSCOTT DB, ET AL., 1996",http://www.ncbi.nlm.nih.gov/entrez/query.fcgi?cmd=Retrieve&db=PubMed&list_uids=8632342&dopt=Abstract,5-methoxytryptamine,5-MeO-T,16.4,False,7.785156151952302
5488,5-HT2B,HTR2B,1095,"LSD,2-Bromo",,,,3H-5HT,HUMAN,CLONED,,8.56,"WAINSCOTT DB, ET AL., 1996",http://www.ncbi.nlm.nih.gov/entrez/query.fcgi?cmd=Retrieve&db=PubMed&list_uids=8632342&dopt=Abstract,"lsd,2-bromo",2-Bromo-LSD,8.56,False,8.067526235322847
5508,5-HT2B,HTR2B,150,5-Hydroxy Tryptamine,C1=CC2=C(C=C1O)C(=CN2)CCN,50-67-9,58241.0,3H-5HT,RAT,CLONED,,11.3,"WAINSCOTT DB, ET AL., 1996",http://www.ncbi.nlm.nih.gov/entrez/query.fcgi?cmd=Retrieve&db=PubMed&list_uids=8632342&dopt=Abstract,5-hydroxy tryptamine,serotonin,11.3,False,7.94692155651658
5513,5-HT2B,HTR2B,172,5-Methoxytryptamine,COC1=CC2=C(C=C1)NC=C2CCN,608-07-1,56422.0,3H-5HT,RAT,CLONED,,9.15,"WAINSCOTT DB, ET AL., 1996",http://www.ncbi.nlm.nih.gov/entrez/query.fcgi?cmd=Retrieve&db=PubMed&list_uids=8632342&dopt=Abstract,5-methoxytryptamine,5-MeO-T,9.15,False,8.038578905933552
5525,5-HT2B,HTR2B,1095,"LSD,2-Bromo",,,,3H-5HT,RAT,CLONED,,12.6,"WAINSCOTT DB, ET AL., 1996",http://www.ncbi.nlm.nih.gov/entrez/query.fcgi?cmd=Retrieve&db=PubMed&list_uids=8632342&dopt=Abstract,"lsd,2-bromo",2-Bromo-LSD,12.6,False,7.899629454882437
5546,5-HT2A,HTR2A,150,5-Hydroxy Tryptamine,C1=CC2=C(C=C1O)C(=CN2)CCN,50-67-9,58241.0,125I-DOI,HUMAN,CLONED,,7.77,"WAINSCOTT DB, ET AL., 1996",http://www.ncbi.nlm.nih.gov/entrez/query.fcgi?cmd=Retrieve&db=PubMed&list_uids=8632342&dopt=Abstract,5-hydroxy tryptamine,serotonin,7.77,False,8.109578981199085
5549,5-HT2A,HTR2A,1095,"LSD,2-Bromo",,,,125I-DOI,HUMAN,CLONED,,0.48,"WAINSCOTT DB, ET AL., 1996",http://www.ncbi.nlm.nih.gov/entrez/query.fcgi?cmd=Retrieve&db=PubMed&list_uids=8632342&dopt=Abstract,"lsd,2-bromo",2-Bromo-LSD,0.48,False,9.318758762624412
5562,5-HT2C,HTR2C,150,5-Hydroxy Tryptamine,C1=CC2=C(C=C1O)C(=CN2)CCN,50-67-9,58241.0,125I-DOI,HUMAN,CLONED,,15.5,"WAINSCOTT DB, ET AL., 1996",http://www.ncbi.nlm.nih.gov/entrez/query.fcgi?cmd=Retrieve&db=PubMed&list_uids=8632342&dopt=Abstract,5-hydroxy tryptamine,serotonin,15.5,False,7.809668301829708
5565,5-HT2C,HTR2C,1095,"LSD,2-Bromo",,,,125I-DOI,HUMAN,CLONED,,7.14,"WAINSCOTT DB, ET AL., 1996",http://www.ncbi.nlm.nih.gov/entrez/query.fcgi?cmd=Retrieve&db=PubMed&list_uids=8632342&dopt=Abstract,"lsd,2-bromo",2-Bromo-LSD,7.14,False,8.146301788223825
5581,5-HT2B,HTR2B,150,5-Hydroxy Tryptamine,C1=CC2=C(C=C1O)C(=CN2)CCN,50-67-9,58241.0,3H-5HT,HUMAN,CLONED,,9.8,"KURSAR JD, ET AL., 1994",http://www.ncbi.nlm.nih.gov/entrez/query.fcgi?cmd=Retrieve&db=PubMed&list_uids=8078486&dopt=Abstract,5-hydroxy tryptamine,serotonin,9.8,False,8.008773924307505
5589,5-HT2B,HTR2B,150,5-Hydroxy Tryptamine,C1=CC2=C(C=C1O)C(=CN2)CCN,50-67-9,58241.0,3H-5HT,RAT,CLONED,,10.2,"KURSAR JD, ET AL., 1994",http://www.ncbi.nlm.nih.gov/entrez/query.fcgi?cmd=Retrieve&db=PubMed&list_uids=8078486&dopt=Abstract,5-hydroxy tryptamine,serotonin,10.2,False,7.991399828238082
6049,5-HT4,HTR4,150,5-Hydroxy Tryptamine,C1=CC2=C(C=C1O)C(=CN2)CCN,50-67-9,58241.0,3H-GR-113808,GUINEA PIG,STRIATUM,,50.11,"GROSSMAN CJ, ET AL., 1993",http://www.ncbi.nlm.nih.gov/entrez/query.fcgi?cmd=Retrieve&db=PubMed&list_uids=8358562&dopt=Abstract,5-hydroxy tryptamine,serotonin,50.11,False,7.300075597257523
6050,5-HT4,HTR4,172,5-Methoxytryptamine,COC1=CC2=C(C=C1)NC=C2CCN,608-07-1,56422.0,3H-GR-113808,GUINEA PIG,STRIATUM,,316.22,"GROSSMAN CJ, ET AL., 1993",http://www.ncbi.nlm.nih.gov/entrez/query.fcgi?cmd=Retrieve&db=PubMed&list_uids=8358562&dopt=Abstract,5-methoxytryptamine,5-MeO-T,316.22,False,6.500010665665816
6064,5-HT4,HTR4,150,5-Hydroxy Tryptamine,C1=CC2=C(C=C1O)C(=CN2)CCN,50-67-9,58241.0,3H-GR-113808,GUINEA PIG,HIPPOCAMPUS,,79.43,"GROSSMAN CJ, ET AL., 1993",http://www.ncbi.nlm.nih.gov/entrez/query.fcgi?cmd=Retrieve&db=PubMed&list_uids=8358562&dopt=Abstract,5-hydroxy tryptamine,serotonin,79.43,False,7.100015437450609
6065,5-HT4,HTR4,172,5-Methoxytryptamine,COC1=CC2=C(C=C1)NC=C2CCN,608-07-1,56422.0,3H-GR-113808,GUINEA PIG,HIPPOCAMPUS,,630.95,"GROSSMAN CJ, ET AL., 1993",http://www.ncbi.nlm.nih.gov/entrez/query.fcgi?cmd=Retrieve&db=PubMed&list_uids=8358562&dopt=Abstract,5-methoxytryptamine,5-MeO-T,630.95,False,6.200005055311286
6272,5-HT7,HTR7,150,5-Hydroxy Tryptamine,C1=CC2=C(C=C1O)C(=CN2)CCN,50-67-9,58241.0,3H-5CT,GUINEA PIG,CLONED,,0.25,"TO ZP, ET AL., 1995",http://www.ncbi.nlm.nih.gov/entrez/query.fcgi?cmd=Retrieve&db=PubMed&list_uids=7647964&dopt=Abstract,5-hydroxy tryptamine,serotonin,0.25,False,9.602059991327963
6273,5-HT7,HTR7,172,5-Methoxytryptamine,COC1=CC2=C(C=C1)NC=C2CCN,608-07-1,56422.0,3H-5CT,GUINEA PIG,CLONED,,0.52,"TO ZP, ET AL., 1995",http://www.ncbi.nlm.nih.gov/entrez/query.fcgi?cmd=Retrieve&db=PubMed&list_uids=7647964&dopt=Abstract,5-methoxytryptamine,5-MeO-T,0.52,False,9.2839966563652
6276,5-HT7,HTR7,173,"5-MeOT,N,N tryptamine",,,,3H-5CT,GUINEA PIG,CLONED,,13.18,"TO ZP, ET AL., 1995",http://www.ncbi.nlm.nih.gov/entrez/query.fcgi?cmd=Retrieve&db=PubMed&list_uids=7647964&dopt=Abstract,"5-meot,n,n tryptamine",5-MeO-T,13.18,False,7.880084589742009
6278,5-HT7,HTR7,437,"DMT,5-OH",CN(C)CCC1=CNC2=C1C=C(C=C2)O,487-93-4,89593.0,3H-5CT,GUINEA PIG,CLONED,,21.37,"TO ZP, ET AL., 1995",http://www.ncbi.nlm.nih.gov/entrez/query.fcgi?cmd=Retrieve&db=PubMed&list_uids=7647964&dopt=Abstract,"dmt,5-oh",bufotenine,21.37,False,7.6701954778359305
6287,5-HT7,HTR7,1094,"LSD,(+)",CCN(CC)C(=O)C1CN(C2CC3=CNC4=CC=CC(=C34)C2=C1)C,5761,,3H-5CT,GUINEA PIG,CLONED,,15.48,"TO ZP, ET AL., 1995",http://www.ncbi.nlm.nih.gov/entrez/query.fcgi?cmd=Retrieve&db=PubMed&list_uids=7647964&dopt=Abstract,"lsd,(+)",LSD (+),15.48,False,7.810229043653126
6309,5-HT7,HTR7,150,5-Hydroxy Tryptamine,C1=CC2=C(C=C1O)C(=CN2)CCN,50-67-9,58241.0,3H-5CT,GUINEA PIG,CORTEX,,1.34,"TO ZP, ET AL., 1995",http://www.ncbi.nlm.nih.gov/entrez/query.fcgi?cmd=Retrieve&db=PubMed&list_uids=7647964&dopt=Abstract,5-hydroxy tryptamine,serotonin,1.34,False,8.872895201635192
6310,5-HT7,HTR7,172,5-Methoxytryptamine,COC1=CC2=C(C=C1)NC=C2CCN,608-07-1,56422.0,3H-5CT,GUINEA PIG,CORTEX,,1.58,"TO ZP, ET AL., 1995",http://www.ncbi.nlm.nih.gov/entrez/query.fcgi?cmd=Retrieve&db=PubMed&list_uids=7647964&dopt=Abstract,5-methoxytryptamine,5-MeO-T,1.58,False,8.801342913045577
6313,5-HT7,HTR7,173,"5-MeOT,N,N tryptamine",,,,3H-5CT,GUINEA PIG,CORTEX,,107.15,"TO ZP, ET AL., 1995",http://www.ncbi.nlm.nih.gov/entrez/query.fcgi?cmd=Retrieve&db=PubMed&list_uids=7647964&dopt=Abstract,"5-meot,n,n tryptamine",5-MeO-T,107.15,False,6.970007824622153
6315,5-HT7,HTR7,437,"DMT,5-OH",CN(C)CCC1=CNC2=C1C=C(C=C2)O,487-93-4,89593.0,3H-5CT,GUINEA PIG,CORTEX,,95.49,"TO ZP, ET AL., 1995",http://www.ncbi.nlm.nih.gov/entrez/query.fcgi?cmd=Retrieve&db=PubMed&list_uids=7647964&dopt=Abstract,"dmt,5-oh",bufotenine,95.49,False,7.020042106659335
6324,5-HT7,HTR7,1094,"LSD,(+)",CCN(CC)C(=O)C1CN(C2CC3=CNC4=CC=CC(=C34)C2=C1)C,5761,,3H-5CT,GUINEA PIG,CORTEX,,30.9,"TO ZP, ET AL., 1995",http://www.ncbi.nlm.nih.gov/entrez/query.fcgi?cmd=Retrieve&db=PubMed&list_uids=7647964&dopt=Abstract,"lsd,(+)",LSD (+),30.9,False,7.510041520575165
6385,5-HT3,HTR3A,150,5-Hydroxy Tryptamine,C1=CC2=C(C=C1O)C(=CN2)CCN,50-67-9,58241.0,3H-BIMU-1 HIGH,GUINEA PIG,NG108-15,,495.0,"BONHAUS DW, ET AL., 1993",http://www.ncbi.nlm.nih.gov/entrez/query.fcgi?cmd=Retrieve&db=PubMed&list_uids=8246171&dopt=Abstract,5-hydroxy tryptamine,serotonin,495.0,False,6.305394801066431
6392,5-HT3,HTR3A,150,5-Hydroxy Tryptamine,C1=CC2=C(C=C1O)C(=CN2)CCN,50-67-9,58241.0,3H-BIMU-1 LOW,GUINEA PIG,NG108-15,>,10000.0,"BONHAUS DW, ET AL., 1993",http://www.ncbi.nlm.nih.gov/entrez/query.fcgi?cmd=Retrieve&db=PubMed&list_uids=8246171&dopt=Abstract,5-hydroxy tryptamine,serotonin,10000.0,True,5.0
6404,5-HT3,HTR3A,150,5-Hydroxy Tryptamine,C1=CC2=C(C=C1O)C(=CN2)CCN,50-67-9,58241.0,3H-BIMU-1,GUINEA PIG,CLONED,>,10000.0,"BONHAUS DW, ET AL., 1993",http://www.ncbi.nlm.nih.gov/entrez/query.fcgi?cmd=Retrieve&db=PubMed&list_uids=8246171&dopt=Abstract,5-hydroxy tryptamine,serotonin,10000.0,True,5.0
6411,5-HT3,HTR3A,150,5-Hydroxy Tryptamine,C1=CC2=C(C=C1O)C(=CN2)CCN,50-67-9,58241.0,3H-BIMU-1,RAT,CLONED,,501.0,"BONHAUS DW, ET AL., 1993",http://www.ncbi.nlm.nih.gov/entrez/query.fcgi?cmd=Retrieve&db=PubMed&list_uids=8246171&dopt=Abstract,5-hydroxy tryptamine,serotonin,501.0,False,6.300162274132754
6488,5-HT7,HTR7,172,5-Methoxytryptamine,COC1=CC2=C(C=C1)NC=C2CCN,608-07-1,56422.0,3H-5HT,HUMAN,CLONED,,5.0,"BARD JA, ET AL., 1993",http://www.ncbi.nlm.nih.gov/entrez/query.fcgi?cmd=Retrieve&db=PubMed&list_uids=8226867&dopt=Abstract,5-methoxytryptamine,5-MeO-T,5.0,False,8.301029995663981
6491,5-HT7,HTR7,150,5-Hydroxy Tryptamine,C1=CC2=C(C=C1O)C(=CN2)CCN,50-67-9,58241.0,3H-5HT,HUMAN,CLONED,,8.1,"BARD JA, ET AL., 1993",http://www.ncbi.nlm.nih.gov/entrez/query.fcgi?cmd=Retrieve&db=PubMed&list_uids=8226867&dopt=Abstract,5-hydroxy tryptamine,serotonin,8.1,False,8.09151498112135
6493,5-HT7,HTR7,1095,"LSD,2-Bromo",,,,3H-5HT,HUMAN,CLONED,,30.0,"BARD JA, ET AL., 1993",http://www.ncbi.nlm.nih.gov/entrez/query.fcgi?cmd=Retrieve&db=PubMed&list_uids=8226867&dopt=Abstract,"lsd,2-bromo",2-Bromo-LSD,30.0,False,7.522878745280337
6512,5-HT6,HTR6,172,5-Methoxytryptamine,COC1=CC2=C(C=C1)NC=C2CCN,608-07-1,56422.0,3H-5HT,HUMAN,CLONED,,18.0,"BARD JA, ET AL., 1993",http://www.ncbi.nlm.nih.gov/entrez/query.fcgi?cmd=Retrieve&db=PubMed&list_uids=8226867&dopt=Abstract,5-methoxytryptamine,5-MeO-T,18.0,False,7.7447274948966935
6515,5-HT6,HTR6,150,5-Hydroxy Tryptamine,C1=CC2=C(C=C1O)C(=CN2)CCN,50-67-9,58241.0,3H-5HT,HUMAN,CLONED,,56.0,"BARD JA, ET AL., 1993",http://www.ncbi.nlm.nih.gov/entrez/query.fcgi?cmd=Retrieve&db=PubMed&list_uids=8226867&dopt=Abstract,5-hydroxy tryptamine,serotonin,56.0,False,7.251811972993799
6517,5-HT6,HTR6,1095,"LSD,2-Bromo",,,,125I-LSD,HUMAN,CLONED,,17.1,"BARD JA, ET AL., 1993",http://www.ncbi.nlm.nih.gov/entrez/query.fcgi?cmd=Retrieve&db=PubMed&list_uids=8226867&dopt=Abstract,"lsd,2-bromo",2-Bromo-LSD,17.1,False,7.767003889607846
6523,5-HT6,HTR6,172,5-Methoxytryptamine,COC1=CC2=C(C=C1)NC=C2CCN,608-07-1,56422.0,125I-LSD,MOUSE,CLONED,,5.01,"UNSWORTH CD, ET AL.,1994",http://www.ncbi.nlm.nih.gov/entrez/query.fcgi?cmd=Retrieve&db=PubMed&list_uids=8169832&dopt=Abstract,5-methoxytryptamine,5-MeO-T,5.01,False,8.300162274132754
6524,5-HT6,HTR6,150,5-Hydroxy Tryptamine,C1=CC2=C(C=C1O)C(=CN2)CCN,50-67-9,58241.0,125I-LSD,MOUSE,CLONED,,39.81,"UNSWORTH CD, ET AL.,1994",http://www.ncbi.nlm.nih.gov/entrez/query.fcgi?cmd=Retrieve&db=PubMed&list_uids=8169832&dopt=Abstract,5-hydroxy tryptamine,serotonin,39.81,False,7.400007822415902
6570,5-HT7,HTR7,150,5-Hydroxy Tryptamine,C1=CC2=C(C=C1O)C(=CN2)CCN,50-67-9,58241.0,3H-5HT,GUINEA PIG,CLONED,,1.0,"TSOU AP, ET AL., 1994",http://www.ncbi.nlm.nih.gov/entrez/query.fcgi?cmd=Retrieve&db=PubMed&list_uids=7518496&dopt=Abstract,5-hydroxy tryptamine,serotonin,1.0,False,9.0
6571,5-HT7,HTR7,172,5-Methoxytryptamine,COC1=CC2=C(C=C1)NC=C2CCN,608-07-1,56422.0,3H-5HT,GUINEA PIG,CLONED,,1.0,"TSOU AP, ET AL., 1994",http://www.ncbi.nlm.nih.gov/entrez/query.fcgi?cmd=Retrieve&db=PubMed&list_uids=7518496&dopt=Abstract,5-methoxytryptamine,5-MeO-T,1.0,False,9.0
6573,5-HT7,HTR7,437,"DMT,5-OH",CN(C)CCC1=CNC2=C1C=C(C=C2)O,487-93-4,89593.0,3H-5HT,GUINEA PIG,CLONED,,19.95,"TSOU AP, ET AL., 1994",http://www.ncbi.nlm.nih.gov/entrez/query.fcgi?cmd=Retrieve&db=PubMed&list_uids=7518496&dopt=Abstract,"dmt,5-oh",bufotenine,19.95,False,7.700057099977233
6579,5-HT6,HTR6,150,5-Hydroxy Tryptamine,C1=CC2=C(C=C1O)C(=CN2)CCN,50-67-9,58241.0,125I-LSD,RAT,CLONED,,151.0,"SEBBEN M, ET AL., 1994",http://www.ncbi.nlm.nih.gov/entrez/query.fcgi?cmd=Retrieve&db=PubMed&list_uids=7696602&dopt=Abstract,5-hydroxy tryptamine,serotonin,151.0,False,6.821023052706831
6580,5-HT6,HTR6,172,5-Methoxytryptamine,COC1=CC2=C(C=C1)NC=C2CCN,608-07-1,56422.0,125I-LSD,RAT,CLONED,,39.0,"SEBBEN M, ET AL., 1994",http://www.ncbi.nlm.nih.gov/entrez/query.fcgi?cmd=Retrieve&db=PubMed&list_uids=7696602&dopt=Abstract,5-methoxytryptamine,5-MeO-T,39.0,False,7.4089353929735005
6581,5-HT6,HTR6,1094,"LSD,(+)",CCN(CC)C(=O)C1CN(C2CC3=CNC4=CC=CC(=C34)C2=C1)C,5761,,125I-LSD,RAT,CLONED,,1.26,"SEBBEN M, ET AL., 1994",http://www.ncbi.nlm.nih.gov/entrez/query.fcgi?cmd=Retrieve&db=PubMed&list_uids=7696602&dopt=Abstract,"lsd,(+)",LSD (+),1.26,False,8.899629454882437
6594,5-HT7,HTR7,150,5-Hydroxy Tryptamine,C1=CC2=C(C=C1O)C(=CN2)CCN,50-67-9,58241.0,3H-5HT,Mammalian,CLONED,,0.6,"SEBBEN M, ET AL., 1994",http://www.ncbi.nlm.nih.gov/entrez/query.fcgi?cmd=Retrieve&db=PubMed&list_uids=7696602&dopt=Abstract,5-hydroxy tryptamine,serotonin,0.6,False,9.221848749616356
6595,5-HT7,HTR7,172,5-Methoxytryptamine,COC1=CC2=C(C=C1)NC=C2CCN,608-07-1,56422.0,3H-5HT,Mammalian,CLONED,,0.94,"SEBBEN M, ET AL., 1994",http://www.ncbi.nlm.nih.gov/entrez/query.fcgi?cmd=Retrieve&db=PubMed&list_uids=7696602&dopt=Abstract,5-methoxytryptamine,5-MeO-T,0.94,False,9.0268721464003
6596,5-HT7,HTR7,1094,"LSD,(+)",CCN(CC)C(=O)C1CN(C2CC3=CNC4=CC=CC(=C34)C2=C1)C,5761,,3H-5HT,Mammalian,CLONED,,9.5,"SEBBEN M, ET AL., 1994",http://www.ncbi.nlm.nih.gov/entrez/query.fcgi?cmd=Retrieve&db=PubMed&list_uids=7696602&dopt=Abstract,"lsd,(+)",LSD (+),9.5,False,8.022276394711152
6605,5-HT6,HTR6,150,5-Hydroxy Tryptamine,C1=CC2=C(C=C1O)C(=CN2)CCN,50-67-9,58241.0,3H-5HT,MOUSE,CLONED,,5.01,"PLASSAT JL, ET AL., 1993",http://www.ncbi.nlm.nih.gov/entrez/query.fcgi?cmd=Retrieve&db=PubMed&list_uids=8394987&dopt=Abstract,5-hydroxy tryptamine,serotonin,5.01,False,8.300162274132754
6606,5-HT6,HTR6,172,5-Methoxytryptamine,COC1=CC2=C(C=C1)NC=C2CCN,608-07-1,56422.0,3H-5HT,MOUSE,CLONED,,6.3,"PLASSAT JL, ET AL., 1993",http://www.ncbi.nlm.nih.gov/entrez/query.fcgi?cmd=Retrieve&db=PubMed&list_uids=8394987&dopt=Abstract,5-methoxytryptamine,5-MeO-T,6.3,False,8.200659450546418
6607,5-HT6,HTR6,437,"DMT,5-OH",CN(C)CCC1=CNC2=C1C=C(C=C2)O,487-93-4,89593.0,3H-5HT,MOUSE,CLONED,,100.0,"PLASSAT JL, ET AL., 1993",http://www.ncbi.nlm.nih.gov/entrez/query.fcgi?cmd=Retrieve&db=PubMed&list_uids=8394987&dopt=Abstract,"dmt,5-oh",bufotenine,100.0,False,7.0
6616,5-HT6,HTR6,1095,"LSD,2-Bromo",,,,3H-5HT,MOUSE,CLONED,,10.0,"PLASSAT JL, ET AL., 1993",http://www.ncbi.nlm.nih.gov/entrez/query.fcgi?cmd=Retrieve&db=PubMed&list_uids=8394987&dopt=Abstract,"lsd,2-bromo",2-Bromo-LSD,10.0,False,8.0
6637,5-HT1E,HTR1E,150,5-Hydroxy Tryptamine,C1=CC2=C(C=C1O)C(=CN2)CCN,50-67-9,58241.0,3H-5HT,HUMAN,CLONED,,11.0,"ZGOMBICK JM, ET AL., 1992",http://www.ncbi.nlm.nih.gov/entrez/query.fcgi?cmd=Retrieve&db=PubMed&list_uids=1513320&dopt=Abstract,5-hydroxy tryptamine,serotonin,11.0,False,7.958607314841775
6646,5-HT1E,HTR1E,694,"DMT,5-Me",CN(C)CCC1=CNC2=C1C=C(C=C2)OC,1832,,3H-5HT,HUMAN,CLONED,,528.0,"ZGOMBICK JM, ET AL., 1992",http://www.ncbi.nlm.nih.gov/entrez/query.fcgi?cmd=Retrieve&db=PubMed&list_uids=1513320&dopt=Abstract,"dmt,5-me",5-Me-DMT,528.0,False,6.277366077466188
6653,5-HT1E,HTR1E,172,5-Methoxytryptamine,COC1=CC2=C(C=C1)NC=C2CCN,608-07-1,56422.0,3H-5HT,HUMAN,CLONED,,3151.0,"ZGOMBICK JM, ET AL., 1992",http://www.ncbi.nlm.nih.gov/entrez/query.fcgi?cmd=Retrieve&db=PubMed&list_uids=1513320&dopt=Abstract,5-methoxytryptamine,5-MeO-T,3151.0,False,5.501551596826
6749,5-HT1F,HTR1F,150,5-Hydroxy Tryptamine,C1=CC2=C(C=C1O)C(=CN2)CCN,50-67-9,58241.0,3H-5HT,HUMAN,CLONED,,10.0,"Adham N, et al., 1992",http://www.ncbi.nlm.nih.gov/entrez/query.fcgi?cmd=Retrieve&db=PubMed&list_uids=8380639&dopt=Abstract,5-hydroxy tryptamine,serotonin,10.0,False,8.0
6753,5-HT1F,HTR1F,694,"DMT,5-Me",CN(C)CCC1=CNC2=C1C=C(C=C2)OC,1832,,3H-5HT,HUMAN,CLONED,,37.0,"Adham N, et al., 1992",http://www.ncbi.nlm.nih.gov/entrez/query.fcgi?cmd=Retrieve&db=PubMed&list_uids=8380639&dopt=Abstract,"dmt,5-me",5-Me-DMT,37.0,False,7.431798275933005
6764,5-HT1F,HTR1F,172,5-Methoxytryptamine,COC1=CC2=C(C=C1)NC=C2CCN,608-07-1,56422.0,3H-5HT,HUMAN,CLONED,,1166.0,"Adham N, et al., 1992",http://www.ncbi.nlm.nih.gov/entrez/query.fcgi?cmd=Retrieve&db=PubMed&list_uids=8380639&dopt=Abstract,5-methoxytryptamine,5-MeO-T,1166.0,False,5.933301449577005
6851,5-HT1E,HTR1E,150,5-Hydroxy Tryptamine,C1=CC2=C(C=C1O)C(=CN2)CCN,50-67-9,58241.0,3H-5HT,HUMAN,CORTEX,,3.5,"LEONHARDT S, ET AL., 1989",http://www.ncbi.nlm.nih.gov/entrez/query.fcgi?cmd=Retrieve&db=PubMed&list_uids=2664084&dopt=Abstract,5-hydroxy tryptamine,serotonin,3.5,False,8.455931955649724
6860,5-HT1D,HTR1D,150,5-Hydroxy Tryptamine,C1=CC2=C(C=C1O)C(=CN2)CCN,50-67-9,58241.0,3H-5HT,BOVINE,STRIATUM,,1.9,"LEONHARDT S, ET AL., 1989",http://www.ncbi.nlm.nih.gov/entrez/query.fcgi?cmd=Retrieve&db=PubMed&list_uids=2664084&dopt=Abstract,5-hydroxy tryptamine,serotonin,1.9,False,8.721246399047171
6875,5-HT1E,HTR1E,150,5-Hydroxy Tryptamine,C1=CC2=C(C=C1O)C(=CN2)CCN,50-67-9,58241.0,125I-LSD,RAT,CLONED,,7.0,"LOVENBERG TW, ET AL., 1993",http://www.ncbi.nlm.nih.gov/entrez/query.fcgi?cmd=Retrieve&db=PubMed&list_uids=8384716&dopt=Abstract,5-hydroxy tryptamine,serotonin,7.0,False,8.154901959985743
9552,5-HT1A,HTR1A,150,5-Hydroxy Tryptamine,C1=CC2=C(C=C1O)C(=CN2)CCN,50-67-9,58241.0,3H-8-OH-DPAT,RAT,HIPPOCAMPUS,,0.12,"Owens MJ, et al, 1997",http://www.ncbi.nlm.nih.gov:80/entrez/query.fcgi?cmd=Retrieve&db=PubMed&list_uids=9400006&dopt=Abstract#http://www.ncbi.nlm.nih.gov:80/entrez/query.fcgi?cmd=Retrieve&db=PubMed&list_uids=9400006&dopt=Abstract#,5-hydroxy tryptamine,serotonin,0.12,False,9.920818753952375
11491,5-HT1B,HTR1B,150,5-Hydroxy Tryptamine,C1=CC2=C(C=C1O)C(=CN2)CCN,50-67-9,58241.0,3H-5HT,RAT,STRIATUM,,2.6,"Schotte A, et al.,  1996",http://www.ncbi.nlm.nih.gov:80/entrez/query.fcgi?cmd=Retrieve&db=PubMed&list_uids=8935801&dopt=Abstract#http://www.ncbi.nlm.nih.gov:80/entrez/query.fcgi?cmd=Retrieve&db=PubMed&list_uids=8935801&dopt=Abstract#,5-hydroxy tryptamine,serotonin,2.6,False,8.585026652029182
11494,5-HT1E,HTR1E,150,5-Hydroxy Tryptamine,C1=CC2=C(C=C1O)C(=CN2)CCN,50-67-9,58241.0,3H-5HT,HUMAN,CLONED,,2.3,"Schotte A, et al.,  1996",http://www.ncbi.nlm.nih.gov:80/entrez/query.fcgi?cmd=Retrieve&db=PubMed&list_uids=8935801&dopt=Abstract#http://www.ncbi.nlm.nih.gov:80/entrez/query.fcgi?cmd=Retrieve&db=PubMed&list_uids=8935801&dopt=Abstract#,5-hydroxy tryptamine,serotonin,2.3,False,8.638272163982407
11495,5-HT1F,HTR1F,150,5-Hydroxy Tryptamine,C1=CC2=C(C=C1O)C(=CN2)CCN,50-67-9,58241.0,3H-5HT,HUMAN,CLONED,,10.0,"Schotte A, et al.,  1996",http://www.ncbi.nlm.nih.gov:80/entrez/query.fcgi?cmd=Retrieve&db=PubMed&list_uids=8935801&dopt=Abstract#http://www.ncbi.nlm.nih.gov:80/entrez/query.fcgi?cmd=Retrieve&db=PubMed&list_uids=8935801&dopt=Abstract#,5-hydroxy tryptamine,serotonin,10.0,False,8.0
11672,5-HT1A,HTR1A,150,5-Hydroxy Tryptamine,C1=CC2=C(C=C1O)C(=CN2)CCN,50-67-9,58241.0,3H-8-OH-DPAT,HUMAN,BRAIN,,0.72,"Cusack, B et al., 1993",http://www.ncbi.nlm.nih.gov:80/entrez/query.fcgi?cmd=Retrieve&db=PubMed&list_uids=7855217&dopt=Abstract#http://www.ncbi.nlm.nih.gov:80/entrez/query.fcgi?cmd=Retrieve&db=PubMed&list_uids=7855217&dopt=Abstract#,5-hydroxy tryptamine,serotonin,0.72,False,9.142667503568731
11864,5-HT1B,HTR1B,150,5-Hydroxy Tryptamine,C1=CC2=C(C=C1O)C(=CN2)CCN,50-67-9,58241.0,3H-5CT,GUINEA PIG,STRIATUM,,2.51,"Millan MJ, et al., 2000",http://www.ncbi.nlm.nih.gov:80/entrez/query.fcgi?cmd=Retrieve&db=PubMed&list_uids=10611634&dopt=Abstract#http://www.ncbi.nlm.nih.gov:80/entrez/query.fcgi?cmd=Retrieve&db=PubMed&list_uids=10611634&dopt=Abstract#,5-hydroxy tryptamine,serotonin,2.51,False,8.600326278518962
11942,5-HT1B,HTR1B,150,5-Hydroxy Tryptamine,C1=CC2=C(C=C1O)C(=CN2)CCN,50-67-9,58241.0,35S-GTPGammaS,HUMAN,CLONED,,7.94,"Price GW, et al., 1997",http://www.ncbi.nlm.nih.gov:80/entrez/query.fcgi?cmd=Retrieve&db=PubMed&list_uids=9303567&dopt=Abstract#http://www.ncbi.nlm.nih.gov:80/entrez/query.fcgi?cmd=Retrieve&db=PubMed&list_uids=9303567&dopt=Abstract#,5-hydroxy tryptamine,serotonin,7.94,False,8.100179497572904
11946,5-HT1D,HTR1D,150,5-Hydroxy Tryptamine,C1=CC2=C(C=C1O)C(=CN2)CCN,50-67-9,58241.0,35S-GTPGammaS,HUMAN,CLONED,,3.98,"Price GW, et al., 1997",http://www.ncbi.nlm.nih.gov:80/entrez/query.fcgi?cmd=Retrieve&db=PubMed&list_uids=9303567&dopt=Abstract#http://www.ncbi.nlm.nih.gov:80/entrez/query.fcgi?cmd=Retrieve&db=PubMed&list_uids=9303567&dopt=Abstract#,5-hydroxy tryptamine,serotonin,3.98,False,8.400116927926312
12070,5-HT1D,HTR1D,150,5-Hydroxy Tryptamine,C1=CC2=C(C=C1O)C(=CN2)CCN,50-67-9,58241.0,3H-GR-125743,HUMAN,CLONED,,3.4,"Domenech T, et al., 1997",http://www.ncbi.nlm.nih.gov:80/entrez/query.fcgi?cmd=Retrieve&db=PubMed&list_uids=9303569&dopt=Abstract#http://www.ncbi.nlm.nih.gov:80/entrez/query.fcgi?cmd=Retrieve&db=PubMed&list_uids=9303569&dopt=Abstract#,5-hydroxy tryptamine,serotonin,3.4,False,8.468521082957745
12073,5-HT1D,HTR1D,172,5-Methoxytryptamine,COC1=CC2=C(C=C1)NC=C2CCN,608-07-1,56422.0,3H-GR-125743,HUMAN,CLONED,,1.7,"Domenech T, et al., 1997",http://www.ncbi.nlm.nih.gov:80/entrez/query.fcgi?cmd=Retrieve&db=PubMed&list_uids=9303569&dopt=Abstract#http://www.ncbi.nlm.nih.gov:80/entrez/query.fcgi?cmd=Retrieve&db=PubMed&list_uids=9303569&dopt=Abstract#,5-methoxytryptamine,5-MeO-T,1.7,False,8.769551078621726
12082,5-HT1B,HTR1B,150,5-Hydroxy Tryptamine,C1=CC2=C(C=C1O)C(=CN2)CCN,50-67-9,58241.0,3H-GR-125743,HUMAN,CLONED,,38.0,"Domenech T, et al., 1997",http://www.ncbi.nlm.nih.gov:80/entrez/query.fcgi?cmd=Retrieve&db=PubMed&list_uids=9303569&dopt=Abstract#http://www.ncbi.nlm.nih.gov:80/entrez/query.fcgi?cmd=Retrieve&db=PubMed&list_uids=9303569&dopt=Abstract#,5-hydroxy tryptamine,serotonin,38.0,False,7.42021640338319
12085,5-HT1B,HTR1B,172,5-Methoxytryptamine,COC1=CC2=C(C=C1)NC=C2CCN,608-07-1,56422.0,3H-GR-125743,HUMAN,CLONED,,38.0,"Domenech T, et al., 1997",http://www.ncbi.nlm.nih.gov:80/entrez/query.fcgi?cmd=Retrieve&db=PubMed&list_uids=9303569&dopt=Abstract#http://www.ncbi.nlm.nih.gov:80/entrez/query.fcgi?cmd=Retrieve&db=PubMed&list_uids=9303569&dopt=Abstract#,5-methoxytryptamine,5-MeO-T,38.0,False,7.42021640338319
12094,5-HT1B,HTR1B,150,5-Hydroxy Tryptamine,C1=CC2=C(C=C1O)C(=CN2)CCN,50-67-9,58241.0,3H-GR-125743,HUMAN,S. Nigra,,9.0,"Domenech T, et al., 1997",http://www.ncbi.nlm.nih.gov:80/entrez/query.fcgi?cmd=Retrieve&db=PubMed&list_uids=9303569&dopt=Abstract#http://www.ncbi.nlm.nih.gov:80/entrez/query.fcgi?cmd=Retrieve&db=PubMed&list_uids=9303569&dopt=Abstract#,5-hydroxy tryptamine,serotonin,9.0,False,8.045757490560675
12097,5-HT1B,HTR1B,172,5-Methoxytryptamine,COC1=CC2=C(C=C1)NC=C2CCN,608-07-1,56422.0,3H-GR-125743,HUMAN,S. Nigra,,35.0,"Domenech T, et al., 1997",http://www.ncbi.nlm.nih.gov:80/entrez/query.fcgi?cmd=Retrieve&db=PubMed&list_uids=9303569&dopt=Abstract#http://www.ncbi.nlm.nih.gov:80/entrez/query.fcgi?cmd=Retrieve&db=PubMed&list_uids=9303569&dopt=Abstract#,5-methoxytryptamine,5-MeO-T,35.0,False,7.455931955649724
12258,5-HT1B,HTR1B,150,5-Hydroxy Tryptamine,C1=CC2=C(C=C1O)C(=CN2)CCN,50-67-9,58241.0,35S-GTPGammaS,HUMAN,CLONED,,4.07,"Selkirk JV, et al., 1998",http://www.ncbi.nlm.nih.gov:80/entrez/query.fcgi?cmd=Retrieve&db=PubMed&list_uids=9776361&dopt=Abstract#http://www.ncbi.nlm.nih.gov:80/entrez/query.fcgi?cmd=Retrieve&db=PubMed&list_uids=9776361&dopt=Abstract#,5-hydroxy tryptamine,serotonin,4.07,False,8.39040559077478
12261,5-HT1D,HTR1D,150,5-Hydroxy Tryptamine,C1=CC2=C(C=C1O)C(=CN2)CCN,50-67-9,58241.0,35S-GTPGammaS,HUMAN,CLONED,,3.38,"Selkirk JV, et al., 1998",http://www.ncbi.nlm.nih.gov:80/entrez/query.fcgi?cmd=Retrieve&db=PubMed&list_uids=9776361&dopt=Abstract#http://www.ncbi.nlm.nih.gov:80/entrez/query.fcgi?cmd=Retrieve&db=PubMed&list_uids=9776361&dopt=Abstract#,5-hydroxy tryptamine,serotonin,3.38,False,8.471083299722345
12595,5-HT1B,HTR1B,172,5-Methoxytryptamine,COC1=CC2=C(C=C1)NC=C2CCN,608-07-1,56422.0,125I-ICYP,RAT,Spinal cord,,4.0,"Matsumoto I, et al., 1992",http://www.ncbi.nlm.nih.gov:80/entrez/query.fcgi?cmd=Retrieve&db=PubMed&list_uids=1738111&dopt=Abstract#http://www.ncbi.nlm.nih.gov:80/entrez/query.fcgi?cmd=Retrieve&db=PubMed&list_uids=1738111&dopt=Abstract#,5-methoxytryptamine,5-MeO-T,4.0,False,8.397940008672037
12596,5-HT1B,HTR1B,150,5-Hydroxy Tryptamine,C1=CC2=C(C=C1O)C(=CN2)CCN,50-67-9,58241.0,125I-ICYP,RAT,Spinal cord,,14.0,"Matsumoto I, et al., 1992",http://www.ncbi.nlm.nih.gov:80/entrez/query.fcgi?cmd=Retrieve&db=PubMed&list_uids=1738111&dopt=Abstract#http://www.ncbi.nlm.nih.gov:80/entrez/query.fcgi?cmd=Retrieve&db=PubMed&list_uids=1738111&dopt=Abstract#,5-hydroxy tryptamine,serotonin,14.0,False,7.853871964321762
14111,5-HT2A,HTR2A,150,5-Hydroxy Tryptamine,C1=CC2=C(C=C1O)C(=CN2)CCN,50-67-9,58241.0,3H-KETANSERIN,RAT,CLONED,,614.0,"Rothman RB, et al, 2000",http://www.ncbi.nlm.nih.gov:80/entrez/query.fcgi?cmd=Retrieve&db=PubMed&list_uids=11104741&dopt=Abstract#http://www.ncbi.nlm.nih.gov:80/entrez/query.fcgi?cmd=Retrieve&db=PubMed&list_uids=11104741&dopt=Abstract#,5-hydroxy tryptamine,serotonin,614.0,False,6.211831628858832
14126,5-HT2B,HTR2B,150,5-Hydroxy Tryptamine,C1=CC2=C(C=C1O)C(=CN2)CCN,50-67-9,58241.0,3H-5HT,HUMAN,CLONED,,4.0,"Rothman RB, et al, 2000",http://www.ncbi.nlm.nih.gov:80/entrez/query.fcgi?cmd=Retrieve&db=PubMed&list_uids=11104741&dopt=Abstract#http://www.ncbi.nlm.nih.gov:80/entrez/query.fcgi?cmd=Retrieve&db=PubMed&list_uids=11104741&dopt=Abstract#,5-hydroxy tryptamine,serotonin,4.0,False,8.397940008672037
14141,5-HT2C,HTR2C,150,5-Hydroxy Tryptamine,C1=CC2=C(C=C1O)C(=CN2)CCN,50-67-9,58241.0,3H-MESULERGINE,RAT,CLONED,,12.2,"Rothman RB, et al, 2000",http://www.ncbi.nlm.nih.gov:80/entrez/query.fcgi?cmd=Retrieve&db=PubMed&list_uids=11104741&dopt=Abstract#http://www.ncbi.nlm.nih.gov:80/entrez/query.fcgi?cmd=Retrieve&db=PubMed&list_uids=11104741&dopt=Abstract#,5-hydroxy tryptamine,serotonin,12.2,False,7.913640169325252
15033,5-HT1A,HTR1A,150,5-Hydroxy Tryptamine,C1=CC2=C(C=C1O)C(=CN2)CCN,50-67-9,58241.0,3H-5HT,HUMAN,CLONED,,166.0,"Gettys TW, et al., 1994",http://www.ncbi.nlm.nih.gov:80/entrez/query.fcgi?cmd=Retrieve&db=PubMed&list_uids=8155646&dopt=Abstract#http://www.ncbi.nlm.nih.gov:80/entrez/query.fcgi?cmd=Retrieve&db=PubMed&list_uids=8155646&dopt=Abstract#,5-hydroxy tryptamine,serotonin,166.0,False,6.779891911959945
15234,5-HT1A,HTR1A,150,5-Hydroxy Tryptamine,C1=CC2=C(C=C1O)C(=CN2)CCN,50-67-9,58241.0,3H-8-OH-DPAT,HUMAN,CLONED,,0.26,"BOESS FG, ET AL., 1994",http://www.ncbi.nlm.nih.gov:80/entrez/query.fcgi?cmd=Retrieve&db=PubMed&list_uids=7984267&dopt=Abstract#http://www.ncbi.nlm.nih.gov:80/entrez/query.fcgi?cmd=Retrieve&db=PubMed&list_uids=7984267&dopt=Abstract#,5-hydroxy tryptamine,serotonin,0.26,False,9.585026652029182
15240,5-HT1A,HTR1A,150,5-Hydroxy Tryptamine,C1=CC2=C(C=C1O)C(=CN2)CCN,50-67-9,58241.0,3H-8-OH-DPAT,HUMAN,CLONED,,1.25,"BOESS FG, ET AL., 1994",http://www.ncbi.nlm.nih.gov:80/entrez/query.fcgi?cmd=Retrieve&db=PubMed&list_uids=7984267&dopt=Abstract#http://www.ncbi.nlm.nih.gov:80/entrez/query.fcgi?cmd=Retrieve&db=PubMed&list_uids=7984267&dopt=Abstract#,5-hydroxy tryptamine,serotonin,1.25,False,8.903089986991944
15250,5-HT1A,HTR1A,150,5-Hydroxy Tryptamine,C1=CC2=C(C=C1O)C(=CN2)CCN,50-67-9,58241.0,3H-8-OH-DPAT,HUMAN,CLONED,,12.58,"BOESS FG, ET AL., 1994",http://www.ncbi.nlm.nih.gov:80/entrez/query.fcgi?cmd=Retrieve&db=PubMed&list_uids=7984267&dopt=Abstract#http://www.ncbi.nlm.nih.gov:80/entrez/query.fcgi?cmd=Retrieve&db=PubMed&list_uids=7984267&dopt=Abstract#,5-hydroxy tryptamine,serotonin,12.58,False,7.90031935889075
15259,5-HT1A,HTR1A,150,5-Hydroxy Tryptamine,C1=CC2=C(C=C1O)C(=CN2)CCN,50-67-9,58241.0,3H-8-OH-DPAT,HUMAN,CLONED,,0.79,"BOESS FG, ET AL., 1994",http://www.ncbi.nlm.nih.gov:80/entrez/query.fcgi?cmd=Retrieve&db=PubMed&list_uids=7984267&dopt=Abstract#http://www.ncbi.nlm.nih.gov:80/entrez/query.fcgi?cmd=Retrieve&db=PubMed&list_uids=7984267&dopt=Abstract#,5-hydroxy tryptamine,serotonin,0.79,False,9.102372908709558
15267,5-HT1A,HTR1A,150,5-Hydroxy Tryptamine,C1=CC2=C(C=C1O)C(=CN2)CCN,50-67-9,58241.0,3H-8-OH-DPAT,HUMAN,CLONED,,3.98,"BOESS FG, ET AL., 1994",http://www.ncbi.nlm.nih.gov:80/entrez/query.fcgi?cmd=Retrieve&db=PubMed&list_uids=7984267&dopt=Abstract#http://www.ncbi.nlm.nih.gov:80/entrez/query.fcgi?cmd=Retrieve&db=PubMed&list_uids=7984267&dopt=Abstract#,5-hydroxy tryptamine,serotonin,3.98,False,8.400116927926312
15276,5-HT1A,HTR1A,150,5-Hydroxy Tryptamine,C1=CC2=C(C=C1O)C(=CN2)CCN,50-67-9,58241.0,3H-cAMP,HUMAN,CLONED,,3.98,"BOESS FG, ET AL., 1994",http://www.ncbi.nlm.nih.gov:80/entrez/query.fcgi?cmd=Retrieve&db=PubMed&list_uids=7984267&dopt=Abstract#http://www.ncbi.nlm.nih.gov:80/entrez/query.fcgi?cmd=Retrieve&db=PubMed&list_uids=7984267&dopt=Abstract#,5-hydroxy tryptamine,serotonin,3.98,False,8.400116927926312
15290,5-HT1A,HTR1A,150,5-Hydroxy Tryptamine,C1=CC2=C(C=C1O)C(=CN2)CCN,50-67-9,58241.0,3H-SPIPERONE,HUMAN,CLONED,,102.32,"BOESS FG, ET AL., 1994",http://www.ncbi.nlm.nih.gov:80/entrez/query.fcgi?cmd=Retrieve&db=PubMed&list_uids=7984267&dopt=Abstract#http://www.ncbi.nlm.nih.gov:80/entrez/query.fcgi?cmd=Retrieve&db=PubMed&list_uids=7984267&dopt=Abstract#,5-hydroxy tryptamine,serotonin,102.32,False,6.990039468529403
15304,5-HT1D,HTR1D,172,5-Methoxytryptamine,COC1=CC2=C(C=C1)NC=C2CCN,608-07-1,56422.0,3H-5HT,HUMAN,CLONED,,2.18,"BOESS FG, ET AL., 1994",http://www.ncbi.nlm.nih.gov:80/entrez/query.fcgi?cmd=Retrieve&db=PubMed&list_uids=7984267&dopt=Abstract#http://www.ncbi.nlm.nih.gov:80/entrez/query.fcgi?cmd=Retrieve&db=PubMed&list_uids=7984267&dopt=Abstract#,5-methoxytryptamine,5-MeO-T,2.18,False,8.661543506395395
15307,5-HT1D,HTR1D,150,5-Hydroxy Tryptamine,C1=CC2=C(C=C1O)C(=CN2)CCN,50-67-9,58241.0,3H-5HT,HUMAN,CLONED,,8.91,"BOESS FG, ET AL., 1994",http://www.ncbi.nlm.nih.gov:80/entrez/query.fcgi?cmd=Retrieve&db=PubMed&list_uids=7984267&dopt=Abstract#http://www.ncbi.nlm.nih.gov:80/entrez/query.fcgi?cmd=Retrieve&db=PubMed&list_uids=7984267&dopt=Abstract#,5-hydroxy tryptamine,serotonin,8.91,False,8.050122295963126
15313,5-HT1D,HTR1D,150,5-Hydroxy Tryptamine,C1=CC2=C(C=C1O)C(=CN2)CCN,50-67-9,58241.0,3H-5HT,HUMAN,CLONED,,2.08,"BOESS FG, ET AL., 1994",http://www.ncbi.nlm.nih.gov:80/entrez/query.fcgi?cmd=Retrieve&db=PubMed&list_uids=7984267&dopt=Abstract#http://www.ncbi.nlm.nih.gov:80/entrez/query.fcgi?cmd=Retrieve&db=PubMed&list_uids=7984267&dopt=Abstract#,5-hydroxy tryptamine,serotonin,2.08,False,8.681936665037238
15318,5-HT1D,HTR1D,172,5-Methoxytryptamine,COC1=CC2=C(C=C1)NC=C2CCN,608-07-1,56422.0,3H-5HT,HUMAN,CLONED,,4.78,"BOESS FG, ET AL., 1994",http://www.ncbi.nlm.nih.gov:80/entrez/query.fcgi?cmd=Retrieve&db=PubMed&list_uids=7984267&dopt=Abstract#http://www.ncbi.nlm.nih.gov:80/entrez/query.fcgi?cmd=Retrieve&db=PubMed&list_uids=7984267&dopt=Abstract#,5-methoxytryptamine,5-MeO-T,4.78,False,8.320572103387882
15321,5-HT1D,HTR1D,150,5-Hydroxy Tryptamine,C1=CC2=C(C=C1O)C(=CN2)CCN,50-67-9,58241.0,3H-5HT,HUMAN,CLONED,,3.89,"BOESS FG, ET AL., 1994",http://www.ncbi.nlm.nih.gov:80/entrez/query.fcgi?cmd=Retrieve&db=PubMed&list_uids=7984267&dopt=Abstract#http://www.ncbi.nlm.nih.gov:80/entrez/query.fcgi?cmd=Retrieve&db=PubMed&list_uids=7984267&dopt=Abstract#,5-hydroxy tryptamine,serotonin,3.89,False,8.410050398674292
15331,5-HT1D,HTR1D,172,5-Methoxytryptamine,COC1=CC2=C(C=C1)NC=C2CCN,608-07-1,56422.0,3H-LSD,Dog,CLONED,,6.3,"BOESS FG, ET AL., 1994",http://www.ncbi.nlm.nih.gov:80/entrez/query.fcgi?cmd=Retrieve&db=PubMed&list_uids=7984267&dopt=Abstract#http://www.ncbi.nlm.nih.gov:80/entrez/query.fcgi?cmd=Retrieve&db=PubMed&list_uids=7984267&dopt=Abstract#,5-methoxytryptamine,5-MeO-T,6.3,False,8.200659450546418
15333,5-HT1D,HTR1D,150,5-Hydroxy Tryptamine,C1=CC2=C(C=C1O)C(=CN2)CCN,50-67-9,58241.0,3H-LSD,Dog,CLONED,,15.84,"BOESS FG, ET AL., 1994",http://www.ncbi.nlm.nih.gov:80/entrez/query.fcgi?cmd=Retrieve&db=PubMed&list_uids=7984267&dopt=Abstract#http://www.ncbi.nlm.nih.gov:80/entrez/query.fcgi?cmd=Retrieve&db=PubMed&list_uids=7984267&dopt=Abstract#,5-hydroxy tryptamine,serotonin,15.84,False,7.800244822746525
15338,5-HT1D,HTR1D,172,5-Methoxytryptamine,COC1=CC2=C(C=C1)NC=C2CCN,608-07-1,56422.0,3H-5HT,Dog,CLONED,,30.9,"BOESS FG, ET AL., 1994",http://www.ncbi.nlm.nih.gov:80/entrez/query.fcgi?cmd=Retrieve&db=PubMed&list_uids=7984267&dopt=Abstract#http://www.ncbi.nlm.nih.gov:80/entrez/query.fcgi?cmd=Retrieve&db=PubMed&list_uids=7984267&dopt=Abstract#,5-methoxytryptamine,5-MeO-T,30.9,False,7.510041520575165
15341,5-HT1D,HTR1D,150,5-Hydroxy Tryptamine,C1=CC2=C(C=C1O)C(=CN2)CCN,50-67-9,58241.0,3H-5HT,Dog,CLONED,,5.01,"BOESS FG, ET AL., 1994",http://www.ncbi.nlm.nih.gov:80/entrez/query.fcgi?cmd=Retrieve&db=PubMed&list_uids=7984267&dopt=Abstract#http://www.ncbi.nlm.nih.gov:80/entrez/query.fcgi?cmd=Retrieve&db=PubMed&list_uids=7984267&dopt=Abstract#,5-hydroxy tryptamine,serotonin,5.01,False,8.300162274132754
15342,5-HT1D,HTR1D,694,"DMT,5-Me",CN(C)CCC1=CNC2=C1C=C(C=C2)OC,1832,,3H-5HT,Dog,CLONED,,5.12,"BOESS FG, ET AL., 1994",http://www.ncbi.nlm.nih.gov:80/entrez/query.fcgi?cmd=Retrieve&db=PubMed&list_uids=7984267&dopt=Abstract#http://www.ncbi.nlm.nih.gov:80/entrez/query.fcgi?cmd=Retrieve&db=PubMed&list_uids=7984267&dopt=Abstract#,"dmt,5-me",5-Me-DMT,5.12,False,8.290730039024169
15353,5-HT1D,HTR1D,172,5-Methoxytryptamine,COC1=CC2=C(C=C1)NC=C2CCN,608-07-1,56422.0,3H-5HT,RAT,CLONED,,2.39,"BOESS FG, ET AL., 1994",http://www.ncbi.nlm.nih.gov:80/entrez/query.fcgi?cmd=Retrieve&db=PubMed&list_uids=7984267&dopt=Abstract#http://www.ncbi.nlm.nih.gov:80/entrez/query.fcgi?cmd=Retrieve&db=PubMed&list_uids=7984267&dopt=Abstract#,5-methoxytryptamine,5-MeO-T,2.39,False,8.621602099051863
15358,5-HT1D,HTR1D,150,5-Hydroxy Tryptamine,C1=CC2=C(C=C1O)C(=CN2)CCN,50-67-9,58241.0,3H-5HT,RAT,CLONED,,2.51,"BOESS FG, ET AL., 1994",http://www.ncbi.nlm.nih.gov:80/entrez/query.fcgi?cmd=Retrieve&db=PubMed&list_uids=7984267&dopt=Abstract#http://www.ncbi.nlm.nih.gov:80/entrez/query.fcgi?cmd=Retrieve&db=PubMed&list_uids=7984267&dopt=Abstract#,5-hydroxy tryptamine,serotonin,2.51,False,8.600326278518962
15367,5-HT1B,HTR1B,172,5-Methoxytryptamine,COC1=CC2=C(C=C1)NC=C2CCN,608-07-1,56422.0,3H-5HT,HUMAN,CLONED,,33.88,"BOESS FG, ET AL., 1994",http://www.ncbi.nlm.nih.gov:80/entrez/query.fcgi?cmd=Retrieve&db=PubMed&list_uids=7984267&dopt=Abstract#http://www.ncbi.nlm.nih.gov:80/entrez/query.fcgi?cmd=Retrieve&db=PubMed&list_uids=7984267&dopt=Abstract#,5-methoxytryptamine,5-MeO-T,33.88,False,7.470056598341331
15370,5-HT1B,HTR1B,150,5-Hydroxy Tryptamine,C1=CC2=C(C=C1O)C(=CN2)CCN,50-67-9,58241.0,3H-5HT,HUMAN,CLONED,,4.26,"BOESS FG, ET AL., 1994",http://www.ncbi.nlm.nih.gov:80/entrez/query.fcgi?cmd=Retrieve&db=PubMed&list_uids=7984267&dopt=Abstract#http://www.ncbi.nlm.nih.gov:80/entrez/query.fcgi?cmd=Retrieve&db=PubMed&list_uids=7984267&dopt=Abstract#,5-hydroxy tryptamine,serotonin,4.26,False,8.370590400897282
15383,5-HT1B,HTR1B,694,"DMT,5-Me",CN(C)CCC1=CNC2=C1C=C(C=C2)OC,1832,,3H-5HT,HUMAN,CLONED,,23.44,"BOESS FG, ET AL., 1994",http://www.ncbi.nlm.nih.gov:80/entrez/query.fcgi?cmd=Retrieve&db=PubMed&list_uids=7984267&dopt=Abstract#http://www.ncbi.nlm.nih.gov:80/entrez/query.fcgi?cmd=Retrieve&db=PubMed&list_uids=7984267&dopt=Abstract#,"dmt,5-me",5-Me-DMT,23.44,False,7.630042392653947
15386,5-HT1B,HTR1B,150,5-Hydroxy Tryptamine,C1=CC2=C(C=C1O)C(=CN2)CCN,50-67-9,58241.0,3H-5HT,HUMAN,CLONED,,1.09,"BOESS FG, ET AL., 1994",http://www.ncbi.nlm.nih.gov:80/entrez/query.fcgi?cmd=Retrieve&db=PubMed&list_uids=7984267&dopt=Abstract#http://www.ncbi.nlm.nih.gov:80/entrez/query.fcgi?cmd=Retrieve&db=PubMed&list_uids=7984267&dopt=Abstract#,5-hydroxy tryptamine,serotonin,1.09,False,8.962573502059376
15395,5-HT1B,HTR1B,150,5-Hydroxy Tryptamine,C1=CC2=C(C=C1O)C(=CN2)CCN,50-67-9,58241.0,3H-5HT,HUMAN,CLONED,,3.98,"BOESS FG, ET AL., 1994",http://www.ncbi.nlm.nih.gov:80/entrez/query.fcgi?cmd=Retrieve&db=PubMed&list_uids=7984267&dopt=Abstract#http://www.ncbi.nlm.nih.gov:80/entrez/query.fcgi?cmd=Retrieve&db=PubMed&list_uids=7984267&dopt=Abstract#,5-hydroxy tryptamine,serotonin,3.98,False,8.400116927926312
15406,5-HT1B,HTR1B,172,5-Methoxytryptamine,COC1=CC2=C(C=C1)NC=C2CCN,608-07-1,56422.0,3H-5HT,HUMAN,CLONED,,0.75,"BOESS FG, ET AL., 1994",http://www.ncbi.nlm.nih.gov:80/entrez/query.fcgi?cmd=Retrieve&db=PubMed&list_uids=7984267&dopt=Abstract#http://www.ncbi.nlm.nih.gov:80/entrez/query.fcgi?cmd=Retrieve&db=PubMed&list_uids=7984267&dopt=Abstract#,5-methoxytryptamine,5-MeO-T,0.75,False,9.1249387366083
15411,5-HT1B,HTR1B,150,5-Hydroxy Tryptamine,C1=CC2=C(C=C1O)C(=CN2)CCN,50-67-9,58241.0,3H-5HT,HUMAN,CLONED,,0.57,"BOESS FG, ET AL., 1994",http://www.ncbi.nlm.nih.gov:80/entrez/query.fcgi?cmd=Retrieve&db=PubMed&list_uids=7984267&dopt=Abstract#http://www.ncbi.nlm.nih.gov:80/entrez/query.fcgi?cmd=Retrieve&db=PubMed&list_uids=7984267&dopt=Abstract#,5-hydroxy tryptamine,serotonin,0.57,False,9.244125144327509
15424,5-HT1B,HTR1B,150,5-Hydroxy Tryptamine,C1=CC2=C(C=C1O)C(=CN2)CCN,50-67-9,58241.0,3H-5HT,HUMAN,CLONED,,15.84,"BOESS FG, ET AL., 1994",http://www.ncbi.nlm.nih.gov:80/entrez/query.fcgi?cmd=Retrieve&db=PubMed&list_uids=7984267&dopt=Abstract#http://www.ncbi.nlm.nih.gov:80/entrez/query.fcgi?cmd=Retrieve&db=PubMed&list_uids=7984267&dopt=Abstract#,5-hydroxy tryptamine,serotonin,15.84,False,7.800244822746525
15436,5-HT1B,HTR1B,150,5-Hydroxy Tryptamine,C1=CC2=C(C=C1O)C(=CN2)CCN,50-67-9,58241.0,125I-ICYP,RAT,CLONED,,15.84,"BOESS FG, ET AL., 1994",http://www.ncbi.nlm.nih.gov:80/entrez/query.fcgi?cmd=Retrieve&db=PubMed&list_uids=7984267&dopt=Abstract#http://www.ncbi.nlm.nih.gov:80/entrez/query.fcgi?cmd=Retrieve&db=PubMed&list_uids=7984267&dopt=Abstract#,5-hydroxy tryptamine,serotonin,15.84,False,7.800244822746525
15440,5-HT1B,HTR1B,172,5-Methoxytryptamine,COC1=CC2=C(C=C1)NC=C2CCN,608-07-1,56422.0,125I-ICYP,RAT,CLONED,,45.7,"BOESS FG, ET AL., 1994",http://www.ncbi.nlm.nih.gov:80/entrez/query.fcgi?cmd=Retrieve&db=PubMed&list_uids=7984267&dopt=Abstract#http://www.ncbi.nlm.nih.gov:80/entrez/query.fcgi?cmd=Retrieve&db=PubMed&list_uids=7984267&dopt=Abstract#,5-methoxytryptamine,5-MeO-T,45.7,False,7.34008379993015
15453,5-HT1B,HTR1B,150,5-Hydroxy Tryptamine,C1=CC2=C(C=C1O)C(=CN2)CCN,50-67-9,58241.0,3H-5HT,RAT,CLONED,,5.24,"BOESS FG, ET AL., 1994",http://www.ncbi.nlm.nih.gov:80/entrez/query.fcgi?cmd=Retrieve&db=PubMed&list_uids=7984267&dopt=Abstract#http://www.ncbi.nlm.nih.gov:80/entrez/query.fcgi?cmd=Retrieve&db=PubMed&list_uids=7984267&dopt=Abstract#,5-hydroxy tryptamine,serotonin,5.24,False,8.280668713016274
15455,5-HT1B,HTR1B,172,5-Methoxytryptamine,COC1=CC2=C(C=C1)NC=C2CCN,608-07-1,56422.0,3H-5HT,RAT,CLONED,,30.9,"BOESS FG, ET AL., 1994",http://www.ncbi.nlm.nih.gov:80/entrez/query.fcgi?cmd=Retrieve&db=PubMed&list_uids=7984267&dopt=Abstract#http://www.ncbi.nlm.nih.gov:80/entrez/query.fcgi?cmd=Retrieve&db=PubMed&list_uids=7984267&dopt=Abstract#,5-methoxytryptamine,5-MeO-T,30.9,False,7.510041520575165
15467,5-HT1B,HTR1B,172,5-Methoxytryptamine,COC1=CC2=C(C=C1)NC=C2CCN,608-07-1,56422.0,3H-5HT,RAT,CLONED,,1.69,"BOESS FG, ET AL., 1994",http://www.ncbi.nlm.nih.gov:80/entrez/query.fcgi?cmd=Retrieve&db=PubMed&list_uids=7984267&dopt=Abstract#http://www.ncbi.nlm.nih.gov:80/entrez/query.fcgi?cmd=Retrieve&db=PubMed&list_uids=7984267&dopt=Abstract#,5-methoxytryptamine,5-MeO-T,1.69,False,8.772113295386326
15475,5-HT1B,HTR1B,150,5-Hydroxy Tryptamine,C1=CC2=C(C=C1O)C(=CN2)CCN,50-67-9,58241.0,3H-5HT,MOUSE,CLONED,,39.81,"BOESS FG, ET AL., 1994",http://www.ncbi.nlm.nih.gov:80/entrez/query.fcgi?cmd=Retrieve&db=PubMed&list_uids=7984267&dopt=Abstract#http://www.ncbi.nlm.nih.gov:80/entrez/query.fcgi?cmd=Retrieve&db=PubMed&list_uids=7984267&dopt=Abstract#,5-hydroxy tryptamine,serotonin,39.81,False,7.400007822415902
15480,5-HT1E,HTR1E,150,5-Hydroxy Tryptamine,C1=CC2=C(C=C1O)C(=CN2)CCN,50-67-9,58241.0,3H-5HT,HUMAN,CLONED,,10.96,"BOESS FG, ET AL., 1994",http://www.ncbi.nlm.nih.gov:80/entrez/query.fcgi?cmd=Retrieve&db=PubMed&list_uids=7984267&dopt=Abstract#http://www.ncbi.nlm.nih.gov:80/entrez/query.fcgi?cmd=Retrieve&db=PubMed&list_uids=7984267&dopt=Abstract#,5-hydroxy tryptamine,serotonin,10.96,False,7.96018944585165
15487,5-HT1E,HTR1E,694,"DMT,5-Me",CN(C)CCC1=CNC2=C1C=C(C=C2)OC,1832,,3H-5HT,HUMAN,CLONED,,524.8,"BOESS FG, ET AL., 1994",http://www.ncbi.nlm.nih.gov:80/entrez/query.fcgi?cmd=Retrieve&db=PubMed&list_uids=7984267&dopt=Abstract#http://www.ncbi.nlm.nih.gov:80/entrez/query.fcgi?cmd=Retrieve&db=PubMed&list_uids=7984267&dopt=Abstract#,"dmt,5-me",5-Me-DMT,524.8,False,6.280006173632396
15496,5-HT1E,HTR1E,150,5-Hydroxy Tryptamine,C1=CC2=C(C=C1O)C(=CN2)CCN,50-67-9,58241.0,3H-5HT,HUMAN,CLONED,,7.24,"BOESS FG, ET AL., 1994",http://www.ncbi.nlm.nih.gov:80/entrez/query.fcgi?cmd=Retrieve&db=PubMed&list_uids=7984267&dopt=Abstract#http://www.ncbi.nlm.nih.gov:80/entrez/query.fcgi?cmd=Retrieve&db=PubMed&list_uids=7984267&dopt=Abstract#,5-hydroxy tryptamine,serotonin,7.24,False,8.140261433802854
15497,5-HT1E,HTR1E,150,5-Hydroxy Tryptamine,C1=CC2=C(C=C1O)C(=CN2)CCN,50-67-9,58241.0,3H-5HT,HUMAN,CLONED,,6.16,"BOESS FG, ET AL., 1994",http://www.ncbi.nlm.nih.gov:80/entrez/query.fcgi?cmd=Retrieve&db=PubMed&list_uids=7984267&dopt=Abstract#http://www.ncbi.nlm.nih.gov:80/entrez/query.fcgi?cmd=Retrieve&db=PubMed&list_uids=7984267&dopt=Abstract#,5-hydroxy tryptamine,serotonin,6.16,False,8.210419287835574
15510,5-HT1F,HTR1F,150,5-Hydroxy Tryptamine,C1=CC2=C(C=C1O)C(=CN2)CCN,50-67-9,58241.0,3H-5HT,HUMAN,CLONED,,10.0,"BOESS FG, ET AL., 1994",http://www.ncbi.nlm.nih.gov:80/entrez/query.fcgi?cmd=Retrieve&db=PubMed&list_uids=7984267&dopt=Abstract#http://www.ncbi.nlm.nih.gov:80/entrez/query.fcgi?cmd=Retrieve&db=PubMed&list_uids=7984267&dopt=Abstract#,5-hydroxy tryptamine,serotonin,10.0,False,8.0
15514,5-HT1F,HTR1F,694,"DMT,5-Me",CN(C)CCC1=CNC2=C1C=C(C=C2)OC,1832,,3H-5HT,HUMAN,CLONED,,37.15,"BOESS FG, ET AL., 1994",http://www.ncbi.nlm.nih.gov:80/entrez/query.fcgi?cmd=Retrieve&db=PubMed&list_uids=7984267&dopt=Abstract#http://www.ncbi.nlm.nih.gov:80/entrez/query.fcgi?cmd=Retrieve&db=PubMed&list_uids=7984267&dopt=Abstract#,"dmt,5-me",5-Me-DMT,37.15,False,7.430041181903406
15525,5-HT1F,HTR1F,150,5-Hydroxy Tryptamine,C1=CC2=C(C=C1O)C(=CN2)CCN,50-67-9,58241.0,125I-LSD,MOUSE,CLONED,,125.89,"BOESS FG, ET AL., 1994",http://www.ncbi.nlm.nih.gov:80/entrez/query.fcgi?cmd=Retrieve&db=PubMed&list_uids=7984267&dopt=Abstract#http://www.ncbi.nlm.nih.gov:80/entrez/query.fcgi?cmd=Retrieve&db=PubMed&list_uids=7984267&dopt=Abstract#,5-hydroxy tryptamine,serotonin,125.89,False,6.900008766455315
15527,5-HT1F,HTR1F,437,"DMT,5-OH",CN(C)CCC1=CNC2=C1C=C(C=C2)O,487-93-4,89593.0,125I-LSD,MOUSE,CLONED,,31.62,"BOESS FG, ET AL., 1994",http://www.ncbi.nlm.nih.gov:80/entrez/query.fcgi?cmd=Retrieve&db=PubMed&list_uids=7984267&dopt=Abstract#http://www.ncbi.nlm.nih.gov:80/entrez/query.fcgi?cmd=Retrieve&db=PubMed&list_uids=7984267&dopt=Abstract#,"dmt,5-oh",bufotenine,31.62,False,7.50003813440381
15539,5-HT1F,HTR1F,150,5-Hydroxy Tryptamine,C1=CC2=C(C=C1O)C(=CN2)CCN,50-67-9,58241.0,125I-LSD,RAT,CLONED,,67.6,"BOESS FG, ET AL., 1994",http://www.ncbi.nlm.nih.gov:80/entrez/query.fcgi?cmd=Retrieve&db=PubMed&list_uids=7984267&dopt=Abstract#http://www.ncbi.nlm.nih.gov:80/entrez/query.fcgi?cmd=Retrieve&db=PubMed&list_uids=7984267&dopt=Abstract#,5-hydroxy tryptamine,serotonin,67.6,False,7.170053304058364
15549,5-HT2A,HTR2A,150,5-Hydroxy Tryptamine,C1=CC2=C(C=C1O)C(=CN2)CCN,50-67-9,58241.0,3H-SPIPERONE,RAT,CLONED,,251.18,"BOESS FG, ET AL., 1994",http://www.ncbi.nlm.nih.gov:80/entrez/query.fcgi?cmd=Retrieve&db=PubMed&list_uids=7984267&dopt=Abstract#http://www.ncbi.nlm.nih.gov:80/entrez/query.fcgi?cmd=Retrieve&db=PubMed&list_uids=7984267&dopt=Abstract#,5-hydroxy tryptamine,serotonin,251.18,False,6.60001494389755
15554,5-HT2A,HTR2A,150,5-Hydroxy Tryptamine,C1=CC2=C(C=C1O)C(=CN2)CCN,50-67-9,58241.0,3H-KETANSERIN,RAT,CLONED,,478.63,"BOESS FG, ET AL., 1994",http://www.ncbi.nlm.nih.gov:80/entrez/query.fcgi?cmd=Retrieve&db=PubMed&list_uids=7984267&dopt=Abstract#http://www.ncbi.nlm.nih.gov:80/entrez/query.fcgi?cmd=Retrieve&db=PubMed&list_uids=7984267&dopt=Abstract#,5-hydroxy tryptamine,serotonin,478.63,False,6.320000083770781
15563,5-HT2A,HTR2A,150,5-Hydroxy Tryptamine,C1=CC2=C(C=C1O)C(=CN2)CCN,50-67-9,58241.0,3H-KETANSERIN,RAT,CLONED,,707.94,"BOESS FG, ET AL., 1994",http://www.ncbi.nlm.nih.gov:80/entrez/query.fcgi?cmd=Retrieve&db=PubMed&list_uids=7984267&dopt=Abstract#http://www.ncbi.nlm.nih.gov:80/entrez/query.fcgi?cmd=Retrieve&db=PubMed&list_uids=7984267&dopt=Abstract#,5-hydroxy tryptamine,serotonin,707.94,False,6.150003548486947
15568,5-HT2A,HTR2A,150,5-Hydroxy Tryptamine,C1=CC2=C(C=C1O)C(=CN2)CCN,50-67-9,58241.0,125I-DOI,RAT,CLONED,,5.75,"BOESS FG, ET AL., 1994",http://www.ncbi.nlm.nih.gov:80/entrez/query.fcgi?cmd=Retrieve&db=PubMed&list_uids=7984267&dopt=Abstract#http://www.ncbi.nlm.nih.gov:80/entrez/query.fcgi?cmd=Retrieve&db=PubMed&list_uids=7984267&dopt=Abstract#,5-hydroxy tryptamine,serotonin,5.75,False,8.24033215531037
15577,5-HT2A,HTR2A,150,5-Hydroxy Tryptamine,C1=CC2=C(C=C1O)C(=CN2)CCN,50-67-9,58241.0,125I-DOI,RAT,CLONED,,1.99,"BOESS FG, ET AL., 1994",http://www.ncbi.nlm.nih.gov:80/entrez/query.fcgi?cmd=Retrieve&db=PubMed&list_uids=7984267&dopt=Abstract#http://www.ncbi.nlm.nih.gov:80/entrez/query.fcgi?cmd=Retrieve&db=PubMed&list_uids=7984267&dopt=Abstract#,5-hydroxy tryptamine,serotonin,1.99,False,8.701146923590294
15580,5-HT2A,HTR2A,150,5-Hydroxy Tryptamine,C1=CC2=C(C=C1O)C(=CN2)CCN,50-67-9,58241.0,3H-DOI,HUMAN,CLONED,,12.02,"BOESS FG, ET AL., 1994",http://www.ncbi.nlm.nih.gov:80/entrez/query.fcgi?cmd=Retrieve&db=PubMed&list_uids=7984267&dopt=Abstract#http://www.ncbi.nlm.nih.gov:80/entrez/query.fcgi?cmd=Retrieve&db=PubMed&list_uids=7984267&dopt=Abstract#,5-hydroxy tryptamine,serotonin,12.02,False,7.92009553233328
15589,5-HT2A,HTR2A,150,5-Hydroxy Tryptamine,C1=CC2=C(C=C1O)C(=CN2)CCN,50-67-9,58241.0,3H-KETANSERIN,HUMAN,CLONED,,602.55,"BOESS FG, ET AL., 1994",http://www.ncbi.nlm.nih.gov:80/entrez/query.fcgi?cmd=Retrieve&db=PubMed&list_uids=7984267&dopt=Abstract#http://www.ncbi.nlm.nih.gov:80/entrez/query.fcgi?cmd=Retrieve&db=PubMed&list_uids=7984267&dopt=Abstract#,5-hydroxy tryptamine,serotonin,602.55,False,6.220006909212648
15592,5-HT2B,HTR2B,150,5-Hydroxy Tryptamine,C1=CC2=C(C=C1O)C(=CN2)CCN,50-67-9,58241.0,3H-5HT,RAT,CLONED,,28.18,"BOESS FG, ET AL., 1994",http://www.ncbi.nlm.nih.gov:80/entrez/query.fcgi?cmd=Retrieve&db=PubMed&list_uids=7984267&dopt=Abstract#http://www.ncbi.nlm.nih.gov:80/entrez/query.fcgi?cmd=Retrieve&db=PubMed&list_uids=7984267&dopt=Abstract#,5-hydroxy tryptamine,serotonin,28.18,False,7.550059011226662
15594,5-HT2B,HTR2B,172,5-Methoxytryptamine,COC1=CC2=C(C=C1)NC=C2CCN,608-07-1,56422.0,3H-5HT,RAT,CLONED,,7.07,"BOESS FG, ET AL., 1994",http://www.ncbi.nlm.nih.gov:80/entrez/query.fcgi?cmd=Retrieve&db=PubMed&list_uids=7984267&dopt=Abstract#http://www.ncbi.nlm.nih.gov:80/entrez/query.fcgi?cmd=Retrieve&db=PubMed&list_uids=7984267&dopt=Abstract#,5-methoxytryptamine,5-MeO-T,7.07,False,8.1505805862031
15606,5-HT2B,HTR2B,150,5-Hydroxy Tryptamine,C1=CC2=C(C=C1O)C(=CN2)CCN,50-67-9,58241.0,3H-5HT,RAT,CLONED,,10.23,"BOESS FG, ET AL., 1994",http://www.ncbi.nlm.nih.gov:80/entrez/query.fcgi?cmd=Retrieve&db=PubMed&list_uids=7984267&dopt=Abstract#http://www.ncbi.nlm.nih.gov:80/entrez/query.fcgi?cmd=Retrieve&db=PubMed&list_uids=7984267&dopt=Abstract#,5-hydroxy tryptamine,serotonin,10.23,False,7.99012436628784
15610,5-HT2B,HTR2B,172,5-Methoxytryptamine,COC1=CC2=C(C=C1)NC=C2CCN,608-07-1,56422.0,3H-5HT,RAT,CLONED,,9.12,"BOESS FG, ET AL., 1994",http://www.ncbi.nlm.nih.gov:80/entrez/query.fcgi?cmd=Retrieve&db=PubMed&list_uids=7984267&dopt=Abstract#http://www.ncbi.nlm.nih.gov:80/entrez/query.fcgi?cmd=Retrieve&db=PubMed&list_uids=7984267&dopt=Abstract#,5-methoxytryptamine,5-MeO-T,9.12,False,8.040005161671584
15623,5-HT2B,HTR2B,1095,"LSD,2-Bromo",,,,3H-5HT,RAT,CLONED,,12.58,"BOESS FG, ET AL., 1994",http://www.ncbi.nlm.nih.gov:80/entrez/query.fcgi?cmd=Retrieve&db=PubMed&list_uids=7984267&dopt=Abstract#http://www.ncbi.nlm.nih.gov:80/entrez/query.fcgi?cmd=Retrieve&db=PubMed&list_uids=7984267&dopt=Abstract#,"lsd,2-bromo",2-Bromo-LSD,12.58,False,7.90031935889075
15634,5-HT2B,HTR2B,150,5-Hydroxy Tryptamine,C1=CC2=C(C=C1O)C(=CN2)CCN,50-67-9,58241.0,125I-DOI,MOUSE,CLONED,,1258.92,"BOESS FG, ET AL., 1994",http://www.ncbi.nlm.nih.gov:80/entrez/query.fcgi?cmd=Retrieve&db=PubMed&list_uids=7984267&dopt=Abstract#http://www.ncbi.nlm.nih.gov:80/entrez/query.fcgi?cmd=Retrieve&db=PubMed&list_uids=7984267&dopt=Abstract#,5-hydroxy tryptamine,serotonin,1258.92,False,5.900001866923468
15643,5-HT2C,HTR2C,150,5-Hydroxy Tryptamine,C1=CC2=C(C=C1O)C(=CN2)CCN,50-67-9,58241.0,125I-DOI,RAT,CLONED,,0.7,"BOESS FG, ET AL., 1994",http://www.ncbi.nlm.nih.gov:80/entrez/query.fcgi?cmd=Retrieve&db=PubMed&list_uids=7984267&dopt=Abstract#http://www.ncbi.nlm.nih.gov:80/entrez/query.fcgi?cmd=Retrieve&db=PubMed&list_uids=7984267&dopt=Abstract#,5-hydroxy tryptamine,serotonin,0.7,False,9.154901959985743
15647,5-HT2C,HTR2C,1170,"MDA,R(-)",CC(CC1=CC2=C(C=C1)OCO2)N,3046161,,125I-DOI,RAT,CLONED,,117.48,"BOESS FG, ET AL., 1994",http://www.ncbi.nlm.nih.gov:80/entrez/query.fcgi?cmd=Retrieve&db=PubMed&list_uids=7984267&dopt=Abstract#http://www.ncbi.nlm.nih.gov:80/entrez/query.fcgi?cmd=Retrieve&db=PubMed&list_uids=7984267&dopt=Abstract#,"mda,r(-)",MDA R(-),117.48,False,6.930036062149237
15652,5-HT2C,HTR2C,150,5-Hydroxy Tryptamine,C1=CC2=C(C=C1O)C(=CN2)CCN,50-67-9,58241.0,3H-MESULERGINE,RAT,CLONED,,22.9,"BOESS FG, ET AL., 1994",http://www.ncbi.nlm.nih.gov:80/entrez/query.fcgi?cmd=Retrieve&db=PubMed&list_uids=7984267&dopt=Abstract#http://www.ncbi.nlm.nih.gov:80/entrez/query.fcgi?cmd=Retrieve&db=PubMed&list_uids=7984267&dopt=Abstract#,5-hydroxy tryptamine,serotonin,22.9,False,7.6401645176601125
15656,5-HT2C,HTR2C,1170,"MDA,R(-)",CC(CC1=CC2=C(C=C1)OCO2)N,3046161,,3H-MESULERGINE,RAT,CLONED,,2754.22,"BOESS FG, ET AL., 1994",http://www.ncbi.nlm.nih.gov:80/entrez/query.fcgi?cmd=Retrieve&db=PubMed&list_uids=7984267&dopt=Abstract#http://www.ncbi.nlm.nih.gov:80/entrez/query.fcgi?cmd=Retrieve&db=PubMed&list_uids=7984267&dopt=Abstract#,"mda,r(-)",MDA R(-),2754.22,False,5.560001372368863
15679,5-HT3,HTR3A,150,5-Hydroxy Tryptamine,C1=CC2=C(C=C1O)C(=CN2)CCN,50-67-9,58241.0,3H-GR-65630,MOUSE,CLONED,,269.15,"BOESS FG, ET AL., 1994",http://www.ncbi.nlm.nih.gov:80/entrez/query.fcgi?cmd=Retrieve&db=PubMed&list_uids=7984267&dopt=Abstract#http://www.ncbi.nlm.nih.gov:80/entrez/query.fcgi?cmd=Retrieve&db=PubMed&list_uids=7984267&dopt=Abstract#,5-hydroxy tryptamine,serotonin,269.15,False,6.570005615848293
15685,5-HT4,HTR4,150,5-Hydroxy Tryptamine,C1=CC2=C(C=C1O)C(=CN2)CCN,50-67-9,58241.0,3H-GR-113808,GUINEA PIG,STRIATUM,,50.11,"BOESS FG, ET AL., 1994",http://www.ncbi.nlm.nih.gov:80/entrez/query.fcgi?cmd=Retrieve&db=PubMed&list_uids=7984267&dopt=Abstract#http://www.ncbi.nlm.nih.gov:80/entrez/query.fcgi?cmd=Retrieve&db=PubMed&list_uids=7984267&dopt=Abstract#,5-hydroxy tryptamine,serotonin,50.11,False,7.300075597257523
15692,5-HT4,HTR4,172,5-Methoxytryptamine,COC1=CC2=C(C=C1)NC=C2CCN,608-07-1,56422.0,3H-GR-113808,GUINEA PIG,STRIATUM,,316.22,"BOESS FG, ET AL., 1994",http://www.ncbi.nlm.nih.gov:80/entrez/query.fcgi?cmd=Retrieve&db=PubMed&list_uids=7984267&dopt=Abstract#http://www.ncbi.nlm.nih.gov:80/entrez/query.fcgi?cmd=Retrieve&db=PubMed&list_uids=7984267&dopt=Abstract#,5-methoxytryptamine,5-MeO-T,316.22,False,6.500010665665816
15700,5-HT4,HTR4,150,5-Hydroxy Tryptamine,C1=CC2=C(C=C1O)C(=CN2)CCN,50-67-9,58241.0,3H-GR-113808,GUINEA PIG,HIPPOCAMPUS,,79.43,"BOESS FG, ET AL., 1994",http://www.ncbi.nlm.nih.gov:80/entrez/query.fcgi?cmd=Retrieve&db=PubMed&list_uids=7984267&dopt=Abstract#http://www.ncbi.nlm.nih.gov:80/entrez/query.fcgi?cmd=Retrieve&db=PubMed&list_uids=7984267&dopt=Abstract#,5-hydroxy tryptamine,serotonin,79.43,False,7.100015437450609
15707,5-HT4,HTR4,172,5-Methoxytryptamine,COC1=CC2=C(C=C1)NC=C2CCN,608-07-1,56422.0,3H-GR-113808,GUINEA PIG,HIPPOCAMPUS,,630.95,"BOESS FG, ET AL., 1994",http://www.ncbi.nlm.nih.gov:80/entrez/query.fcgi?cmd=Retrieve&db=PubMed&list_uids=7984267&dopt=Abstract#http://www.ncbi.nlm.nih.gov:80/entrez/query.fcgi?cmd=Retrieve&db=PubMed&list_uids=7984267&dopt=Abstract#,5-methoxytryptamine,5-MeO-T,630.95,False,6.200005055311286
15772,5-HT6,HTR6,1095,"LSD,2-Bromo",,,,125I-LSD,RAT,CLONED,,16.98,"BOESS FG, ET AL., 1994",http://www.ncbi.nlm.nih.gov:80/entrez/query.fcgi?cmd=Retrieve&db=PubMed&list_uids=7984267&dopt=Abstract#http://www.ncbi.nlm.nih.gov:80/entrez/query.fcgi?cmd=Retrieve&db=PubMed&list_uids=7984267&dopt=Abstract#,"lsd,2-bromo",2-Bromo-LSD,16.98,False,7.770062314092066
15777,5-HT6,HTR6,172,5-Methoxytryptamine,COC1=CC2=C(C=C1)NC=C2CCN,608-07-1,56422.0,125I-LSD,RAT,CLONED,,38.9,"BOESS FG, ET AL., 1994",http://www.ncbi.nlm.nih.gov:80/entrez/query.fcgi?cmd=Retrieve&db=PubMed&list_uids=7984267&dopt=Abstract#http://www.ncbi.nlm.nih.gov:80/entrez/query.fcgi?cmd=Retrieve&db=PubMed&list_uids=7984267&dopt=Abstract#,5-methoxytryptamine,5-MeO-T,38.9,False,7.410050398674292
15784,5-HT6,HTR6,694,"DMT,5-Me",CN(C)CCC1=CNC2=C1C=C(C=C2)OC,1832,,125I-LSD,RAT,CLONED,,79.43,"BOESS FG, ET AL., 1994",http://www.ncbi.nlm.nih.gov:80/entrez/query.fcgi?cmd=Retrieve&db=PubMed&list_uids=7984267&dopt=Abstract#http://www.ncbi.nlm.nih.gov:80/entrez/query.fcgi?cmd=Retrieve&db=PubMed&list_uids=7984267&dopt=Abstract#,"dmt,5-me",5-Me-DMT,79.43,False,7.100015437450609
15789,5-HT6,HTR6,150,5-Hydroxy Tryptamine,C1=CC2=C(C=C1O)C(=CN2)CCN,50-67-9,58241.0,125I-LSD,RAT,CLONED,,151.35,"BOESS FG, ET AL., 1994",http://www.ncbi.nlm.nih.gov:80/entrez/query.fcgi?cmd=Retrieve&db=PubMed&list_uids=7984267&dopt=Abstract#http://www.ncbi.nlm.nih.gov:80/entrez/query.fcgi?cmd=Retrieve&db=PubMed&list_uids=7984267&dopt=Abstract#,5-hydroxy tryptamine,serotonin,151.35,False,6.820017574707409
15797,5-HT6,HTR6,172,5-Methoxytryptamine,COC1=CC2=C(C=C1)NC=C2CCN,608-07-1,56422.0,3H-5HT,RAT,CLONED,,18.19,"BOESS FG, ET AL., 1994",http://www.ncbi.nlm.nih.gov:80/entrez/query.fcgi?cmd=Retrieve&db=PubMed&list_uids=7984267&dopt=Abstract#http://www.ncbi.nlm.nih.gov:80/entrez/query.fcgi?cmd=Retrieve&db=PubMed&list_uids=7984267&dopt=Abstract#,5-methoxytryptamine,5-MeO-T,18.19,False,7.740167300936516
15802,5-HT6,HTR6,150,5-Hydroxy Tryptamine,C1=CC2=C(C=C1O)C(=CN2)CCN,50-67-9,58241.0,3H-5HT,RAT,CLONED,,56.23,"BOESS FG, ET AL., 1994",http://www.ncbi.nlm.nih.gov:80/entrez/query.fcgi?cmd=Retrieve&db=PubMed&list_uids=7984267&dopt=Abstract#http://www.ncbi.nlm.nih.gov:80/entrez/query.fcgi?cmd=Retrieve&db=PubMed&list_uids=7984267&dopt=Abstract#,5-hydroxy tryptamine,serotonin,56.23,False,7.250031916490597
15807,5-HT7,HTR7,172,5-Methoxytryptamine,COC1=CC2=C(C=C1)NC=C2CCN,608-07-1,56422.0,125I-LSD,RAT,CLONED,,1.77,"BOESS FG, ET AL., 1994",http://www.ncbi.nlm.nih.gov:80/entrez/query.fcgi?cmd=Retrieve&db=PubMed&list_uids=7984267&dopt=Abstract#http://www.ncbi.nlm.nih.gov:80/entrez/query.fcgi?cmd=Retrieve&db=PubMed&list_uids=7984267&dopt=Abstract#,5-methoxytryptamine,5-MeO-T,1.77,False,8.752026733638193
15808,5-HT7,HTR7,150,5-Hydroxy Tryptamine,C1=CC2=C(C=C1O)C(=CN2)CCN,50-67-9,58241.0,125I-LSD,RAT,CLONED,,1.81,"BOESS FG, ET AL., 1994",http://www.ncbi.nlm.nih.gov:80/entrez/query.fcgi?cmd=Retrieve&db=PubMed&list_uids=7984267&dopt=Abstract#http://www.ncbi.nlm.nih.gov:80/entrez/query.fcgi?cmd=Retrieve&db=PubMed&list_uids=7984267&dopt=Abstract#,5-hydroxy tryptamine,serotonin,1.81,False,8.742321425130816
15815,5-HT7,HTR7,694,"DMT,5-Me",CN(C)CCC1=CNC2=C1C=C(C=C2)OC,1832,,125I-LSD,RAT,CLONED,,20.89,"BOESS FG, ET AL., 1994",http://www.ncbi.nlm.nih.gov:80/entrez/query.fcgi?cmd=Retrieve&db=PubMed&list_uids=7984267&dopt=Abstract#http://www.ncbi.nlm.nih.gov:80/entrez/query.fcgi?cmd=Retrieve&db=PubMed&list_uids=7984267&dopt=Abstract#,"dmt,5-me",5-Me-DMT,20.89,False,7.680061560019691
15826,5-HT7,HTR7,172,5-Methoxytryptamine,COC1=CC2=C(C=C1)NC=C2CCN,608-07-1,56422.0,3H-5HT,RAT,CLONED,,0.57,"BOESS FG, ET AL., 1994",http://www.ncbi.nlm.nih.gov:80/entrez/query.fcgi?cmd=Retrieve&db=PubMed&list_uids=7984267&dopt=Abstract#http://www.ncbi.nlm.nih.gov:80/entrez/query.fcgi?cmd=Retrieve&db=PubMed&list_uids=7984267&dopt=Abstract#,5-methoxytryptamine,5-MeO-T,0.57,False,9.244125144327509
15827,5-HT7,HTR7,150,5-Hydroxy Tryptamine,C1=CC2=C(C=C1O)C(=CN2)CCN,50-67-9,58241.0,3H-5HT,RAT,CLONED,,1.51,"BOESS FG, ET AL., 1994",http://www.ncbi.nlm.nih.gov:80/entrez/query.fcgi?cmd=Retrieve&db=PubMed&list_uids=7984267&dopt=Abstract#http://www.ncbi.nlm.nih.gov:80/entrez/query.fcgi?cmd=Retrieve&db=PubMed&list_uids=7984267&dopt=Abstract#,5-hydroxy tryptamine,serotonin,1.51,False,8.821023052706831
15834,5-HT7,HTR7,694,"DMT,5-Me",CN(C)CCC1=CNC2=C1C=C(C=C2)OC,1832,,3H-5HT,RAT,CLONED,,8.31,"BOESS FG, ET AL., 1994",http://www.ncbi.nlm.nih.gov:80/entrez/query.fcgi?cmd=Retrieve&db=PubMed&list_uids=7984267&dopt=Abstract#http://www.ncbi.nlm.nih.gov:80/entrez/query.fcgi?cmd=Retrieve&db=PubMed&list_uids=7984267&dopt=Abstract#,"dmt,5-me",5-Me-DMT,8.31,False,8.08039897621589
15843,5-HT7,HTR7,150,5-Hydroxy Tryptamine,C1=CC2=C(C=C1O)C(=CN2)CCN,50-67-9,58241.0,3H-5HT,RAT,CLONED,,25.11,"BOESS FG, ET AL., 1994",http://www.ncbi.nlm.nih.gov:80/entrez/query.fcgi?cmd=Retrieve&db=PubMed&list_uids=7984267&dopt=Abstract#http://www.ncbi.nlm.nih.gov:80/entrez/query.fcgi?cmd=Retrieve&db=PubMed&list_uids=7984267&dopt=Abstract#,5-hydroxy tryptamine,serotonin,25.11,False,7.600153287287077
15850,5-HT7,HTR7,172,5-Methoxytryptamine,COC1=CC2=C(C=C1)NC=C2CCN,608-07-1,56422.0,3H-5HT,MOUSE,CLONED,,6.3,"BOESS FG, ET AL., 1994",http://www.ncbi.nlm.nih.gov:80/entrez/query.fcgi?cmd=Retrieve&db=PubMed&list_uids=7984267&dopt=Abstract#http://www.ncbi.nlm.nih.gov:80/entrez/query.fcgi?cmd=Retrieve&db=PubMed&list_uids=7984267&dopt=Abstract#,5-methoxytryptamine,5-MeO-T,6.3,False,8.200659450546418
15851,5-HT7,HTR7,150,5-Hydroxy Tryptamine,C1=CC2=C(C=C1O)C(=CN2)CCN,50-67-9,58241.0,3H-5HT,MOUSE,CLONED,,5.01,"BOESS FG, ET AL., 1994",http://www.ncbi.nlm.nih.gov:80/entrez/query.fcgi?cmd=Retrieve&db=PubMed&list_uids=7984267&dopt=Abstract#http://www.ncbi.nlm.nih.gov:80/entrez/query.fcgi?cmd=Retrieve&db=PubMed&list_uids=7984267&dopt=Abstract#,5-hydroxy tryptamine,serotonin,5.01,False,8.300162274132754
15854,5-HT7,HTR7,1095,"LSD,2-Bromo",,,,3H-5HT,MOUSE,CLONED,,10.0,"BOESS FG, ET AL., 1994",http://www.ncbi.nlm.nih.gov:80/entrez/query.fcgi?cmd=Retrieve&db=PubMed&list_uids=7984267&dopt=Abstract#http://www.ncbi.nlm.nih.gov:80/entrez/query.fcgi?cmd=Retrieve&db=PubMed&list_uids=7984267&dopt=Abstract#,"lsd,2-bromo",2-Bromo-LSD,10.0,False,8.0
15866,5-HT7,HTR7,172,5-Methoxytryptamine,COC1=CC2=C(C=C1)NC=C2CCN,608-07-1,56422.0,3H-5HT,HUMAN,CLONED,,5.01,"BOESS FG, ET AL., 1994",http://www.ncbi.nlm.nih.gov:80/entrez/query.fcgi?cmd=Retrieve&db=PubMed&list_uids=7984267&dopt=Abstract#http://www.ncbi.nlm.nih.gov:80/entrez/query.fcgi?cmd=Retrieve&db=PubMed&list_uids=7984267&dopt=Abstract#,5-methoxytryptamine,5-MeO-T,5.01,False,8.300162274132754
15867,5-HT7,HTR7,150,5-Hydroxy Tryptamine,C1=CC2=C(C=C1O)C(=CN2)CCN,50-67-9,58241.0,3H-5HT,HUMAN,CLONED,,8.12,"BOESS FG, ET AL., 1994",http://www.ncbi.nlm.nih.gov:80/entrez/query.fcgi?cmd=Retrieve&db=PubMed&list_uids=7984267&dopt=Abstract#http://www.ncbi.nlm.nih.gov:80/entrez/query.fcgi?cmd=Retrieve&db=PubMed&list_uids=7984267&dopt=Abstract#,5-hydroxy tryptamine,serotonin,8.12,False,8.090443970758825
15870,5-HT7,HTR7,1095,"LSD,2-Bromo",,,,3H-5HT,HUMAN,CLONED,,30.19,"BOESS FG, ET AL., 1994",http://www.ncbi.nlm.nih.gov:80/entrez/query.fcgi?cmd=Retrieve&db=PubMed&list_uids=7984267&dopt=Abstract#http://www.ncbi.nlm.nih.gov:80/entrez/query.fcgi?cmd=Retrieve&db=PubMed&list_uids=7984267&dopt=Abstract#,"lsd,2-bromo",2-Bromo-LSD,30.19,False,7.5201368869769025
15880,5-HT7,HTR7,172,5-Methoxytryptamine,COC1=CC2=C(C=C1)NC=C2CCN,608-07-1,56422.0,UNDEFINED,RAT,CLONED,,0.93,"BOESS FG, ET AL., 1994",http://www.ncbi.nlm.nih.gov:80/entrez/query.fcgi?cmd=Retrieve&db=PubMed&list_uids=7984267&dopt=Abstract#http://www.ncbi.nlm.nih.gov:80/entrez/query.fcgi?cmd=Retrieve&db=PubMed&list_uids=7984267&dopt=Abstract#,5-methoxytryptamine,5-MeO-T,0.93,False,9.031517051446064
15881,5-HT7,HTR7,150,5-Hydroxy Tryptamine,C1=CC2=C(C=C1O)C(=CN2)CCN,50-67-9,58241.0,UNDEFINED,RAT,CLONED,,0.6,"BOESS FG, ET AL., 1994",http://www.ncbi.nlm.nih.gov:80/entrez/query.fcgi?cmd=Retrieve&db=PubMed&list_uids=7984267&dopt=Abstract#http://www.ncbi.nlm.nih.gov:80/entrez/query.fcgi?cmd=Retrieve&db=PubMed&list_uids=7984267&dopt=Abstract#,5-hydroxy tryptamine,serotonin,0.6,False,9.221848749616356
15894,5-HT7,HTR7,150,5-Hydroxy Tryptamine,C1=CC2=C(C=C1O)C(=CN2)CCN,50-67-9,58241.0,125I-LSD,RAT,CLONED,,4.89,"BOESS FG, ET AL., 1994",http://www.ncbi.nlm.nih.gov:80/entrez/query.fcgi?cmd=Retrieve&db=PubMed&list_uids=7984267&dopt=Abstract#http://www.ncbi.nlm.nih.gov:80/entrez/query.fcgi?cmd=Retrieve&db=PubMed&list_uids=7984267&dopt=Abstract#,5-hydroxy tryptamine,serotonin,4.89,False,8.31069114087638
15903,5-HT1B,HTR1B,150,5-Hydroxy Tryptamine,C1=CC2=C(C=C1O)C(=CN2)CCN,50-67-9,58241.0,3H-5HT,RAT,CLONED,,3.01,"BOESS FG, ET AL., 1994",http://www.ncbi.nlm.nih.gov:80/entrez/query.fcgi?cmd=Retrieve&db=PubMed&list_uids=7984267&dopt=Abstract#http://www.ncbi.nlm.nih.gov:80/entrez/query.fcgi?cmd=Retrieve&db=PubMed&list_uids=7984267&dopt=Abstract#,5-hydroxy tryptamine,serotonin,3.01,False,8.521433504406156
15907,5-HT1B,HTR1B,150,5-Hydroxy Tryptamine,C1=CC2=C(C=C1O)C(=CN2)CCN,50-67-9,58241.0,3H-5HT,RAT,CLONED,,0.57,"BOESS FG, ET AL., 1994",http://www.ncbi.nlm.nih.gov:80/entrez/query.fcgi?cmd=Retrieve&db=PubMed&list_uids=7984267&dopt=Abstract#http://www.ncbi.nlm.nih.gov:80/entrez/query.fcgi?cmd=Retrieve&db=PubMed&list_uids=7984267&dopt=Abstract#,5-hydroxy tryptamine,serotonin,0.57,False,9.244125144327509
15915,5-HT1F,HTR1F,150,5-Hydroxy Tryptamine,C1=CC2=C(C=C1O)C(=CN2)CCN,50-67-9,58241.0,3H-KETANSERIN,HUMAN,CLONED,>,10000.0,"BOESS FG, ET AL., 1994",http://www.ncbi.nlm.nih.gov:80/entrez/query.fcgi?cmd=Retrieve&db=PubMed&list_uids=7984267&dopt=Abstract#http://www.ncbi.nlm.nih.gov:80/entrez/query.fcgi?cmd=Retrieve&db=PubMed&list_uids=7984267&dopt=Abstract#,5-hydroxy tryptamine,serotonin,10000.0,True,5.0
15947,5-HT7,HTR7,150,5-Hydroxy Tryptamine,C1=CC2=C(C=C1O)C(=CN2)CCN,50-67-9,58241.0,125I-LSD,RAT,CLONED,,5.0,"Lovenberg TW, et al., 1993a",http://www.ncbi.nlm.nih.gov:80/entrez/query.fcgi?cmd=Retrieve&db=PubMed&list_uids=8398139&dopt=Abstract#http://www.ncbi.nlm.nih.gov:80/entrez/query.fcgi?cmd=Retrieve&db=PubMed&list_uids=8398139&dopt=Abstract#,5-hydroxy tryptamine,serotonin,5.0,False,8.301029995663981
15963,5-HT1A,HTR1A,150,5-Hydroxy Tryptamine,C1=CC2=C(C=C1O)C(=CN2)CCN,50-67-9,58241.0,125I-LSD,RAT,CLONED,,134.0,"Lovenberg TW, et al., 1993a",http://www.ncbi.nlm.nih.gov:80/entrez/query.fcgi?cmd=Retrieve&db=PubMed&list_uids=8398139&dopt=Abstract#http://www.ncbi.nlm.nih.gov:80/entrez/query.fcgi?cmd=Retrieve&db=PubMed&list_uids=8398139&dopt=Abstract#,5-hydroxy tryptamine,serotonin,134.0,False,6.872895201635192
15980,5-HT1A,HTR1A,150,5-Hydroxy Tryptamine,C1=CC2=C(C=C1O)C(=CN2)CCN,50-67-9,58241.0,3H-8-OH-DPAT,HUMAN,CLONED,,3.98,"Sundaram H, et al., 1993",#http://www.ncbi.nlm.nih.gov:80/entrez/query.fcgi?cmd=Retrieve&db=PubMed&list_uids=8461029&dopt=Abstract#,5-hydroxy tryptamine,serotonin,3.98,False,8.400116927926312
15991,5-HT1A,HTR1A,150,5-Hydroxy Tryptamine,C1=CC2=C(C=C1O)C(=CN2)CCN,50-67-9,58241.0,3H-SPIPERONE,HUMAN,CLONED,,102.3,"Sundaram H, et al., 1993",#http://www.ncbi.nlm.nih.gov:80/entrez/query.fcgi?cmd=Retrieve&db=PubMed&list_uids=8461029&dopt=Abstract#,5-hydroxy tryptamine,serotonin,102.3,False,6.99012436628784
17176,5-HT2C,HTR2C,150,5-Hydroxy Tryptamine,C1=CC2=C(C=C1O)C(=CN2)CCN,50-67-9,58241.0,3H-5HT,HUMAN,BRAIN,,2.9,"Richelson E, Souder T. 2000",http://www.ncbi.nlm.nih.gov:80/entrez/query.fcgi?cmd=Retrieve&db=PubMed&list_uids=11132243&dopt=Abstract,5-hydroxy tryptamine,serotonin,2.9,False,8.537602002101044
20709,5-HT1A,HTR1A,437,"DMT,5-OH",CN(C)CCC1=CNC2=C1C=C(C=C2)O,487-93-4,89593.0,3H-PAT,RAT,STRIATUM,,1023.2929922808,"Gozlan H et al., 1983",http://www.ncbi.nlm.nih.gov/entrez/query.fcgi?cmd=Retrieve&db=PubMed&list_uids=6225026&dopt=Abstract,"dmt,5-oh",bufotenine,1023.2929922808,False,5.989999999999981
20710,5-HT1A,HTR1A,2793,"5-M-N,N-DMT",,,,3H-PAT,RAT,STRIATUM,,288.40315031266,"Gozlan H et al., 1983",http://www.ncbi.nlm.nih.gov/entrez/query.fcgi?cmd=Retrieve&db=PubMed&list_uids=6225026&dopt=Abstract,"5-m-n,n-dmt",5-MeO-DMT,288.40315031266,False,6.540000000000001
20712,5-HT1A,HTR1A,150,5-Hydroxy Tryptamine,C1=CC2=C(C=C1O)C(=CN2)CCN,50-67-9,58241.0,3H-PAT,RAT,STRIATUM,,46.77351412872,"Gozlan H et al., 1983",http://www.ncbi.nlm.nih.gov/entrez/query.fcgi?cmd=Retrieve&db=PubMed&list_uids=6225026&dopt=Abstract,5-hydroxy tryptamine,serotonin,46.77351412872,False,7.329999999999998
20746,5-HT1A,HTR1A,2793,"5-M-N,N-DMT",,,,3H-PAT,RAT,HIPPOCAMPUS,,39.81071705535,"Gozlan H et al., 1983",http://www.ncbi.nlm.nih.gov/entrez/query.fcgi?cmd=Retrieve&db=PubMed&list_uids=6225026&dopt=Abstract,"5-m-n,n-dmt",5-MeO-DMT,39.81071705535,False,7.399999999999997
20747,5-HT1A,HTR1A,437,"DMT,5-OH",CN(C)CCC1=CNC2=C1C=C(C=C2)O,487-93-4,89593.0,3H-PAT,RAT,HIPPOCAMPUS,,21.379620895022,"Gozlan H et al., 1983",http://www.ncbi.nlm.nih.gov/entrez/query.fcgi?cmd=Retrieve&db=PubMed&list_uids=6225026&dopt=Abstract,"dmt,5-oh",bufotenine,21.379620895022,False,7.670000000000007
20749,5-HT1A,HTR1A,150,5-Hydroxy Tryptamine,C1=CC2=C(C=C1O)C(=CN2)CCN,50-67-9,58241.0,3H-PAT,RAT,HIPPOCAMPUS,,6.7608297539198,"Gozlan H et al., 1983",http://www.ncbi.nlm.nih.gov/entrez/query.fcgi?cmd=Retrieve&db=PubMed&list_uids=6225026&dopt=Abstract,5-hydroxy tryptamine,serotonin,6.7608297539198,False,8.170000000000002
24271,5-HT2B,HTR2B,3076,"MDA, (R,S)",,,,3H-LSD,HUMAN,CLONED,,100.0,"Setola V, et al., 2003",http://molpharm.aspetjournals.org/cgi/content/full/63/6/1223,"mda, (r,s)","MDA (R,S)",100.0,False,7.0
24577,5-HT1A,HTR1A,150,5-Hydroxy Tryptamine,C1=CC2=C(C=C1O)C(=CN2)CCN,50-67-9,58241.0,3H-8-OH-DPAT,RAT,HIPPOCAMPUS,,1.8,"Borsini F, et al., 1995",http://www.ncbi.nlm.nih.gov/entrez/query.fcgi?cmd=Retrieve&db=PubMed&list_uids=8584042&dopt=Abstract,5-hydroxy tryptamine,serotonin,1.8,False,8.744727494896694
24578,5-HT1A,HTR1A,150,5-Hydroxy Tryptamine,C1=CC2=C(C=C1O)C(=CN2)CCN,50-67-9,58241.0,3H-8-OH-DPAT,RAT,FR. CORTEX,,4.2,"Borsini F, et al., 1995",http://www.ncbi.nlm.nih.gov/entrez/query.fcgi?cmd=Retrieve&db=PubMed&list_uids=8584042&dopt=Abstract,5-hydroxy tryptamine,serotonin,4.2,False,8.3767507096021
24579,5-HT1B,HTR1B,150,5-Hydroxy Tryptamine,C1=CC2=C(C=C1O)C(=CN2)CCN,50-67-9,58241.0,3H-5HT,RAT,STRIATUM,,3.0,"Borsini F, et al., 1995",http://www.ncbi.nlm.nih.gov/entrez/query.fcgi?cmd=Retrieve&db=PubMed&list_uids=8584042&dopt=Abstract,5-hydroxy tryptamine,serotonin,3.0,False,8.522878745280337
24580,5-HT1D,HTR1D,150,5-Hydroxy Tryptamine,C1=CC2=C(C=C1O)C(=CN2)CCN,50-67-9,58241.0,3H-5HT,RAT,CEREBRAL CORTEX,,18.0,"Borsini F, et al., 1995",http://www.ncbi.nlm.nih.gov/entrez/query.fcgi?cmd=Retrieve&db=PubMed&list_uids=8584042&dopt=Abstract,5-hydroxy tryptamine,serotonin,18.0,False,7.7447274948966935
26927,5-HT6,HTR6,150,5-Hydroxy Tryptamine,C1=CC2=C(C=C1O)C(=CN2)CCN,50-67-9,58241.0,3H-LSD,HUMAN,CLONED,,131.82567385564,"Hirst WD, et.al.,2003",http://www.ncbi.nlm.nih.gov/entrez/query.fcgi?cmd=Retrieve&db=PubMed&list_uids=14645659&dopt=Abstract,5-hydroxy tryptamine,serotonin,131.82567385564,False,6.880000000000003
26928,5-HT6,HTR6,150,5-Hydroxy Tryptamine,C1=CC2=C(C=C1O)C(=CN2)CCN,50-67-9,58241.0,3H-LSD,RAT,CLONED,,79.432823472428,"Hirst WD, et.al.,2003",http://www.ncbi.nlm.nih.gov/entrez/query.fcgi?cmd=Retrieve&db=PubMed&list_uids=14645659&dopt=Abstract,5-hydroxy tryptamine,serotonin,79.432823472428,False,7.1000000000000005
26929,5-HT6,HTR6,150,5-Hydroxy Tryptamine,C1=CC2=C(C=C1O)C(=CN2)CCN,50-67-9,58241.0,3H-LSD,MOUSE,CLONED,,95.499258602144,"Hirst WD, et.al.,2003",http://www.ncbi.nlm.nih.gov/entrez/query.fcgi?cmd=Retrieve&db=PubMed&list_uids=14645659&dopt=Abstract,5-hydroxy tryptamine,serotonin,95.499258602144,False,7.019999999999998
26930,5-HT6,HTR6,172,5-Methoxytryptamine,COC1=CC2=C(C=C1)NC=C2CCN,608-07-1,56422.0,3H-LSD,MOUSE,CLONED,,23.442288153199,"Hirst WD, et.al.,2003",http://www.ncbi.nlm.nih.gov/entrez/query.fcgi?cmd=Retrieve&db=PubMed&list_uids=14645659&dopt=Abstract,5-methoxytryptamine,5-MeO-T,23.442288153199,False,7.630000000000004
26931,5-HT6,HTR6,172,5-Methoxytryptamine,COC1=CC2=C(C=C1)NC=C2CCN,608-07-1,56422.0,3H-LSD,RAT,CLONED,,22.387211385683,"Hirst WD, et.al.,2003",http://www.ncbi.nlm.nih.gov/entrez/query.fcgi?cmd=Retrieve&db=PubMed&list_uids=14645659&dopt=Abstract,5-methoxytryptamine,5-MeO-T,22.387211385683,False,7.6500000000000075
26932,5-HT6,HTR6,172,5-Methoxytryptamine,COC1=CC2=C(C=C1)NC=C2CCN,608-07-1,56422.0,3H-LSD,HUMAN,CLONED,,69.183097091894,"Hirst WD, et.al.,2003",http://www.ncbi.nlm.nih.gov/entrez/query.fcgi?cmd=Retrieve&db=PubMed&list_uids=14645659&dopt=Abstract,5-methoxytryptamine,5-MeO-T,69.183097091894,False,7.1599999999999975
27135,5-HT1A,HTR1A,150,5-Hydroxy Tryptamine,C1=CC2=C(C=C1O)C(=CN2)CCN,50-67-9,58241.0,3H-8-OH-DPAT,HUMAN,CLONED,,1.2,"May JA, et al., 2003",http://www.ncbi.nlm.nih.gov/entrez/query.fcgi?cmd=Retrieve&db=PubMed&list_uids=12954071&dopt=Abstract,5-hydroxy tryptamine,serotonin,1.2,False,8.920818753952375
27143,5-HT2A,HTR2A,150,5-Hydroxy Tryptamine,C1=CC2=C(C=C1O)C(=CN2)CCN,50-67-9,58241.0,125I-DOI,RAT,BRAIN,,0.3,"May JA, et al., 2003",http://www.ncbi.nlm.nih.gov/entrez/query.fcgi?cmd=Retrieve&db=PubMed&list_uids=12954071&dopt=Abstract,5-hydroxy tryptamine,serotonin,0.3,False,9.522878745280337
27153,5-HT2A,HTR2A,150,5-Hydroxy Tryptamine,C1=CC2=C(C=C1O)C(=CN2)CCN,50-67-9,58241.0,125I-DOI,HUMAN,CLONED,,8.2,"May JA, et al., 2003",http://www.ncbi.nlm.nih.gov/entrez/query.fcgi?cmd=Retrieve&db=PubMed&list_uids=12954071&dopt=Abstract,5-hydroxy tryptamine,serotonin,8.2,False,8.086186147616283
27509,5-HT1B,HTR1B,150,5-Hydroxy Tryptamine,C1=CC2=C(C=C1O)C(=CN2)CCN,50-67-9,58241.0,3H-GR-125743,RAT,FR. CORTEX,,0.85113803820238,"Millan MJ, et al., 2002a",http://www.ncbi.nlm.nih.gov/entrez/query.fcgi?cmd=Retrieve&db=PubMed&list_uids=11888550&dopt=Abstract,5-hydroxy tryptamine,serotonin,0.85113803820238,False,9.069999999999999
27510,5-HT1B,HTR1B,150,5-Hydroxy Tryptamine,C1=CC2=C(C=C1O)C(=CN2)CCN,50-67-9,58241.0,3H-GR-125743,GUINEA PIG,STRIATUM,,2.2908676527678,"Millan MJ, et al., 2002a",http://www.ncbi.nlm.nih.gov/entrez/query.fcgi?cmd=Retrieve&db=PubMed&list_uids=11888550&dopt=Abstract,5-hydroxy tryptamine,serotonin,2.2908676527678,False,8.639999999999995
27757,5-HT2B,HTR2B,150,5-Hydroxy Tryptamine,C1=CC2=C(C=C1O)C(=CN2)CCN,50-67-9,58241.0,Functional,HUMAN,CLONED,,1.0,"Setola V, et al., 2003",http://molpharm.aspetjournals.org/cgi/content/full/63/6/1223,5-hydroxy tryptamine,serotonin,1.0,False,9.0
27765,5-HT2B,HTR2B,3076,"MDA, (R,S)",,,,Functional,HUMAN,CLONED,,190.0,"Setola V, et al., 2003",http://molpharm.aspetjournals.org/cgi/content/full/63/6/1223,"mda, (r,s)","MDA (R,S)",190.0,False,6.721246399047171
27766,5-HT2B,HTR2B,1170,"MDA,R(-)",CC(CC1=CC2=C(C=C1)OCO2)N,3046161,,Functional,HUMAN,CLONED,,150.0,"Setola V, et al., 2003",http://molpharm.aspetjournals.org/cgi/content/full/63/6/1223,"mda,r(-)",MDA R(-),150.0,False,6.823908740944319
27908,5-HT2A,HTR2A,437,"DMT,5-OH",CN(C)CCC1=CNC2=C1C=C(C=C2)O,487-93-4,89593.0,3H-KETANSERIN,HUMAN,CLONED,,145.0,"Egan C, et.al., 2000",http://www.ncbi.nlm.nih.gov/entrez/query.fcgi?cmd=Retrieve&db=PubMed&list_uids=10611640&dopt=Abstract,"dmt,5-oh",bufotenine,145.0,False,6.838631997765026
27909,5-HT2A,HTR2A,437,"DMT,5-OH",CN(C)CCC1=CNC2=C1C=C(C=C2)O,487-93-4,89593.0,3H-DOB,HUMAN,CLONED,,15.0,"Egan C, et.al., 2000",http://www.ncbi.nlm.nih.gov/entrez/query.fcgi?cmd=Retrieve&db=PubMed&list_uids=10611640&dopt=Abstract,"dmt,5-oh",bufotenine,15.0,False,7.823908740944319
27912,5-HT2A,HTR2A,694,"DMT,5-Me",CN(C)CCC1=CNC2=C1C=C(C=C2)OC,1832,,3H-KETANSERIN,HUMAN,CLONED,,1325.0,"Egan C, et.al., 2000",http://www.ncbi.nlm.nih.gov/entrez/query.fcgi?cmd=Retrieve&db=PubMed&list_uids=10611640&dopt=Abstract,"dmt,5-me",5-Me-DMT,1325.0,False,5.877784121727173
27913,5-HT2A,HTR2A,694,"DMT,5-Me",CN(C)CCC1=CNC2=C1C=C(C=C2)OC,1832,,3H-DOB,HUMAN,CLONED,,90.0,"Egan C, et.al., 2000",http://www.ncbi.nlm.nih.gov/entrez/query.fcgi?cmd=Retrieve&db=PubMed&list_uids=10611640&dopt=Abstract,"dmt,5-me",5-Me-DMT,90.0,False,7.045757490560675
27916,5-HT2A,HTR2A,172,5-Methoxytryptamine,COC1=CC2=C(C=C1)NC=C2CCN,608-07-1,56422.0,3H-KETANSERIN,HUMAN,CLONED,,724.0,"Egan C, et.al., 2000",http://www.ncbi.nlm.nih.gov/entrez/query.fcgi?cmd=Retrieve&db=PubMed&list_uids=10611640&dopt=Abstract,5-methoxytryptamine,5-MeO-T,724.0,False,6.140261433802853
27917,5-HT2A,HTR2A,172,5-Methoxytryptamine,COC1=CC2=C(C=C1)NC=C2CCN,608-07-1,56422.0,3H-DOB,HUMAN,CLONED,,38.0,"Egan C, et.al., 2000",http://www.ncbi.nlm.nih.gov/entrez/query.fcgi?cmd=Retrieve&db=PubMed&list_uids=10611640&dopt=Abstract,5-methoxytryptamine,5-MeO-T,38.0,False,7.42021640338319
27920,5-HT2A,HTR2A,150,5-Hydroxy Tryptamine,C1=CC2=C(C=C1O)C(=CN2)CCN,50-67-9,58241.0,3H-KETANSERIN,HUMAN,CLONED,,341.0,"Egan C, et.al., 2000",http://www.ncbi.nlm.nih.gov/entrez/query.fcgi?cmd=Retrieve&db=PubMed&list_uids=10611640&dopt=Abstract,5-hydroxy tryptamine,serotonin,341.0,False,6.467245621007502
27921,5-HT2A,HTR2A,150,5-Hydroxy Tryptamine,C1=CC2=C(C=C1O)C(=CN2)CCN,50-67-9,58241.0,3H-DOB,HUMAN,CLONED,,14.0,"Egan C, et.al., 2000",http://www.ncbi.nlm.nih.gov/entrez/query.fcgi?cmd=Retrieve&db=PubMed&list_uids=10611640&dopt=Abstract,5-hydroxy tryptamine,serotonin,14.0,False,7.853871964321762
27944,5-HT2C,HTR2C,172,5-Methoxytryptamine,COC1=CC2=C(C=C1)NC=C2CCN,608-07-1,56422.0,3H-MESULERGINE,RAT,CLONED,,215.0,"Egan C, et.al., 2000",http://www.ncbi.nlm.nih.gov/entrez/query.fcgi?cmd=Retrieve&db=PubMed&list_uids=10611640&dopt=Abstract,5-methoxytryptamine,5-MeO-T,215.0,False,6.667561540084394
27945,5-HT2C,HTR2C,172,5-Methoxytryptamine,COC1=CC2=C(C=C1)NC=C2CCN,608-07-1,56422.0,3H-5HT,RAT,CLONED,,14.0,"Egan C, et.al., 2000",http://www.ncbi.nlm.nih.gov/entrez/query.fcgi?cmd=Retrieve&db=PubMed&list_uids=10611640&dopt=Abstract,5-methoxytryptamine,5-MeO-T,14.0,False,7.853871964321762
27946,5-HT2C,HTR2C,150,5-Hydroxy Tryptamine,C1=CC2=C(C=C1O)C(=CN2)CCN,50-67-9,58241.0,3H-MESULERGINE,RAT,CLONED,,159.0,"Egan C, et.al., 2000",http://www.ncbi.nlm.nih.gov/entrez/query.fcgi?cmd=Retrieve&db=PubMed&list_uids=10611640&dopt=Abstract,5-hydroxy tryptamine,serotonin,159.0,False,6.798602875679549
27947,5-HT2C,HTR2C,150,5-Hydroxy Tryptamine,C1=CC2=C(C=C1O)C(=CN2)CCN,50-67-9,58241.0,3H-5HT,RAT,CLONED,,11.0,"Egan C, et.al., 2000",http://www.ncbi.nlm.nih.gov/entrez/query.fcgi?cmd=Retrieve&db=PubMed&list_uids=10611640&dopt=Abstract,5-hydroxy tryptamine,serotonin,11.0,False,7.958607314841775
27952,5-HT6,HTR6,3326,"DMT,2-Me",,,,3H-Lysergic,HUMAN,CLONED,,300.0,"Glennon RA, et.al., 2000",http://www.ncbi.nlm.nih.gov/entrez/query.fcgi?cmd=Retrieve&db=PubMed&list_uids=10715164&dopt=Abstract,"dmt,2-me",2-Me-DMT,300.0,False,6.522878745280337
27957,5-HT6,HTR6,694,"DMT,5-Me",CN(C)CCC1=CNC2=C1C=C(C=C2)OC,1832,,3H-Lysergic,HUMAN,CLONED,,78.0,"Glennon RA, et.al., 2000",http://www.ncbi.nlm.nih.gov/entrez/query.fcgi?cmd=Retrieve&db=PubMed&list_uids=10715164&dopt=Abstract,"dmt,5-me",5-Me-DMT,78.0,False,7.107905397309519
30632,5-HT3,HTR3A,150,5-Hydroxy Tryptamine,C1=CC2=C(C=C1O)C(=CN2)CCN,50-67-9,58241.0,3H-GRANISETRON,MOUSE,CLONED,,27.0,"Green, T et. al., 1995",http://www.ncbi.nlm.nih.gov/entrez/query.fcgi?cmd=Retrieve&db=pubmed&dopt=Abstract&list_uids=7890738,5-hydroxy tryptamine,serotonin,27.0,False,7.568636235841012
31055,5-HT4,HTR4,172,5-Methoxytryptamine,COC1=CC2=C(C=C1)NC=C2CCN,608-07-1,56422.0,3H-5HT,RAT,esophagus,,316.0,"BARD JA, ET AL., 1993",http://www.ncbi.nlm.nih.gov/entrez/query.fcgi?cmd=Retrieve&db=PubMed&list_uids=8226867&dopt=Abstract,5-methoxytryptamine,5-MeO-T,316.0,False,6.500312917381596
31056,5-HT4,HTR4,150,5-Hydroxy Tryptamine,C1=CC2=C(C=C1O)C(=CN2)CCN,50-67-9,58241.0,3H-5HT,RAT,esophagus,,200.0,"BARD JA, ET AL., 1993",http://www.ncbi.nlm.nih.gov/entrez/query.fcgi?cmd=Retrieve&db=PubMed&list_uids=8226867&dopt=Abstract,5-hydroxy tryptamine,serotonin,200.0,False,6.698970004336019
31356,5-HT7,HTR7,150,5-Hydroxy Tryptamine,C1=CC2=C(C=C1O)C(=CN2)CCN,50-67-9,58241.0,3H-MESULERGINE,RAT,BRAIN,,0.12589254117942,"Hemedah M, et al., 1999",http://www.ncbi.nlm.nih.gov/entrez/query.fcgi?cmd=Retrieve&db=pubmed&dopt=Abstract&list_uids=10051134,5-hydroxy tryptamine,serotonin,0.12589254117942,False,9.899999999999988
31357,5-HT7,HTR7,172,5-Methoxytryptamine,COC1=CC2=C(C=C1)NC=C2CCN,608-07-1,56422.0,3H-MESULERGINE,RAT,BRAIN,,0.63095734448019,"Hemedah M, et al., 1999",http://www.ncbi.nlm.nih.gov/entrez/query.fcgi?cmd=Retrieve&db=pubmed&dopt=Abstract&list_uids=10051134,5-methoxytryptamine,5-MeO-T,0.63095734448019,False,9.200000000000003
31366,5-HT7,HTR7,150,5-Hydroxy Tryptamine,C1=CC2=C(C=C1O)C(=CN2)CCN,50-67-9,58241.0,3H-MESULERGINE,GUINEA PIG,ILEUM,,0.1,"Hemedah M, et al., 1999",http://www.ncbi.nlm.nih.gov/entrez/query.fcgi?cmd=Retrieve&db=pubmed&dopt=Abstract&list_uids=10051134,5-hydroxy tryptamine,serotonin,0.1,False,10.0
31367,5-HT7,HTR7,172,5-Methoxytryptamine,COC1=CC2=C(C=C1)NC=C2CCN,608-07-1,56422.0,3H-MESULERGINE,GUINEA PIG,ILEUM,,0.25118864315096,"Hemedah M, et al., 1999",http://www.ncbi.nlm.nih.gov/entrez/query.fcgi?cmd=Retrieve&db=pubmed&dopt=Abstract&list_uids=10051134,5-methoxytryptamine,5-MeO-T,0.25118864315096,False,9.599999999999996
32037,5-HT7,HTR7,150,5-Hydroxy Tryptamine,C1=CC2=C(C=C1O)C(=CN2)CCN,50-67-9,58241.0,3H-5CT,HUMAN,CLONED,,6.3095734448019,"Thomas DR et al., 1998",http://www.ncbi.nlm.nih.gov/entrez/query.fcgi?cmd=Retrieve&db=pubmed&dopt=Abstract&list_uids=9720804,5-hydroxy tryptamine,serotonin,6.3095734448019,False,8.200000000000003
32500,5-HT2C,HTR2C,150,5-Hydroxy Tryptamine,C1=CC2=C(C=C1O)C(=CN2)CCN,50-67-9,58241.0,3H-5HT,HUMAN,CLONED,,2.4,"Kimura Y, et al., 2004",http://www.ncbi.nlm.nih.gov/entrez/query.fcgi?cmd=Retrieve&db=pubmed&dopt=Abstract&list_uids=14709324,5-hydroxy tryptamine,serotonin,2.4,False,8.619788758288394
32504,5-HT2A,HTR2A,150,5-Hydroxy Tryptamine,C1=CC2=C(C=C1O)C(=CN2)CCN,50-67-9,58241.0,3H-5HT,HUMAN,CLONED,,21.0,"Kimura Y, et al., 2004",http://www.ncbi.nlm.nih.gov/entrez/query.fcgi?cmd=Retrieve&db=pubmed&dopt=Abstract&list_uids=14709324,5-hydroxy tryptamine,serotonin,21.0,False,7.6777807052660805
32508,5-HT2B,HTR2B,150,5-Hydroxy Tryptamine,C1=CC2=C(C=C1O)C(=CN2)CCN,50-67-9,58241.0,3H-5HT,HUMAN,CLONED,,19.0,"Kimura Y, et al., 2004",http://www.ncbi.nlm.nih.gov/entrez/query.fcgi?cmd=Retrieve&db=pubmed&dopt=Abstract&list_uids=14709324,5-hydroxy tryptamine,serotonin,19.0,False,7.721246399047171
32531,5-HT2A,HTR2A,150,5-Hydroxy Tryptamine,C1=CC2=C(C=C1O)C(=CN2)CCN,50-67-9,58241.0,125I-DOI,HUMAN,CLONED,,14.0,"Bentley JM, et al., 2004",http://www.ncbi.nlm.nih.gov/entrez/query.fcgi?cmd=Retrieve&db=pubmed&dopt=Abstract&list_uids=15081042,5-hydroxy tryptamine,serotonin,14.0,False,7.853871964321762
32534,5-HT2B,HTR2B,150,5-Hydroxy Tryptamine,C1=CC2=C(C=C1O)C(=CN2)CCN,50-67-9,58241.0,3H-5HT,HUMAN,CLONED,,12.0,"Bentley JM, et al., 2004",http://www.ncbi.nlm.nih.gov/entrez/query.fcgi?cmd=Retrieve&db=pubmed&dopt=Abstract&list_uids=15081042,5-hydroxy tryptamine,serotonin,12.0,False,7.920818753952375
32537,5-HT2C,HTR2C,150,5-Hydroxy Tryptamine,C1=CC2=C(C=C1O)C(=CN2)CCN,50-67-9,58241.0,3H-5HT,HUMAN,CLONED,,6.9,"Bentley JM, et al., 2004",http://www.ncbi.nlm.nih.gov/entrez/query.fcgi?cmd=Retrieve&db=pubmed&dopt=Abstract&list_uids=15081042,5-hydroxy tryptamine,serotonin,6.9,False,8.161150909262744
32543,5-HT2C,HTR2C,150,5-Hydroxy Tryptamine,C1=CC2=C(C=C1O)C(=CN2)CCN,50-67-9,58241.0,3H-MESULERGINE,PIG,CORTEX,,39.81071705535,"PAZOS ET AL, 1984",,5-hydroxy tryptamine,serotonin,39.81071705535,False,7.399999999999997
32557,5-HT2C,HTR2C,150,5-Hydroxy Tryptamine,C1=CC2=C(C=C1O)C(=CN2)CCN,50-67-9,58241.0,3H-MESULERGINE,PIG,Choroid Plexus,,25.118864315096,"PAZOS ET AL, 1984",,5-hydroxy tryptamine,serotonin,25.118864315096,False,7.599999999999996
32571,5-HT2C,HTR2C,150,5-Hydroxy Tryptamine,C1=CC2=C(C=C1O)C(=CN2)CCN,50-67-9,58241.0,3H-5HT,PIG,CORTEX,,5.0118723362727,"PAZOS ET AL, 1984",,5-hydroxy tryptamine,serotonin,5.0118723362727,False,8.300000000000002
32585,5-HT2C,HTR2C,150,5-Hydroxy Tryptamine,C1=CC2=C(C=C1O)C(=CN2)CCN,50-67-9,58241.0,3H-5HT,PIG,Choroid Plexus,,19.952623149689,"PAZOS ET AL, 1984",,5-hydroxy tryptamine,serotonin,19.952623149689,False,7.699999999999996
39576,5-HT2A,HTR2A,150,5-Hydroxy Tryptamine,C1=CC2=C(C=C1O)C(=CN2)CCN,50-67-9,58241.0,Functional,HUMAN,CLONED,,30.902954325136,"Porter RH, et.al., 1999",http://www.ncbi.nlm.nih.gov/entrez/query.fcgi?cmd=Retrieve&db=pubmed&dopt=Abstract&list_uids=10498829&query_hl=2,5-hydroxy tryptamine,serotonin,30.902954325136,False,7.509999999999999
39597,5-HT2B,HTR2B,150,5-Hydroxy Tryptamine,C1=CC2=C(C=C1O)C(=CN2)CCN,50-67-9,58241.0,Functional,HUMAN,CLONED,,2.089296130854,"Porter RH, et.al., 1999",http://www.ncbi.nlm.nih.gov/entrez/query.fcgi?cmd=Retrieve&db=pubmed&dopt=Abstract&list_uids=10498829&query_hl=2,5-hydroxy tryptamine,serotonin,2.089296130854,False,8.680000000000009
39617,5-HT2C,HTR2C,150,5-Hydroxy Tryptamine,C1=CC2=C(C=C1O)C(=CN2)CCN,50-67-9,58241.0,Functional,HUMAN,CLONED,,5.7543993733716,"Porter RH, et.al., 1999",http://www.ncbi.nlm.nih.gov/entrez/query.fcgi?cmd=Retrieve&db=pubmed&dopt=Abstract&list_uids=10498829&query_hl=2,5-hydroxy tryptamine,serotonin,5.7543993733716,False,8.239999999999998
39650,5-HT2A,HTR2A,150,5-Hydroxy Tryptamine,C1=CC2=C(C=C1O)C(=CN2)CCN,50-67-9,58241.0,125I-DOI,HUMAN,CLONED,,16.218100973589,"Knight AR, et al., 2004",http://www.ncbi.nlm.nih.gov/entrez/query.fcgi?cmd=Retrieve&db=pubmed&dopt=Abstract&list_uids=15322733&query_hl=1,5-hydroxy tryptamine,serotonin,16.218100973589,False,7.790000000000008
39674,5-HT2B,HTR2B,150,5-Hydroxy Tryptamine,C1=CC2=C(C=C1O)C(=CN2)CCN,50-67-9,58241.0,3H-5HT,HUMAN,CLONED,,13.489628825917,"Knight AR, et al., 2004",http://www.ncbi.nlm.nih.gov/entrez/query.fcgi?cmd=Retrieve&db=pubmed&dopt=Abstract&list_uids=15322733&query_hl=1,5-hydroxy tryptamine,serotonin,13.489628825917,False,7.869999999999985
39698,5-HT2C,HTR2C,150,5-Hydroxy Tryptamine,C1=CC2=C(C=C1O)C(=CN2)CCN,50-67-9,58241.0,3H-5HT,HUMAN,CLONED,,5.7543993733716,"Knight AR, et al., 2004",http://www.ncbi.nlm.nih.gov/entrez/query.fcgi?cmd=Retrieve&db=pubmed&dopt=Abstract&list_uids=15322733&query_hl=1,5-hydroxy tryptamine,serotonin,5.7543993733716,False,8.239999999999998
39803,5-HT2C,HTR2C,150,5-Hydroxy Tryptamine,C1=CC2=C(C=C1O)C(=CN2)CCN,50-67-9,58241.0,3H-MESULERGINE,HUMAN,CLONED,,18.1970085861,"Cussac D, et al., 2002",http://www.ncbi.nlm.nih.gov/entrez/query.fcgi?cmd=Retrieve&db=pubmed&dopt=Abstract&list_uids=11882920&query_hl=1,5-hydroxy tryptamine,serotonin,18.1970085861,False,7.739999999999996
39812,5-HT2B,HTR2B,150,5-Hydroxy Tryptamine,C1=CC2=C(C=C1O)C(=CN2)CCN,50-67-9,58241.0,3H-MESULERGINE,HUMAN,CLONED,,2.8183829312644,"Cussac D, et al., 2002",http://www.ncbi.nlm.nih.gov/entrez/query.fcgi?cmd=Retrieve&db=pubmed&dopt=Abstract&list_uids=11882920&query_hl=1,5-hydroxy tryptamine,serotonin,2.8183829312644,False,8.550000000000008
50461,5-HT2A,HTR2A,150,5-Hydroxy Tryptamine,C1=CC2=C(C=C1O)C(=CN2)CCN,50-67-9,58241.0,125I-DOI,RAT,CORTEX,,3.0,"MCKENNA & PEROUTKA, 1989",http://www.ncbi.nlm.nih.gov/pubmed/2795135?itool=EntrezSystem2.PEntrez.Pubmed.Pubmed_ResultsPanel.Pubmed_RVDocSum&ordinalpos=33,5-hydroxy tryptamine,serotonin,3.0,False,8.522878745280337
50471,5-HT2A,HTR2A,695,"DMT,5-MeO",CN(C)CCC1=CNC2=C1C=C(C=C2)OC,1832,,125I-DOI,RAT,CORTEX,,14.0,"MCKENNA & PEROUTKA, 1989",http://www.ncbi.nlm.nih.gov/pubmed/2795135?itool=EntrezSystem2.PEntrez.Pubmed.Pubmed_ResultsPanel.Pubmed_RVDocSum&ordinalpos=33,"dmt,5-meo",5-MeO-DMT,14.0,False,7.853871964321762
53877,5-HT1A,HTR1A,150,5-Hydroxy Tryptamine,C1=CC2=C(C=C1O)C(=CN2)CCN,50-67-9,58241.0,UNDEFINED,RAT,UNDEFINED,,3.0,"Liu Z et al., 2008",https://www.ncbi.nlm.nih.gov/pubmed/18562201,5-hydroxy tryptamine,serotonin,3.0,False,8.522878745280337
55687,5-HT1B,HTR1B,150,5-Hydroxy Tryptamine,C1=CC2=C(C=C1O)C(=CN2)CCN,50-67-9,58241.0,UNDEFINED,HUMAN,UNDEFINED,,1.10000002384186,"Choi SK et al., 2008",https://www.ncbi.nlm.nih.gov/pubmed/18507369,5-hydroxy tryptamine,serotonin,1.10000002384186,False,8.958607305428695
55723,5-HT1D,HTR1D,150,5-Hydroxy Tryptamine,C1=CC2=C(C=C1O)C(=CN2)CCN,50-67-9,58241.0,UNDEFINED,HUMAN,UNDEFINED,,0.5,"Choi SK et al., 2008",https://www.ncbi.nlm.nih.gov/pubmed/18507369,5-hydroxy tryptamine,serotonin,0.5,False,9.301029995663981
62135,5-HT2B,HTR2B,11248,[3H] LSD,,,,3H-LSD,HUMAN,CLONED,,3851.0,"Iversen l., et al., 2012",http://www.ncbi.nlm.nih.gov/pubmed/23261499,[3h] lsd,LSD,3851.0,False,5.414426481377269
67745,5-HT1A,HTR1A,150,5-Hydroxy Tryptamine,C1=CC2=C(C=C1O)C(=CN2)CCN,50-67-9,58241.0,3H-8-OH-DPAT,RAT,CEREBRAL CORTEX,,11.22018454302,"Gross, G.  et, al. 1991",,5-hydroxy tryptamine,serotonin,11.22018454302,False,7.949999999999986
67752,5-HT2C,HTR2C,150,5-Hydroxy Tryptamine,C1=CC2=C(C=C1O)C(=CN2)CCN,50-67-9,58241.0,3H-5-HT,PIG,Choroid Plexus,,8.5113803820238,"Gross, G.  et, al. 1991",,5-hydroxy tryptamine,serotonin,8.5113803820238,False,8.069999999999999
67757,5-HT1D,HTR1D,150,5-Hydroxy Tryptamine,C1=CC2=C(C=C1O)C(=CN2)CCN,50-67-9,58241.0,3H-5-HT,PIG,STRIATUM,,1.81970085861,"Gross, G.  et, al. 1991",,5-hydroxy tryptamine,serotonin,1.81970085861,False,8.739999999999997
67768,5-HT3,HTR3A,150,5-Hydroxy Tryptamine,C1=CC2=C(C=C1O)C(=CN2)CCN,50-67-9,58241.0,3H-GR65630,RAT,Entorhinal Cortex,,131.82567385564,"Gross, G.  et, al. 1991",,5-hydroxy tryptamine,serotonin,131.82567385564,False,6.880000000000003
68692,5-HT6,HTR6,150,5-Hydroxy Tryptamine,C1=CC2=C(C=C1O)C(=CN2)CCN,50-67-9,58241.0,3H-LSD,HUMAN,CLONED,,65.0,"Glennon RA, 2003",http://www.ncbi.nlm.nih.gov/entrez/query.fcgi?cmd=Retrieve&db=pubmed&dopt=Abstract&list_uids=12825922&query_hl=2,5-hydroxy tryptamine,serotonin,65.0,False,7.187086643357144
68707,5-HT7,HTR7,150,5-Hydroxy Tryptamine,C1=CC2=C(C=C1O)C(=CN2)CCN,50-67-9,58241.0,3H-5HT,HUMAN,CLONED,,8.1,"Glennon RA, 2003",http://www.ncbi.nlm.nih.gov/entrez/query.fcgi?cmd=Retrieve&db=pubmed&dopt=Abstract&list_uids=12825922&query_hl=2,5-hydroxy tryptamine,serotonin,8.1,False,8.09151498112135
68767,5-HT4,HTR4,150,5-Hydroxy Tryptamine,C1=CC2=C(C=C1O)C(=CN2)CCN,50-67-9,58241.0,3H-GR-113808,PIG,CAUDATE,,88.1,"Schiavi, GB et al., 1994",http://www.ncbi.nlm.nih.gov/entrez/query.fcgi?cmd=Retrieve&db=PubMed&list_uids=7984293&dopt=Abstract,5-hydroxy tryptamine,serotonin,88.1,False,7.055024091587952
68768,5-HT4,HTR4,172,5-Methoxytryptamine,COC1=CC2=C(C=C1)NC=C2CCN,608-07-1,56422.0,3H-GR-113808,PIG,CAUDATE,,1574.0,"Schiavi, GB et al., 1994",http://www.ncbi.nlm.nih.gov/entrez/query.fcgi?cmd=Retrieve&db=PubMed&list_uids=7984293&dopt=Abstract,5-methoxytryptamine,5-MeO-T,1574.0,False,5.802995271976954
68800,5-HT3,HTR3A,150,5-Hydroxy Tryptamine,C1=CC2=C(C=C1O)C(=CN2)CCN,50-67-9,58241.0,3H-DAU 6215,PIG,NG108-15,,50.4,"Schiavi, GB et al., 1994",http://www.ncbi.nlm.nih.gov/entrez/query.fcgi?cmd=Retrieve&db=PubMed&list_uids=7984293&dopt=Abstract,5-hydroxy tryptamine,serotonin,50.4,False,7.297569463554475
68801,5-HT3,HTR3A,172,5-Methoxytryptamine,COC1=CC2=C(C=C1)NC=C2CCN,608-07-1,56422.0,3H-DAU 6215,PIG,NG108-15,>,10000.0,"Schiavi, GB et al., 1994",http://www.ncbi.nlm.nih.gov/entrez/query.fcgi?cmd=Retrieve&db=PubMed&list_uids=7984293&dopt=Abstract,5-methoxytryptamine,5-MeO-T,10000.0,True,5.0
71260,5-HT1A,HTR1A,12644,"N,N-diallyltryptamine",,,,WAY100635,HUMAN,CLONED,,100.0,Klein LM et al 2018,https://www.ncbi.nlm.nih.gov/pubmed/?term=29499272,"n,n-diallyltryptamine",DALT,100.0,False,7.0
71261,5-HT1B,HTR1B,12644,"N,N-diallyltryptamine",,,,3H-5CT,HUMAN,CLONED,>,10000.0,Klein LM et al 2018,https://www.ncbi.nlm.nih.gov/pubmed/?term=29499272,"n,n-diallyltryptamine",DALT,10000.0,True,5.0
71262,5-HT1D,HTR1D,12644,"N,N-diallyltryptamine",,,,3H-5CT,HUMAN,CLONED,,689.0,Klein LM et al 2018,https://www.ncbi.nlm.nih.gov/pubmed/?term=29499272,"n,n-diallyltryptamine",DALT,689.0,False,6.161780778092375
71263,5-HT1E,HTR1E,12644,"N,N-diallyltryptamine",,,,3H-5HT,HUMAN,CLONED,,378.0,Klein LM et al 2018,https://www.ncbi.nlm.nih.gov/pubmed/?term=29499272,"n,n-diallyltryptamine",DALT,378.0,False,6.422508200162774
71264,5-HT2A,HTR2A,12644,"N,N-diallyltryptamine",,,,125I-DOI,HUMAN,CLONED,,701.0,Klein LM et al 2018,https://www.ncbi.nlm.nih.gov/pubmed/?term=29499272,"n,n-diallyltryptamine",DALT,701.0,False,6.154281982033341
71265,5-HT2B,HTR2B,12644,"N,N-diallyltryptamine",,,,3H-LSD,HUMAN,CLONED,,61.0,Klein LM et al 2018,https://www.ncbi.nlm.nih.gov/pubmed/?term=29499272,"n,n-diallyltryptamine",DALT,61.0,False,7.214670164989233
71266,5-HT2C,HTR2C,12644,"N,N-diallyltryptamine",,,,UNKNOWN,HUMAN,CLONED,,385.0,Klein LM et al 2018,https://www.ncbi.nlm.nih.gov/pubmed/?term=29499272,"n,n-diallyltryptamine",DALT,385.0,False,6.414539270491499
71268,5-HT6,HTR6,12644,"N,N-diallyltryptamine",,,,3H-LSD,HUMAN,CLONED,,1718.0,Klein LM et al 2018,https://www.ncbi.nlm.nih.gov/pubmed/?term=29499272,"n,n-diallyltryptamine",DALT,1718.0,False,5.764976840504776
71269,5-HT7,HTR7,12644,"N,N-diallyltryptamine",,,,3H-LSD,HUMAN,CLONED,>,10000.0,Klein LM et al 2018,https://www.ncbi.nlm.nih.gov/pubmed/?term=29499272,"n,n-diallyltryptamine",DALT,10000.0,True,5.0
71293,5-HT1A,HTR1A,12645,"5-methoxy-N,N-diallyltryptamine",,,,WAY100635,HUMAN,CLONED,,19.0,Klein LM et al 2018,https://www.ncbi.nlm.nih.gov/pubmed/?term=29499272,"5-methoxy-n,n-diallyltryptamine",5-MeO-DALT,19.0,False,7.721246399047171
71294,5-HT1B,HTR1B,12645,"5-methoxy-N,N-diallyltryptamine",,,,3H-5CT,HUMAN,CLONED,,735.0,Klein LM et al 2018,https://www.ncbi.nlm.nih.gov/pubmed/?term=29499272,"5-methoxy-n,n-diallyltryptamine",5-MeO-DALT,735.0,False,6.133712660915805
71295,5-HT1D,HTR1D,12645,"5-methoxy-N,N-diallyltryptamine",,,,3H-5CT,HUMAN,CLONED,,107.0,Klein LM et al 2018,https://www.ncbi.nlm.nih.gov/pubmed/?term=29499272,"5-methoxy-n,n-diallyltryptamine",5-MeO-DALT,107.0,False,6.97061622231479
71296,5-HT1E,HTR1E,12645,"5-methoxy-N,N-diallyltryptamine",,,,3H-5HT,HUMAN,CLONED,,500.0,Klein LM et al 2018,https://www.ncbi.nlm.nih.gov/pubmed/?term=29499272,"5-methoxy-n,n-diallyltryptamine",5-MeO-DALT,500.0,False,6.301029995663981
71297,5-HT2A,HTR2A,12645,"5-methoxy-N,N-diallyltryptamine",,,,125I-DOI,HUMAN,CLONED,,218.0,Klein LM et al 2018,https://www.ncbi.nlm.nih.gov/pubmed/?term=29499272,"5-methoxy-n,n-diallyltryptamine",5-MeO-DALT,218.0,False,6.661543506395395
71298,5-HT2B,HTR2B,12645,"5-methoxy-N,N-diallyltryptamine",,,,3H-LSD,HUMAN,CLONED,,59.0,Klein LM et al 2018,https://www.ncbi.nlm.nih.gov/pubmed/?term=29499272,"5-methoxy-n,n-diallyltryptamine",5-MeO-DALT,59.0,False,7.229147988357855
71299,5-HT2C,HTR2C,12645,"5-methoxy-N,N-diallyltryptamine",,,,UNKNOWN,HUMAN,CLONED,,456.0,Klein LM et al 2018,https://www.ncbi.nlm.nih.gov/pubmed/?term=29499272,"5-methoxy-n,n-diallyltryptamine",5-MeO-DALT,456.0,False,6.341035157335565
71301,5-HT6,HTR6,12645,"5-methoxy-N,N-diallyltryptamine",,,,3H-LSD,HUMAN,CLONED,,153.0,Klein LM et al 2018,https://www.ncbi.nlm.nih.gov/pubmed/?term=29499272,"5-methoxy-n,n-diallyltryptamine",5-MeO-DALT,153.0,False,6.815308569182401
71302,5-HT7,HTR7,12645,"5-methoxy-N,N-diallyltryptamine",,,,3H-LSD,HUMAN,CLONED,,90.0,Klein LM et al 2018,https://www.ncbi.nlm.nih.gov/pubmed/?term=29499272,"5-methoxy-n,n-diallyltryptamine",5-MeO-DALT,90.0,False,7.045757490560675
71326,5-HT1A,HTR1A,12646,"5-fluoro-N,N-diallyltryptamine",,,,WAY100635,HUMAN,CLONED,,80.0,Klein LM et al 2018,https://www.ncbi.nlm.nih.gov/pubmed/?term=29499272,"5-fluoro-n,n-diallyltryptamine",5-F-DALT,80.0,False,7.096910013008056
71327,5-HT1B,HTR1B,12646,"5-fluoro-N,N-diallyltryptamine",,,,3H-5CT,HUMAN,CLONED,,1787.0,Klein LM et al 2018,https://www.ncbi.nlm.nih.gov/pubmed/?term=29499272,"5-fluoro-n,n-diallyltryptamine",5-F-DALT,1787.0,False,5.747875447494356
71328,5-HT1D,HTR1D,12646,"5-fluoro-N,N-diallyltryptamine",,,,3H-5CT,HUMAN,CLONED,,816.0,Klein LM et al 2018,https://www.ncbi.nlm.nih.gov/pubmed/?term=29499272,"5-fluoro-n,n-diallyltryptamine",5-F-DALT,816.0,False,6.088309841246138
71329,5-HT1E,HTR1E,12646,"5-fluoro-N,N-diallyltryptamine",,,,3H-5HT,HUMAN,CLONED,,474.0,Klein LM et al 2018,https://www.ncbi.nlm.nih.gov/pubmed/?term=29499272,"5-fluoro-n,n-diallyltryptamine",5-F-DALT,474.0,False,6.324221658325914
71330,5-HT2A,HTR2A,12646,"5-fluoro-N,N-diallyltryptamine",,,,125I-DOI,HUMAN,CLONED,,247.0,Klein LM et al 2018,https://www.ncbi.nlm.nih.gov/pubmed/?term=29499272,"5-fluoro-n,n-diallyltryptamine",5-F-DALT,247.0,False,6.607303046740334
71331,5-HT2B,HTR2B,12646,"5-fluoro-N,N-diallyltryptamine",,,,3H-LSD,HUMAN,CLONED,,16.0,Klein LM et al 2018,https://www.ncbi.nlm.nih.gov/pubmed/?term=29499272,"5-fluoro-n,n-diallyltryptamine",5-F-DALT,16.0,False,7.795880017344075
71332,5-HT2C,HTR2C,12646,"5-fluoro-N,N-diallyltryptamine",,,,UNKNOWN,HUMAN,CLONED,,102.0,Klein LM et al 2018,https://www.ncbi.nlm.nih.gov/pubmed/?term=29499272,"5-fluoro-n,n-diallyltryptamine",5-F-DALT,102.0,False,6.991399828238082
71334,5-HT6,HTR6,12646,"5-fluoro-N,N-diallyltryptamine",,,,3H-LSD,HUMAN,CLONED,,74.0,Klein LM et al 2018,https://www.ncbi.nlm.nih.gov/pubmed/?term=29499272,"5-fluoro-n,n-diallyltryptamine",5-F-DALT,74.0,False,7.130768280269024
71335,5-HT7,HTR7,12646,"5-fluoro-N,N-diallyltryptamine",,,,3H-LSD,HUMAN,CLONED,,402.0,Klein LM et al 2018,https://www.ncbi.nlm.nih.gov/pubmed/?term=29499272,"5-fluoro-n,n-diallyltryptamine",5-F-DALT,402.0,False,6.39577394691553
71359,5-HT1A,HTR1A,12647,"5-bromo-N,N-diallyltryptamine",,,,WAY100635,HUMAN,CLONED,,11.0,Klein LM et al 2018,https://www.ncbi.nlm.nih.gov/pubmed/?term=29499272,"5-bromo-n,n-diallyltryptamine",5-Br-DALT,11.0,False,7.958607314841775
71360,5-HT1B,HTR1B,12647,"5-bromo-N,N-diallyltryptamine",,,,3H-5CT,HUMAN,CLONED,,950.0,Klein LM et al 2018,https://www.ncbi.nlm.nih.gov/pubmed/?term=29499272,"5-bromo-n,n-diallyltryptamine",5-Br-DALT,950.0,False,6.022276394711152
71361,5-HT1D,HTR1D,12647,"5-bromo-N,N-diallyltryptamine",,,,3H-5CT,HUMAN,CLONED,,130.0,Klein LM et al 2018,https://www.ncbi.nlm.nih.gov/pubmed/?term=29499272,"5-bromo-n,n-diallyltryptamine",5-Br-DALT,130.0,False,6.886056647693163
71362,5-HT1E,HTR1E,12647,"5-bromo-N,N-diallyltryptamine",,,,3H-5HT,HUMAN,CLONED,,512.0,Klein LM et al 2018,https://www.ncbi.nlm.nih.gov/pubmed/?term=29499272,"5-bromo-n,n-diallyltryptamine",5-Br-DALT,512.0,False,6.290730039024169
71363,5-HT2A,HTR2A,12647,"5-bromo-N,N-diallyltryptamine",,,,125I-DOI,HUMAN,CLONED,,477.0,Klein LM et al 2018,https://www.ncbi.nlm.nih.gov/pubmed/?term=29499272,"5-bromo-n,n-diallyltryptamine",5-Br-DALT,477.0,False,6.3214816209598865
71364,5-HT2B,HTR2B,12647,"5-bromo-N,N-diallyltryptamine",,,,3H-LSD,HUMAN,CLONED,,53.0,Klein LM et al 2018,https://www.ncbi.nlm.nih.gov/pubmed/?term=29499272,"5-bromo-n,n-diallyltryptamine",5-Br-DALT,53.0,False,7.275724130399211
71365,5-HT2C,HTR2C,12647,"5-bromo-N,N-diallyltryptamine",,,,UNKNOWN,HUMAN,CLONED,,358.0,Klein LM et al 2018,https://www.ncbi.nlm.nih.gov/pubmed/?term=29499272,"5-bromo-n,n-diallyltryptamine",5-Br-DALT,358.0,False,6.446116973356125
71367,5-HT6,HTR6,12647,"5-bromo-N,N-diallyltryptamine",,,,3H-LSD,HUMAN,CLONED,,133.0,Klein LM et al 2018,https://www.ncbi.nlm.nih.gov/pubmed/?term=29499272,"5-bromo-n,n-diallyltryptamine",5-Br-DALT,133.0,False,6.876148359032914
71368,5-HT7,HTR7,12647,"5-bromo-N,N-diallyltryptamine",,,,3H-LSD,HUMAN,CLONED,,49.0,Klein LM et al 2018,https://www.ncbi.nlm.nih.gov/pubmed/?term=29499272,"5-bromo-n,n-diallyltryptamine",5-Br-DALT,49.0,False,7.309803919971486
71392,5-HT1A,HTR1A,12648,"4-hydroxy-N,N-diallyltryptamine",,,,WAY100635,HUMAN,CLONED,,319.0,Klein LM et al 2018,https://www.ncbi.nlm.nih.gov/pubmed/?term=29499272,"4-hydroxy-n,n-diallyltryptamine",4-HO-DALT,319.0,False,6.496209316942819
71393,5-HT1B,HTR1B,12648,"4-hydroxy-N,N-diallyltryptamine",,,,3H-5CT,HUMAN,CLONED,,2494.0,Klein LM et al 2018,https://www.ncbi.nlm.nih.gov/pubmed/?term=29499272,"4-hydroxy-n,n-diallyltryptamine",4-HO-DALT,2494.0,False,5.603103550857476
71394,5-HT1D,HTR1D,12648,"4-hydroxy-N,N-diallyltryptamine",,,,3H-5CT,HUMAN,CLONED,,693.0,Klein LM et al 2018,https://www.ncbi.nlm.nih.gov/pubmed/?term=29499272,"4-hydroxy-n,n-diallyltryptamine",4-HO-DALT,693.0,False,6.159266765388193
71395,5-HT1E,HTR1E,12648,"4-hydroxy-N,N-diallyltryptamine",,,,3H-5HT,HUMAN,CLONED,,238.0,Klein LM et al 2018,https://www.ncbi.nlm.nih.gov/pubmed/?term=29499272,"4-hydroxy-n,n-diallyltryptamine",4-HO-DALT,238.0,False,6.623423042943488
71396,5-HT2A,HTR2A,12648,"4-hydroxy-N,N-diallyltryptamine",,,,125I-DOI,HUMAN,CLONED,,652.0,Klein LM et al 2018,https://www.ncbi.nlm.nih.gov/pubmed/?term=29499272,"4-hydroxy-n,n-diallyltryptamine",4-HO-DALT,652.0,False,6.185752404268079
71397,5-HT2B,HTR2B,12648,"4-hydroxy-N,N-diallyltryptamine",,,,3H-LSD,HUMAN,CLONED,,2593.0,Klein LM et al 2018,https://www.ncbi.nlm.nih.gov/pubmed/?term=29499272,"4-hydroxy-n,n-diallyltryptamine",4-HO-DALT,2593.0,False,5.586197483230649
71398,5-HT2C,HTR2C,12648,"4-hydroxy-N,N-diallyltryptamine",,,,UNKNOWN,HUMAN,CLONED,,2113.0,Klein LM et al 2018,https://www.ncbi.nlm.nih.gov/pubmed/?term=29499272,"4-hydroxy-n,n-diallyltryptamine",4-HO-DALT,2113.0,False,5.675100502947687
71400,5-HT6,HTR6,12648,"4-hydroxy-N,N-diallyltryptamine",,,,3H-LSD,HUMAN,CLONED,,213.0,Klein LM et al 2018,https://www.ncbi.nlm.nih.gov/pubmed/?term=29499272,"4-hydroxy-n,n-diallyltryptamine",4-HO-DALT,213.0,False,6.671620396561263
71401,5-HT7,HTR7,12648,"4-hydroxy-N,N-diallyltryptamine",,,,3H-LSD,HUMAN,CLONED,,600.0,Klein LM et al 2018,https://www.ncbi.nlm.nih.gov/pubmed/?term=29499272,"4-hydroxy-n,n-diallyltryptamine",4-HO-DALT,600.0,False,6.221848749616356
71425,5-HT1A,HTR1A,12649,"4-acetoxy-N,N-diallyltryptamine",,,,WAY100635,HUMAN,CLONED,,383.0,Klein LM et al 2018,https://www.ncbi.nlm.nih.gov/pubmed/?term=29499272,"4-acetoxy-n,n-diallyltryptamine",4-AcO-DALT,383.0,False,6.416801226031377
71426,5-HT1B,HTR1B,12649,"4-acetoxy-N,N-diallyltryptamine",,,,3H-5CT,HUMAN,CLONED,>,10000.0,Klein LM et al 2018,https://www.ncbi.nlm.nih.gov/pubmed/?term=29499272,"4-acetoxy-n,n-diallyltryptamine",4-AcO-DALT,10000.0,True,5.0
71427,5-HT1D,HTR1D,12649,"4-acetoxy-N,N-diallyltryptamine",,,,3H-5CT,HUMAN,CLONED,,801.0,Klein LM et al 2018,https://www.ncbi.nlm.nih.gov/pubmed/?term=29499272,"4-acetoxy-n,n-diallyltryptamine",4-AcO-DALT,801.0,False,6.096367483915762
71428,5-HT1E,HTR1E,12649,"4-acetoxy-N,N-diallyltryptamine",,,,3H-5HT,HUMAN,CLONED,,467.0,Klein LM et al 2018,https://www.ncbi.nlm.nih.gov/pubmed/?term=29499272,"4-acetoxy-n,n-diallyltryptamine",4-AcO-DALT,467.0,False,6.330683119433887
71429,5-HT2A,HTR2A,12649,"4-acetoxy-N,N-diallyltryptamine",,,,125I-DOI,HUMAN,CLONED,,565.0,Klein LM et al 2018,https://www.ncbi.nlm.nih.gov/pubmed/?term=29499272,"4-acetoxy-n,n-diallyltryptamine",4-AcO-DALT,565.0,False,6.247951552180561
71430,5-HT2B,HTR2B,12649,"4-acetoxy-N,N-diallyltryptamine",,,,3H-LSD,HUMAN,CLONED,,63.0,Klein LM et al 2018,https://www.ncbi.nlm.nih.gov/pubmed/?term=29499272,"4-acetoxy-n,n-diallyltryptamine",4-AcO-DALT,63.0,False,7.200659450546418
71431,5-HT2C,HTR2C,12649,"4-acetoxy-N,N-diallyltryptamine",,,,UNKNOWN,HUMAN,CLONED,,1515.0,Klein LM et al 2018,https://www.ncbi.nlm.nih.gov/pubmed/?term=29499272,"4-acetoxy-n,n-diallyltryptamine",4-AcO-DALT,1515.0,False,5.819587367161676
71433,5-HT6,HTR6,12649,"4-acetoxy-N,N-diallyltryptamine",,,,3H-LSD,HUMAN,CLONED,,1791.0,Klein LM et al 2018,https://www.ncbi.nlm.nih.gov/pubmed/?term=29499272,"4-acetoxy-n,n-diallyltryptamine",4-AcO-DALT,1791.0,False,5.746904414150968
71434,5-HT7,HTR7,12649,"4-acetoxy-N,N-diallyltryptamine",,,,3H-LSD,HUMAN,CLONED,,724.0,Klein LM et al 2018,https://www.ncbi.nlm.nih.gov/pubmed/?term=29499272,"4-acetoxy-n,n-diallyltryptamine",4-AcO-DALT,724.0,False,6.140261433802853
71457,5-HT1A,HTR1A,12650,"2-phenyl-N,N-diallyltryptamine",,,,WAY100635,HUMAN,CLONED,,402.0,Klein LM et al 2018,https://www.ncbi.nlm.nih.gov/pubmed/?term=29499272,"2-phenyl-n,n-diallyltryptamine",2-Ph-DALT,402.0,False,6.39577394691553
71458,5-HT1B,HTR1B,12650,"2-phenyl-N,N-diallyltryptamine",,,,3H-5CT,HUMAN,CLONED,,273.0,Klein LM et al 2018,https://www.ncbi.nlm.nih.gov/pubmed/?term=29499272,"2-phenyl-n,n-diallyltryptamine",2-Ph-DALT,273.0,False,6.5638373529592435
71459,5-HT1D,HTR1D,12650,"2-phenyl-N,N-diallyltryptamine",,,,3H-5CT,HUMAN,CLONED,,204.0,Klein LM et al 2018,https://www.ncbi.nlm.nih.gov/pubmed/?term=29499272,"2-phenyl-n,n-diallyltryptamine",2-Ph-DALT,204.0,False,6.690369832574101
71460,5-HT1E,HTR1E,12650,"2-phenyl-N,N-diallyltryptamine",,,,3H-5HT,HUMAN,CLONED,>,10000.0,Klein LM et al 2018,https://www.ncbi.nlm.nih.gov/pubmed/?term=29499272,"2-phenyl-n,n-diallyltryptamine",2-Ph-DALT,10000.0,True,5.0
71461,5-HT2A,HTR2A,12650,"2-phenyl-N,N-diallyltryptamine",,,,125I-DOI,HUMAN,CLONED,,13.0,Klein LM et al 2018,https://www.ncbi.nlm.nih.gov/pubmed/?term=29499272,"2-phenyl-n,n-diallyltryptamine",2-Ph-DALT,13.0,False,7.886056647693163
71462,5-HT2B,HTR2B,12650,"2-phenyl-N,N-diallyltryptamine",,,,3H-LSD,HUMAN,CLONED,,192.0,Klein LM et al 2018,https://www.ncbi.nlm.nih.gov/pubmed/?term=29499272,"2-phenyl-n,n-diallyltryptamine",2-Ph-DALT,192.0,False,6.71669877129645
71463,5-HT2C,HTR2C,12650,"2-phenyl-N,N-diallyltryptamine",,,,UNKNOWN,HUMAN,CLONED,,278.0,Klein LM et al 2018,https://www.ncbi.nlm.nih.gov/pubmed/?term=29499272,"2-phenyl-n,n-diallyltryptamine",2-Ph-DALT,278.0,False,6.555955204081924
71465,5-HT6,HTR6,12650,"2-phenyl-N,N-diallyltryptamine",,,,3H-LSD,HUMAN,CLONED,,68.0,Klein LM et al 2018,https://www.ncbi.nlm.nih.gov/pubmed/?term=29499272,"2-phenyl-n,n-diallyltryptamine",2-Ph-DALT,68.0,False,7.167491087293763
71466,5-HT7,HTR7,12650,"2-phenyl-N,N-diallyltryptamine",,,,3H-LSD,HUMAN,CLONED,>,10000.0,Klein LM et al 2018,https://www.ncbi.nlm.nih.gov/pubmed/?term=29499272,"2-phenyl-n,n-diallyltryptamine",2-Ph-DALT,10000.0,True,5.0
71490,5-HT1A,HTR1A,12651,"5-methoxy-2-methyl-N,N-diallyltryptamine",,,,WAY100635,HUMAN,CLONED,,267.0,Klein LM et al 2018,https://www.ncbi.nlm.nih.gov/pubmed/?term=29499272,"5-methoxy-2-methyl-n,n-diallyltryptamine",5-MeO-2-Me-DALT,267.0,False,6.573488738635424
71491,5-HT1B,HTR1B,12651,"5-methoxy-2-methyl-N,N-diallyltryptamine",,,,3H-5CT,HUMAN,CLONED,,2267.0,Klein LM et al 2018,https://www.ncbi.nlm.nih.gov/pubmed/?term=29499272,"5-methoxy-2-methyl-n,n-diallyltryptamine",5-MeO-2-Me-DALT,2267.0,False,5.644548479873483
71492,5-HT1D,HTR1D,12651,"5-methoxy-2-methyl-N,N-diallyltryptamine",,,,3H-5CT,HUMAN,CLONED,,900.0,Klein LM et al 2018,https://www.ncbi.nlm.nih.gov/pubmed/?term=29499272,"5-methoxy-2-methyl-n,n-diallyltryptamine",5-MeO-2-Me-DALT,900.0,False,6.045757490560675
71493,5-HT1E,HTR1E,12651,"5-methoxy-2-methyl-N,N-diallyltryptamine",,,,3H-5HT,HUMAN,CLONED,,1594.0,Klein LM et al 2018,https://www.ncbi.nlm.nih.gov/pubmed/?term=29499272,"5-methoxy-2-methyl-n,n-diallyltryptamine",5-MeO-2-Me-DALT,1594.0,False,5.7975116829399065
71494,5-HT2A,HTR2A,12651,"5-methoxy-2-methyl-N,N-diallyltryptamine",,,,125I-DOI,HUMAN,CLONED,,1153.0,Klein LM et al 2018,https://www.ncbi.nlm.nih.gov/pubmed/?term=29499272,"5-methoxy-2-methyl-n,n-diallyltryptamine",5-MeO-2-Me-DALT,1153.0,False,5.938170692705301
71495,5-HT2B,HTR2B,12651,"5-methoxy-2-methyl-N,N-diallyltryptamine",,,,3H-LSD,HUMAN,CLONED,,241.0,Klein LM et al 2018,https://www.ncbi.nlm.nih.gov/pubmed/?term=29499272,"5-methoxy-2-methyl-n,n-diallyltryptamine",5-MeO-2-Me-DALT,241.0,False,6.617982957425132
71496,5-HT2C,HTR2C,12651,"5-methoxy-2-methyl-N,N-diallyltryptamine",,,,UNKNOWN,HUMAN,CLONED,>,10000.0,Klein LM et al 2018,https://www.ncbi.nlm.nih.gov/pubmed/?term=29499272,"5-methoxy-2-methyl-n,n-diallyltryptamine",5-MeO-2-Me-DALT,10000.0,True,5.0
71498,5-HT6,HTR6,12651,"5-methoxy-2-methyl-N,N-diallyltryptamine",,,,3H-LSD,HUMAN,CLONED,,206.0,Klein LM et al 2018,https://www.ncbi.nlm.nih.gov/pubmed/?term=29499272,"5-methoxy-2-methyl-n,n-diallyltryptamine",5-MeO-2-Me-DALT,206.0,False,6.686132779630847
71499,5-HT7,HTR7,12651,"5-methoxy-2-methyl-N,N-diallyltryptamine",,,,3H-LSD,HUMAN,CLONED,>,10000.0,Klein LM et al 2018,https://www.ncbi.nlm.nih.gov/pubmed/?term=29499272,"5-methoxy-2-methyl-n,n-diallyltryptamine",5-MeO-2-Me-DALT,10000.0,True,5.0
71523,5-HT1A,HTR1A,12652,"5-methoxy-2-fluoro-N,N-diallyltryptamine",,,,WAY100635,HUMAN,CLONED,,318.0,Klein LM et al 2018,https://www.ncbi.nlm.nih.gov/pubmed/?term=29499272,"5-methoxy-2-fluoro-n,n-diallyltryptamine",5-MeO-2-F-DALT,318.0,False,6.497572880015568
71524,5-HT1B,HTR1B,12652,"5-methoxy-2-fluoro-N,N-diallyltryptamine",,,,3H-5CT,HUMAN,CLONED,,2011.0,Klein LM et al 2018,https://www.ncbi.nlm.nih.gov/pubmed/?term=29499272,"5-methoxy-2-fluoro-n,n-diallyltryptamine",5-MeO-2-F-DALT,2011.0,False,5.6965879294032575
71525,5-HT1D,HTR1D,12652,"5-methoxy-2-fluoro-N,N-diallyltryptamine",,,,3H-5CT,HUMAN,CLONED,,1592.0,Klein LM et al 2018,https://www.ncbi.nlm.nih.gov/pubmed/?term=29499272,"5-methoxy-2-fluoro-n,n-diallyltryptamine",5-MeO-2-F-DALT,1592.0,False,5.79805693659835
71526,5-HT1E,HTR1E,12652,"5-methoxy-2-fluoro-N,N-diallyltryptamine",,,,3H-5HT,HUMAN,CLONED,,1273.0,Klein LM et al 2018,https://www.ncbi.nlm.nih.gov/pubmed/?term=29499272,"5-methoxy-2-fluoro-n,n-diallyltryptamine",5-MeO-2-F-DALT,1273.0,False,5.895171596346344
71527,5-HT2A,HTR2A,12652,"5-methoxy-2-fluoro-N,N-diallyltryptamine",,,,125I-DOI,HUMAN,CLONED,,655.0,Klein LM et al 2018,https://www.ncbi.nlm.nih.gov/pubmed/?term=29499272,"5-methoxy-2-fluoro-n,n-diallyltryptamine",5-MeO-2-F-DALT,655.0,False,6.183758700008217
71528,5-HT2B,HTR2B,12652,"5-methoxy-2-fluoro-N,N-diallyltryptamine",,,,3H-LSD,HUMAN,CLONED,,17.0,Klein LM et al 2018,https://www.ncbi.nlm.nih.gov/pubmed/?term=29499272,"5-methoxy-2-fluoro-n,n-diallyltryptamine",5-MeO-2-F-DALT,17.0,False,7.769551078621726
71529,5-HT2C,HTR2C,12652,"5-methoxy-2-fluoro-N,N-diallyltryptamine",,,,UNKNOWN,HUMAN,CLONED,,541.0,Klein LM et al 2018,https://www.ncbi.nlm.nih.gov/pubmed/?term=29499272,"5-methoxy-2-fluoro-n,n-diallyltryptamine",5-MeO-2-F-DALT,541.0,False,6.266802734893431
71531,5-HT6,HTR6,12652,"5-methoxy-2-fluoro-N,N-diallyltryptamine",,,,3H-LSD,HUMAN,CLONED,,168.0,Klein LM et al 2018,https://www.ncbi.nlm.nih.gov/pubmed/?term=29499272,"5-methoxy-2-fluoro-n,n-diallyltryptamine",5-MeO-2-F-DALT,168.0,False,6.774690718274137
71532,5-HT7,HTR7,12652,"5-methoxy-2-fluoro-N,N-diallyltryptamine",,,,3H-LSD,HUMAN,CLONED,,493.0,Klein LM et al 2018,https://www.ncbi.nlm.nih.gov/pubmed/?term=29499272,"5-methoxy-2-fluoro-n,n-diallyltryptamine",5-MeO-2-F-DALT,493.0,False,6.30715308072277
71556,5-HT1A,HTR1A,12653,"7-ethyl-N,N-diallyltryptamine",,,,WAY100635,HUMAN,CLONED,,1013.0,Klein LM et al 2018,https://www.ncbi.nlm.nih.gov/pubmed/?term=29499272,"7-ethyl-n,n-diallyltryptamine",7-Et-DALT,1013.0,False,5.99439055463972
71557,5-HT1B,HTR1B,12653,"7-ethyl-N,N-diallyltryptamine",,,,3H-5CT,HUMAN,CLONED,>,10000.0,Klein LM et al 2018,https://www.ncbi.nlm.nih.gov/pubmed/?term=29499272,"7-ethyl-n,n-diallyltryptamine",7-Et-DALT,10000.0,True,5.0
71558,5-HT1D,HTR1D,12653,"7-ethyl-N,N-diallyltryptamine",,,,3H-5CT,HUMAN,CLONED,,2691.0,Klein LM et al 2018,https://www.ncbi.nlm.nih.gov/pubmed/?term=29499272,"7-ethyl-n,n-diallyltryptamine",7-Et-DALT,2691.0,False,5.570086302236246
71559,5-HT1E,HTR1E,12653,"7-ethyl-N,N-diallyltryptamine",,,,3H-5HT,HUMAN,CLONED,>,10000.0,Klein LM et al 2018,https://www.ncbi.nlm.nih.gov/pubmed/?term=29499272,"7-ethyl-n,n-diallyltryptamine",7-Et-DALT,10000.0,True,5.0
71560,5-HT2A,HTR2A,12653,"7-ethyl-N,N-diallyltryptamine",,,,125I-DOI,HUMAN,CLONED,,1515.0,Klein LM et al 2018,https://www.ncbi.nlm.nih.gov/pubmed/?term=29499272,"7-ethyl-n,n-diallyltryptamine",7-Et-DALT,1515.0,False,5.819587367161676
71561,5-HT2B,HTR2B,12653,"7-ethyl-N,N-diallyltryptamine",,,,3H-LSD,HUMAN,CLONED,,65.0,Klein LM et al 2018,https://www.ncbi.nlm.nih.gov/pubmed/?term=29499272,"7-ethyl-n,n-diallyltryptamine",7-Et-DALT,65.0,False,7.187086643357144
71562,5-HT2C,HTR2C,12653,"7-ethyl-N,N-diallyltryptamine",,,,UNKNOWN,HUMAN,CLONED,,443.0,Klein LM et al 2018,https://www.ncbi.nlm.nih.gov/pubmed/?term=29499272,"7-ethyl-n,n-diallyltryptamine",7-Et-DALT,443.0,False,6.3535962737769305
71564,5-HT6,HTR6,12653,"7-ethyl-N,N-diallyltryptamine",,,,3H-LSD,HUMAN,CLONED,>,10000.0,Klein LM et al 2018,https://www.ncbi.nlm.nih.gov/pubmed/?term=29499272,"7-ethyl-n,n-diallyltryptamine",7-Et-DALT,10000.0,True,5.0
71565,5-HT7,HTR7,12653,"7-ethyl-N,N-diallyltryptamine",,,,3H-LSD,HUMAN,CLONED,>,10000.0,Klein LM et al 2018,https://www.ncbi.nlm.nih.gov/pubmed/?term=29499272,"7-ethyl-n,n-diallyltryptamine",7-Et-DALT,10000.0,True,5.0
72240,5-HT7,HTR7,150,5-Hydroxy Tryptamine,C1=CC2=C(C=C1O)C(=CN2)CCN,50-67-9,58241.0,3H- LSD,? HUMAN,?CLONED,,6.0,Kim Y et al 2016,https://www.ncbi.nlm.nih.gov/pubmed/27475109,5-hydroxy tryptamine,serotonin,6.0,False,8.221848749616356
78867,5-HT1A,HTR1A,12940,"3,4,5-Trimethoxyphenethylamine",,,,3H-WAY100635,HUMAN,CLONED,,1841.0,Ray TS 2010 ,https://www.ncbi.nlm.nih.gov/pubmed/20126400,"3,4,5-trimethoxyphenethylamine",mescaline,1841.0,False,5.734946211495986
78868,5-HT1A,HTR1A,12941,"4-Bromo-2,5-dimethoxyphenethylamine",,,,3H-WAY100635,HUMAN,CLONED,,240.8,Ray TS 2010 ,https://www.ncbi.nlm.nih.gov/pubmed/20126400,"4-bromo-2,5-dimethoxyphenethylamine",2C-B,240.8,False,6.618343517414213
78870,5-HT1A,HTR1A,12942,"4-Hydroxy-N,N-dimethyltryptamine",,,,3H-WAY100635,HUMAN,CLONED,,62.6,Ray TS 2010 ,https://www.ncbi.nlm.nih.gov/pubmed/20126400,"4-hydroxy-n,n-dimethyltryptamine",psilocin,62.6,False,7.20342566678957
78871,5-HT1A,HTR1A,695,"DMT,5-MeO",CN(C)CCC1=CNC2=C1C=C(C=C2)OC,1832,,3H-WAY100635,HUMAN,CLONED,,1.9,Ray TS 2010 ,https://www.ncbi.nlm.nih.gov/pubmed/20126400,"dmt,5-meo",5-MeO-DMT,1.9,False,8.721246399047171
78872,5-HT1A,HTR1A,12943,"4-Ethyl-2,5-dimethoxyphenethylamine",,,,3H-WAY100635,HUMAN,CLONED,,307.3,Ray TS 2010 ,https://www.ncbi.nlm.nih.gov/pubmed/20126400,"4-ethyl-2,5-dimethoxyphenethylamine",2C-E,307.3,False,6.512437439743621
78873,5-HT1A,HTR1A,12944,"4-Ethylthio-2,5-dimethoxyphenethylamine",,,,3H-WAY100635,HUMAN,CLONED,,381.2,Ray TS 2010 ,https://www.ncbi.nlm.nih.gov/pubmed/20126400,"4-ethylthio-2,5-dimethoxyphenethylamine",2C-T-2,381.2,False,6.418847108033711
78876,5-HT1A,HTR1A,12947,5-Methoxy-N-methyl-N-isopropyltryptamine,,,,3H-WAY100635,HUMAN,CLONED,,12.3,Ray TS 2010 ,https://www.ncbi.nlm.nih.gov/pubmed/20126400,5-methoxy-n-methyl-n-isopropyltryptamine,5-MeO-MiPT,12.3,False,7.910094888560602
78877,5-HT1A,HTR1A,12948,"N,N-Diisopropyltryptamine",,,,3H-WAY100635,HUMAN,CLONED,,120.5,Ray TS 2010 ,https://www.ncbi.nlm.nih.gov/pubmed/20126400,"n,n-diisopropyltryptamine",DiPT,120.5,False,6.919012953089113
78878,5-HT1A,HTR1A,12949,"5-Methoxy-N,N-diisopropyltryptamine",,,,3H-WAY100635,HUMAN,CLONED,,132.4,Ray TS 2010 ,https://www.ncbi.nlm.nih.gov/pubmed/20126400,"5-methoxy-n,n-diisopropyltryptamine",5-MeO-DiPT,132.4,False,6.878112014896319
78879,5-HT1A,HTR1A,12950,"N,N-Dipropyltryptamine",,,,3H-WAY100635,HUMAN,CLONED,,31.8,Ray TS 2010 ,https://www.ncbi.nlm.nih.gov/pubmed/20126400,"n,n-dipropyltryptamine",DPT,31.8,False,7.497572880015567
78881,5-HT1A,HTR1A,12952,"6-Fluoro-N,N-dimethyltryptamine",,,,3H-WAY100635,HUMAN,CLONED,,392.6,Ray TS 2010 ,https://www.ncbi.nlm.nih.gov/pubmed/20126400,"6-fluoro-n,n-dimethyltryptamine",6-F-DMT,392.6,False,6.406049704736013
78900,5-HT1B,HTR1B,12940,"3,4,5-Trimethoxyphenethylamine",,,,3H-5-CT,HUMAN,CLONED,>,10000.0,Ray TS 2010 ,https://www.ncbi.nlm.nih.gov/pubmed/20126400,"3,4,5-trimethoxyphenethylamine",mescaline,10000.0,True,5.0
78901,5-HT1B,HTR1B,12941,"4-Bromo-2,5-dimethoxyphenethylamine",,,,3H-5-CT,HUMAN,CLONED,,104.4,Ray TS 2010 ,https://www.ncbi.nlm.nih.gov/pubmed/20126400,"4-bromo-2,5-dimethoxyphenethylamine",2C-B,104.4,False,6.981299501333757
78903,5-HT1B,HTR1B,12942,"4-Hydroxy-N,N-dimethyltryptamine",,,,3H-5-CT,HUMAN,CLONED,,305.0,Ray TS 2010 ,https://www.ncbi.nlm.nih.gov/pubmed/20126400,"4-hydroxy-n,n-dimethyltryptamine",psilocin,305.0,False,6.515700160653214
78904,5-HT1B,HTR1B,695,"DMT,5-MeO",CN(C)CCC1=CNC2=C1C=C(C=C2)OC,1832,,3H-5-CT,HUMAN,CLONED,,74.0,Ray TS 2010 ,https://www.ncbi.nlm.nih.gov/pubmed/20126400,"dmt,5-meo",5-MeO-DMT,74.0,False,7.130768280269024
78905,5-HT1B,HTR1B,12943,"4-Ethyl-2,5-dimethoxyphenethylamine",,,,3H-5-CT,HUMAN,CLONED,,252.9,Ray TS 2010 ,https://www.ncbi.nlm.nih.gov/pubmed/20126400,"4-ethyl-2,5-dimethoxyphenethylamine",2C-E,252.9,False,6.597051170655595
78906,5-HT1B,HTR1B,12944,"4-Ethylthio-2,5-dimethoxyphenethylamine",,,,3H-5-CT,HUMAN,CLONED,,857.5,Ray TS 2010 ,https://www.ncbi.nlm.nih.gov/pubmed/20126400,"4-ethylthio-2,5-dimethoxyphenethylamine",2C-T-2,857.5,False,6.066765871285192
78909,5-HT1B,HTR1B,12949,"5-Methoxy-N,N-diisopropyltryptamine",,,,3H-5-CT,HUMAN,CLONED,,5137.0,Ray TS 2010 ,https://www.ncbi.nlm.nih.gov/pubmed/20126400,"5-methoxy-n,n-diisopropyltryptamine",5-MeO-DiPT,5137.0,False,5.289290434275663
78910,5-HT1B,HTR1B,12950,"N,N-Dipropyltryptamine",,,,3H-5-CT,HUMAN,CLONED,,854.4,Ray TS 2010 ,https://www.ncbi.nlm.nih.gov/pubmed/20126400,"n,n-dipropyltryptamine",DPT,854.4,False,6.068338760315519
78912,5-HT1B,HTR1B,12952,"6-Fluoro-N,N-dimethyltryptamine",,,,3H-5-CT,HUMAN,CLONED,,217.7,Ray TS 2010 ,https://www.ncbi.nlm.nih.gov/pubmed/20126400,"6-fluoro-n,n-dimethyltryptamine",6-F-DMT,217.7,False,6.662141570958905
78931,5-HT1D,HTR1D,12940,"3,4,5-Trimethoxyphenethylamine",,,,3H-5-CT,HUMAN,CLONED,>,10000.0,Ray TS 2010 ,https://www.ncbi.nlm.nih.gov/pubmed/20126400,"3,4,5-trimethoxyphenethylamine",mescaline,10000.0,True,5.0
78932,5-HT1D,HTR1D,12941,"4-Bromo-2,5-dimethoxyphenethylamine",,,,3H-5-CT,HUMAN,CLONED,,26.3,Ray TS 2010 ,https://www.ncbi.nlm.nih.gov/pubmed/20126400,"4-bromo-2,5-dimethoxyphenethylamine",2C-B,26.3,False,7.580044251510242
78934,5-HT1D,HTR1D,12942,"4-Hydroxy-N,N-dimethyltryptamine",,,,3H-5-CT,HUMAN,CLONED,,18.6,Ray TS 2010 ,https://www.ncbi.nlm.nih.gov/pubmed/20126400,"4-hydroxy-n,n-dimethyltryptamine",psilocin,18.6,False,7.730487055782084
78935,5-HT1D,HTR1D,695,"DMT,5-MeO",CN(C)CCC1=CNC2=C1C=C(C=C2)OC,1832,,3H-5-CT,HUMAN,CLONED,,6.3,Ray TS 2010 ,https://www.ncbi.nlm.nih.gov/pubmed/20126400,"dmt,5-meo",5-MeO-DMT,6.3,False,8.200659450546418
78936,5-HT1D,HTR1D,12943,"4-Ethyl-2,5-dimethoxyphenethylamine",,,,3H-5-CT,HUMAN,CLONED,,73.2,Ray TS 2010 ,https://www.ncbi.nlm.nih.gov/pubmed/20126400,"4-ethyl-2,5-dimethoxyphenethylamine",2C-E,73.2,False,7.135488918941608
78940,5-HT1D,HTR1D,12947,5-Methoxy-N-methyl-N-isopropyltryptamine,,,,3H-5-CT,HUMAN,CLONED,>,22.5,Ray TS 2010 ,https://www.ncbi.nlm.nih.gov/pubmed/20126400,5-methoxy-n-methyl-n-isopropyltryptamine,5-MeO-MiPT,22.5,True,7.647817481888637
78941,5-HT1D,HTR1D,12948,"N,N-Diisopropyltryptamine",,,,3H-5-CT,HUMAN,CLONED,,3742.0,Ray TS 2010 ,https://www.ncbi.nlm.nih.gov/pubmed/20126400,"n,n-diisopropyltryptamine",DiPT,3742.0,False,5.426896216836009
78942,5-HT1D,HTR1D,12949,"5-Methoxy-N,N-diisopropyltryptamine",,,,3H-5-CT,HUMAN,CLONED,,1718.0,Ray TS 2010 ,https://www.ncbi.nlm.nih.gov/pubmed/20126400,"5-methoxy-n,n-diisopropyltryptamine",5-MeO-DiPT,1718.0,False,5.764976840504776
78943,5-HT1D,HTR1D,12950,"N,N-Dipropyltryptamine",,,,3H-5-CT,HUMAN,CLONED,,618.8,Ray TS 2010 ,https://www.ncbi.nlm.nih.gov/pubmed/20126400,"n,n-dipropyltryptamine",DPT,618.8,False,6.2084496949726695
78945,5-HT1D,HTR1D,12952,"6-Fluoro-N,N-dimethyltryptamine",,,,3H-5-CT,HUMAN,CLONED,,55.4,Ray TS 2010 ,https://www.ncbi.nlm.nih.gov/pubmed/20126400,"6-fluoro-n,n-dimethyltryptamine",6-F-DMT,55.4,False,7.2564902352715706
78964,5-HT1E,HTR1E,12940,"3,4,5-Trimethoxyphenethylamine",,,,3H-5-HT,HUMAN,CLONED,,5205.0,Ray TS 2010 ,https://www.ncbi.nlm.nih.gov/pubmed/20126400,"3,4,5-trimethoxyphenethylamine",mescaline,5205.0,False,5.2835792661534455
78965,5-HT1E,HTR1E,12941,"4-Bromo-2,5-dimethoxyphenethylamine",,,,3H-5-HT,HUMAN,CLONED,,119.5,Ray TS 2010 ,https://www.ncbi.nlm.nih.gov/pubmed/20126400,"4-bromo-2,5-dimethoxyphenethylamine",2C-B,119.5,False,6.922632094715844
78967,5-HT1E,HTR1E,12942,"4-Hydroxy-N,N-dimethyltryptamine",,,,3H-5-HT,HUMAN,CLONED,,44.3,Ray TS 2010 ,https://www.ncbi.nlm.nih.gov/pubmed/20126400,"4-hydroxy-n,n-dimethyltryptamine",psilocin,44.3,False,7.3535962737769305
78968,5-HT1E,HTR1E,695,"DMT,5-MeO",CN(C)CCC1=CNC2=C1C=C(C=C2)OC,1832,,3H-5-HT,HUMAN,CLONED,,360.2,Ray TS 2010 ,https://www.ncbi.nlm.nih.gov/pubmed/20126400,"dmt,5-meo",5-MeO-DMT,360.2,False,6.443456291516485
78969,5-HT1E,HTR1E,12943,"4-Ethyl-2,5-dimethoxyphenethylamine",,,,3H-5-HT,HUMAN,CLONED,,626.3,Ray TS 2010 ,https://www.ncbi.nlm.nih.gov/pubmed/20126400,"4-ethyl-2,5-dimethoxyphenethylamine",2C-E,626.3,False,6.203217588298692
78970,5-HT1E,HTR1E,12944,"4-Ethylthio-2,5-dimethoxyphenethylamine",,,,3H-5-HT,HUMAN,CLONED,,415.1,Ray TS 2010 ,https://www.ncbi.nlm.nih.gov/pubmed/20126400,"4-ethylthio-2,5-dimethoxyphenethylamine",2C-T-2,415.1,False,6.381847266621481
78973,5-HT1E,HTR1E,12947,5-Methoxy-N-methyl-N-isopropyltryptamine,,,,3H-5-HT,HUMAN,CLONED,,3496.0,Ray TS 2010 ,https://www.ncbi.nlm.nih.gov/pubmed/20126400,5-methoxy-n-methyl-n-isopropyltryptamine,5-MeO-MiPT,3496.0,False,5.456428576037634
78974,5-HT1E,HTR1E,12948,"N,N-Diisopropyltryptamine",,,,3H-5-HT,HUMAN,CLONED,>,10000.0,Ray TS 2010 ,https://www.ncbi.nlm.nih.gov/pubmed/20126400,"n,n-diisopropyltryptamine",DiPT,10000.0,True,5.0
78975,5-HT1E,HTR1E,12949,"5-Methoxy-N,N-diisopropyltryptamine",,,,3H-5-HT,HUMAN,CLONED,>,10000.0,Ray TS 2010 ,https://www.ncbi.nlm.nih.gov/pubmed/20126400,"5-methoxy-n,n-diisopropyltryptamine",5-MeO-DiPT,10000.0,True,5.0
78976,5-HT1E,HTR1E,12950,"N,N-Dipropyltryptamine",,,,3H-5-HT,HUMAN,CLONED,,2338.0,Ray TS 2010 ,https://www.ncbi.nlm.nih.gov/pubmed/20126400,"n,n-dipropyltryptamine",DPT,2338.0,False,5.6311554931741785
78977,5-HT1E,HTR1E,12944,"4-Ethylthio-2,5-dimethoxyphenethylamine",,,,3H-5-HT,HUMAN,CLONED,,9879.0,Ray TS 2010 ,https://www.ncbi.nlm.nih.gov/pubmed/20126400,"4-ethylthio-2,5-dimethoxyphenethylamine",2C-T-2,9879.0,False,5.005287014568429
78978,5-HT1E,HTR1E,12952,"6-Fluoro-N,N-dimethyltryptamine",,,,3H-5-HT,HUMAN,CLONED,,460.8,Ray TS 2010 ,https://www.ncbi.nlm.nih.gov/pubmed/20126400,"6-fluoro-n,n-dimethyltryptamine",6-F-DMT,460.8,False,6.336487529584844
78996,5-HT2A,HTR2A,12940,"3,4,5-Trimethoxyphenethylamine",,,,3H-KETANSERIN,HUMAN,CLONED,>,10000.0,Ray TS 2010 ,https://www.ncbi.nlm.nih.gov/pubmed/20126400,"3,4,5-trimethoxyphenethylamine",mescaline,10000.0,True,5.0
78997,5-HT2A,HTR2A,12941,"4-Bromo-2,5-dimethoxyphenethylamine",,,,3H-KETANSERIN,HUMAN,CLONED,,27.6,Ray TS 2010 ,https://www.ncbi.nlm.nih.gov/pubmed/20126400,"4-bromo-2,5-dimethoxyphenethylamine",2C-B,27.6,False,7.559090917934782
78999,5-HT2A,HTR2A,12942,"4-Hydroxy-N,N-dimethyltryptamine",,,,3H-KETANSERIN,HUMAN,CLONED,,339.6,Ray TS 2010 ,https://www.ncbi.nlm.nih.gov/pubmed/20126400,"4-hydroxy-n,n-dimethyltryptamine",psilocin,339.6,False,6.469032318428085
79000,5-HT2A,HTR2A,695,"DMT,5-MeO",CN(C)CCC1=CNC2=C1C=C(C=C2)OC,1832,,3H-KETANSERIN,HUMAN,CLONED,,2011.0,Ray TS 2010 ,https://www.ncbi.nlm.nih.gov/pubmed/20126400,"dmt,5-meo",5-MeO-DMT,2011.0,False,5.6965879294032575
79001,5-HT2A,HTR2A,12943,"4-Ethyl-2,5-dimethoxyphenethylamine",,,,3H-KETANSERIN,HUMAN,CLONED,,43.9,Ray TS 2010 ,https://www.ncbi.nlm.nih.gov/pubmed/20126400,"4-ethyl-2,5-dimethoxyphenethylamine",2C-E,43.9,False,7.357535479757878
79002,5-HT2A,HTR2A,12944,"4-Ethylthio-2,5-dimethoxyphenethylamine",,,,3H-KETANSERIN,HUMAN,CLONED,,39.9,Ray TS 2010 ,https://www.ncbi.nlm.nih.gov/pubmed/20126400,"4-ethylthio-2,5-dimethoxyphenethylamine",2C-T-2,39.9,False,7.399027104313252
79005,5-HT2A,HTR2A,12947,5-Methoxy-N-methyl-N-isopropyltryptamine,,,,3H-KETANSERIN,HUMAN,CLONED,,448.3,Ray TS 2010 ,https://www.ncbi.nlm.nih.gov/pubmed/20126400,5-methoxy-n-methyl-n-isopropyltryptamine,5-MeO-MiPT,448.3,False,6.348431261134208
79006,5-HT2A,HTR2A,12948,"N,N-Diisopropyltryptamine",,,,3H-KETANSERIN,HUMAN,CLONED,>,10000.0,Ray TS 2010 ,https://www.ncbi.nlm.nih.gov/pubmed/20126400,"n,n-diisopropyltryptamine",DiPT,10000.0,True,5.0
79007,5-HT2A,HTR2A,12949,"5-Methoxy-N,N-diisopropyltryptamine",,,,3H-KETANSERIN,HUMAN,CLONED,>,10000.0,Ray TS 2010 ,https://www.ncbi.nlm.nih.gov/pubmed/20126400,"5-methoxy-n,n-diisopropyltryptamine",5-MeO-DiPT,10000.0,True,5.0
79008,5-HT2A,HTR2A,12950,"N,N-Dipropyltryptamine",,,,3H-KETANSERIN,HUMAN,CLONED,,2579.0,Ray TS 2010 ,https://www.ncbi.nlm.nih.gov/pubmed/20126400,"n,n-dipropyltryptamine",DPT,2579.0,False,5.588548657862063
79010,5-HT2A,HTR2A,12952,"6-Fluoro-N,N-dimethyltryptamine",,,,3H-KETANSERIN,HUMAN,CLONED,,866.0,Ray TS 2010 ,https://www.ncbi.nlm.nih.gov/pubmed/20126400,"6-fluoro-n,n-dimethyltryptamine",6-F-DMT,866.0,False,6.062482107982653
79030,5-HT2B,HTR2B,12941,"4-Bromo-2,5-dimethoxyphenethylamine",,,,3H-LSD,HUMAN,CLONED,,13.5,Ray TS 2010 ,https://www.ncbi.nlm.nih.gov/pubmed/20126400,"4-bromo-2,5-dimethoxyphenethylamine",2C-B,13.5,False,7.8696662315049934
79032,5-HT2B,HTR2B,12942,"4-Hydroxy-N,N-dimethyltryptamine",,,,3H-LSD,HUMAN,CLONED,,4.7,Ray TS 2010 ,https://www.ncbi.nlm.nih.gov/pubmed/20126400,"4-hydroxy-n,n-dimethyltryptamine",psilocin,4.7,False,8.327902142064282
79033,5-HT2B,HTR2B,695,"DMT,5-MeO",CN(C)CCC1=CNC2=C1C=C(C=C2)OC,1832,,3H-LSD,HUMAN,CLONED,,3884.0,Ray TS 2010 ,https://www.ncbi.nlm.nih.gov/pubmed/20126400,"dmt,5-meo",5-MeO-DMT,3884.0,False,5.410720778764032
79034,5-HT2B,HTR2B,12943,"4-Ethyl-2,5-dimethoxyphenethylamine",,,,3H-LSD,HUMAN,CLONED,,25.1,Ray TS 2010 ,https://www.ncbi.nlm.nih.gov/pubmed/20126400,"4-ethyl-2,5-dimethoxyphenethylamine",2C-E,25.1,False,7.600326278518962
79035,5-HT2B,HTR2B,12944,"4-Ethylthio-2,5-dimethoxyphenethylamine",,,,3H-LSD,HUMAN,CLONED,,6.0,Ray TS 2010 ,https://www.ncbi.nlm.nih.gov/pubmed/20126400,"4-ethylthio-2,5-dimethoxyphenethylamine",2C-T-2,6.0,False,8.221848749616356
79038,5-HT2B,HTR2B,12947,5-Methoxy-N-methyl-N-isopropyltryptamine,,,,3H-LSD,HUMAN,CLONED,,58.5,Ray TS 2010 ,https://www.ncbi.nlm.nih.gov/pubmed/20126400,5-methoxy-n-methyl-n-isopropyltryptamine,5-MeO-MiPT,58.5,False,7.232844133917819
79039,5-HT2B,HTR2B,12948,"N,N-Diisopropyltryptamine",,,,3H-LSD,HUMAN,CLONED,,398.5,Ray TS 2010 ,https://www.ncbi.nlm.nih.gov/pubmed/20126400,"n,n-diisopropyltryptamine",DiPT,398.5,False,6.399571674267869
79040,5-HT2B,HTR2B,12949,"5-Methoxy-N,N-diisopropyltryptamine",,,,3H-LSD,HUMAN,CLONED,,163.0,Ray TS 2010 ,https://www.ncbi.nlm.nih.gov/pubmed/20126400,"5-methoxy-n,n-diisopropyltryptamine",5-MeO-DiPT,163.0,False,6.787812395596042
79041,5-HT2B,HTR2B,12950,"N,N-Dipropyltryptamine",,,,3H-LSD,HUMAN,CLONED,,42.0,Ray TS 2010 ,https://www.ncbi.nlm.nih.gov/pubmed/20126400,"n,n-dipropyltryptamine",DPT,42.0,False,7.376750709602099
79043,5-HT2B,HTR2B,12952,"6-Fluoro-N,N-dimethyltryptamine",,,,3H-LSD,HUMAN,CLONED,,29.8,Ray TS 2010 ,https://www.ncbi.nlm.nih.gov/pubmed/20126400,"6-fluoro-n,n-dimethyltryptamine",6-F-DMT,29.8,False,7.525783735923745
79060,5-HT2C,HTR2C,12940,"3,4,5-Trimethoxyphenethylamine",,,,3H-MESULERGINE,HUMAN,CLONED,>,10000.0,Ray TS 2010 ,https://www.ncbi.nlm.nih.gov/pubmed/20126400,"3,4,5-trimethoxyphenethylamine",mescaline,10000.0,True,5.0
79061,5-HT2C,HTR2C,12941,"4-Bromo-2,5-dimethoxyphenethylamine",,,,3H-MESULERGINE,HUMAN,CLONED,,89.5,Ray TS 2010 ,https://www.ncbi.nlm.nih.gov/pubmed/20126400,"4-bromo-2,5-dimethoxyphenethylamine",2C-B,89.5,False,7.048176964684088
79063,5-HT2C,HTR2C,12942,"4-Hydroxy-N,N-dimethyltryptamine",,,,3H-MESULERGINE,HUMAN,CLONED,,141.2,Ray TS 2010 ,https://www.ncbi.nlm.nih.gov/pubmed/20126400,"4-hydroxy-n,n-dimethyltryptamine",psilocin,141.2,False,6.850165303284215
79064,5-HT2C,HTR2C,695,"DMT,5-MeO",CN(C)CCC1=CNC2=C1C=C(C=C2)OC,1832,,3H-MESULERGINE,HUMAN,CLONED,,538.0,Ray TS 2010 ,https://www.ncbi.nlm.nih.gov/pubmed/20126400,"dmt,5-meo",5-MeO-DMT,538.0,False,6.269217724333611
79065,5-HT2C,HTR2C,12943,"4-Ethyl-2,5-dimethoxyphenethylamine",,,,3H-MESULERGINE,HUMAN,CLONED,,104.1,Ray TS 2010 ,https://www.ncbi.nlm.nih.gov/pubmed/20126400,"4-ethyl-2,5-dimethoxyphenethylamine",2C-E,104.1,False,6.982549270489464
79066,5-HT2C,HTR2C,12944,"4-Ethylthio-2,5-dimethoxyphenethylamine",,,,3H-MESULERGINE,HUMAN,CLONED,,53.9,Ray TS 2010 ,https://www.ncbi.nlm.nih.gov/pubmed/20126400,"4-ethylthio-2,5-dimethoxyphenethylamine",2C-T-2,53.9,False,7.268411234813261
79069,5-HT2C,HTR2C,12947,5-Methoxy-N-methyl-N-isopropyltryptamine,,,,3H-MESULERGINE,HUMAN,CLONED,,2186.0,Ray TS 2010 ,https://www.ncbi.nlm.nih.gov/pubmed/20126400,5-methoxy-n-methyl-n-isopropyltryptamine,5-MeO-MiPT,2186.0,False,5.6603498423863154
79070,5-HT2C,HTR2C,12948,"N,N-Diisopropyltryptamine",,,,3H-MESULERGINE,HUMAN,CLONED,>,10000.0,Ray TS 2010 ,https://www.ncbi.nlm.nih.gov/pubmed/20126400,"n,n-diisopropyltryptamine",DiPT,10000.0,True,5.0
79072,5-HT2C,HTR2C,12950,"N,N-Dipropyltryptamine",,,,3H-MESULERGINE,HUMAN,CLONED,,1567.0,Ray TS 2010 ,https://www.ncbi.nlm.nih.gov/pubmed/20126400,"n,n-dipropyltryptamine",DPT,1567.0,False,5.80493100353141
79073,5-HT2C,HTR2C,12952,"6-Fluoro-N,N-dimethyltryptamine",,,,3H-MESULERGINE,HUMAN,CLONED,,674.2,Ray TS 2010 ,https://www.ncbi.nlm.nih.gov/pubmed/20126400,"6-fluoro-n,n-dimethyltryptamine",6-F-DMT,674.2,False,6.171211251815047
79122,5-HT6,HTR6,12940,"3,4,5-Trimethoxyphenethylamine",,,,3H-LSD,HUMAN,CLONED,>,10000.0,Ray TS 2010 ,https://www.ncbi.nlm.nih.gov/pubmed/20126400,"3,4,5-trimethoxyphenethylamine",mescaline,10000.0,True,5.0
79123,5-HT6,HTR6,12941,"4-Bromo-2,5-dimethoxyphenethylamine",,,,3H-LSD,HUMAN,CLONED,,319.9,Ray TS 2010 ,https://www.ncbi.nlm.nih.gov/pubmed/20126400,"4-bromo-2,5-dimethoxyphenethylamine",2C-B,319.9,False,6.4949857599158936
79125,5-HT6,HTR6,12942,"4-Hydroxy-N,N-dimethyltryptamine",,,,3H-LSD,HUMAN,CLONED,,71.7,Ray TS 2010 ,https://www.ncbi.nlm.nih.gov/pubmed/20126400,"4-hydroxy-n,n-dimethyltryptamine",psilocin,71.7,False,7.1444808443322
79126,5-HT6,HTR6,695,"DMT,5-MeO",CN(C)CCC1=CNC2=C1C=C(C=C2)OC,1832,,3H-LSD,HUMAN,CLONED,,35.5,Ray TS 2010 ,https://www.ncbi.nlm.nih.gov/pubmed/20126400,"dmt,5-meo",5-MeO-DMT,35.5,False,7.449771646944906
79127,5-HT6,HTR6,12943,"4-Ethyl-2,5-dimethoxyphenethylamine",,,,3H-LSD,HUMAN,CLONED,,2971.0,Ray TS 2010 ,https://www.ncbi.nlm.nih.gov/pubmed/20126400,"4-ethyl-2,5-dimethoxyphenethylamine",2C-E,2971.0,False,5.527097348196336
79128,5-HT6,HTR6,12944,"4-Ethylthio-2,5-dimethoxyphenethylamine",,,,3H-LSD,HUMAN,CLONED,,1362.0,Ray TS 2010 ,https://www.ncbi.nlm.nih.gov/pubmed/20126400,"4-ethylthio-2,5-dimethoxyphenethylamine",2C-T-2,1362.0,False,5.865822892423234
79131,5-HT6,HTR6,12947,5-Methoxy-N-methyl-N-isopropyltryptamine,,,,3H-LSD,HUMAN,CLONED,,130.2,Ray TS 2010 ,https://www.ncbi.nlm.nih.gov/pubmed/20126400,5-methoxy-n-methyl-n-isopropyltryptamine,5-MeO-MiPT,130.2,False,6.885389015767827
79132,5-HT6,HTR6,12948,"N,N-Diisopropyltryptamine",,,,3H-LSD,HUMAN,CLONED,>,10000.0,Ray TS 2010 ,https://www.ncbi.nlm.nih.gov/pubmed/20126400,"n,n-diisopropyltryptamine",DiPT,10000.0,True,5.0
79133,5-HT6,HTR6,12949,"5-Methoxy-N,N-diisopropyltryptamine",,,,3H-LSD,HUMAN,CLONED,>,10000.0,Ray TS 2010 ,https://www.ncbi.nlm.nih.gov/pubmed/20126400,"5-methoxy-n,n-diisopropyltryptamine",5-MeO-DiPT,10000.0,True,5.0
79134,5-HT6,HTR6,12950,"N,N-Dipropyltryptamine",,,,3H-LSD,HUMAN,CLONED,,4543.0,Ray TS 2010 ,https://www.ncbi.nlm.nih.gov/pubmed/20126400,"n,n-dipropyltryptamine",DPT,4543.0,False,5.342657263185374
79136,5-HT6,HTR6,12952,"6-Fluoro-N,N-dimethyltryptamine",,,,3H-LSD,HUMAN,CLONED,,25.6,Ray TS 2010 ,https://www.ncbi.nlm.nih.gov/pubmed/20126400,"6-fluoro-n,n-dimethyltryptamine",6-F-DMT,25.6,False,7.59176003468815
79153,5-HT7,HTR7,12940,"3,4,5-Trimethoxyphenethylamine",,,,3H-LSD,HUMAN,CLONED,>,10000.0,Ray TS 2010 ,https://www.ncbi.nlm.nih.gov/pubmed/20126400,"3,4,5-trimethoxyphenethylamine",mescaline,10000.0,True,5.0
79154,5-HT7,HTR7,12941,"4-Bromo-2,5-dimethoxyphenethylamine",,,,3H-LSD,HUMAN,CLONED,,209.5,Ray TS 2010 ,https://www.ncbi.nlm.nih.gov/pubmed/20126400,"4-bromo-2,5-dimethoxyphenethylamine",2C-B,209.5,False,6.678815972697686
79156,5-HT7,HTR7,12942,"4-Hydroxy-N,N-dimethyltryptamine",,,,3H-LSD,HUMAN,CLONED,,71.6,Ray TS 2010 ,https://www.ncbi.nlm.nih.gov/pubmed/20126400,"4-hydroxy-n,n-dimethyltryptamine",psilocin,71.6,False,7.145086977692144
79157,5-HT7,HTR7,695,"DMT,5-MeO",CN(C)CCC1=CNC2=C1C=C(C=C2)OC,1832,,3H-LSD,HUMAN,CLONED,,3.9,Ray TS 2010 ,https://www.ncbi.nlm.nih.gov/pubmed/20126400,"dmt,5-meo",5-MeO-DMT,3.9,False,8.4089353929735
79158,5-HT7,HTR7,12943,"4-Ethyl-2,5-dimethoxyphenethylamine",,,,3H-LSD,HUMAN,CLONED,,425.6,Ray TS 2010 ,https://www.ncbi.nlm.nih.gov/pubmed/20126400,"4-ethyl-2,5-dimethoxyphenethylamine",2C-E,425.6,False,6.370998380713008
79159,5-HT7,HTR7,12944,"4-Ethylthio-2,5-dimethoxyphenethylamine",,,,3H-LSD,HUMAN,CLONED,,968.7,Ray TS 2010 ,https://www.ncbi.nlm.nih.gov/pubmed/20126400,"4-ethylthio-2,5-dimethoxyphenethylamine",2C-T-2,968.7,False,6.013810700263176
79162,5-HT7,HTR7,12947,5-Methoxy-N-methyl-N-isopropyltryptamine,,,,3H-LSD,HUMAN,CLONED,,19.8,Ray TS 2010 ,https://www.ncbi.nlm.nih.gov/pubmed/20126400,5-methoxy-n-methyl-n-isopropyltryptamine,5-MeO-MiPT,19.8,False,7.703334809738469
79163,5-HT7,HTR7,12948,"N,N-Diisopropyltryptamine",,,,3H-LSD,HUMAN,CLONED,,3423.0,Ray TS 2010 ,https://www.ncbi.nlm.nih.gov/pubmed/20126400,"n,n-diisopropyltryptamine",DiPT,3423.0,False,5.465593100862122
79164,5-HT7,HTR7,12949,"5-Methoxy-N,N-diisopropyltryptamine",,,,3H-LSD,HUMAN,CLONED,,1231.0,Ray TS 2010 ,https://www.ncbi.nlm.nih.gov/pubmed/20126400,"5-methoxy-n,n-diisopropyltryptamine",5-MeO-DiPT,1231.0,False,5.909741947068683
79165,5-HT7,HTR7,12950,"N,N-Dipropyltryptamine",,,,3H-LSD,HUMAN,CLONED,,283.9,Ray TS 2010 ,https://www.ncbi.nlm.nih.gov/pubmed/20126400,"n,n-dipropyltryptamine",DPT,283.9,False,6.546834607474143
79167,5-HT7,HTR7,12952,"6-Fluoro-N,N-dimethyltryptamine",,,,3H-LSD,HUMAN,CLONED,,40.8,Ray TS 2010 ,https://www.ncbi.nlm.nih.gov/pubmed/20126400,"6-fluoro-n,n-dimethyltryptamine",6-F-DMT,40.8,False,7.3893398369101195
80046,5-HT3,HTR3A,12940,"3,4,5-Trimethoxyphenethylamine",,,,3H-GR-65630,HUMAN,CLONED,>,10000.0,Ray TS 2010 ,https://www.ncbi.nlm.nih.gov/pubmed/20126400,"3,4,5-trimethoxyphenethylamine",mescaline,10000.0,True,5.0
80047,5-HT3,HTR3A,12941,"4-Bromo-2,5-dimethoxyphenethylamine",,,,3H-GR-65630,HUMAN,CLONED,>,10000.0,Ray TS 2010 ,https://www.ncbi.nlm.nih.gov/pubmed/20126400,"4-bromo-2,5-dimethoxyphenethylamine",2C-B,10000.0,True,5.0
80049,5-HT3,HTR3A,12942,"4-Hydroxy-N,N-dimethyltryptamine",,,,3H-GR-65630,HUMAN,CLONED,>,10000.0,Ray TS 2010 ,https://www.ncbi.nlm.nih.gov/pubmed/20126400,"4-hydroxy-n,n-dimethyltryptamine",psilocin,10000.0,True,5.0
80050,5-HT3,HTR3A,695,"DMT,5-MeO",CN(C)CCC1=CNC2=C1C=C(C=C2)OC,1832,,3H-GR-65630,HUMAN,CLONED,>,10000.0,Ray TS 2010 ,https://www.ncbi.nlm.nih.gov/pubmed/20126400,"dmt,5-meo",5-MeO-DMT,10000.0,True,5.0
80051,5-HT3,HTR3A,12943,"4-Ethyl-2,5-dimethoxyphenethylamine",,,,3H-GR-65630,HUMAN,CLONED,>,10000.0,Ray TS 2010 ,https://www.ncbi.nlm.nih.gov/pubmed/20126400,"4-ethyl-2,5-dimethoxyphenethylamine",2C-E,10000.0,True,5.0
80052,5-HT3,HTR3A,12944,"4-Ethylthio-2,5-dimethoxyphenethylamine",,,,3H-GR-65630,HUMAN,CLONED,>,10000.0,Ray TS 2010 ,https://www.ncbi.nlm.nih.gov/pubmed/20126400,"4-ethylthio-2,5-dimethoxyphenethylamine",2C-T-2,10000.0,True,5.0
80055,5-HT3,HTR3A,12947,5-Methoxy-N-methyl-N-isopropyltryptamine,,,,3H-GR-65630,HUMAN,CLONED,>,10000.0,Ray TS 2010 ,https://www.ncbi.nlm.nih.gov/pubmed/20126400,5-methoxy-n-methyl-n-isopropyltryptamine,5-MeO-MiPT,10000.0,True,5.0
80056,5-HT3,HTR3A,12948,"N,N-Diisopropyltryptamine",,,,3H-GR-65630,HUMAN,CLONED,>,10000.0,Ray TS 2010 ,https://www.ncbi.nlm.nih.gov/pubmed/20126400,"n,n-diisopropyltryptamine",DiPT,10000.0,True,5.0
80057,5-HT3,HTR3A,12949,"5-Methoxy-N,N-diisopropyltryptamine",,,,3H-GR-65630,HUMAN,CLONED,>,10000.0,Ray TS 2010 ,https://www.ncbi.nlm.nih.gov/pubmed/20126400,"5-methoxy-n,n-diisopropyltryptamine",5-MeO-DiPT,10000.0,True,5.0
80058,5-HT3,HTR3A,12950,"N,N-Dipropyltryptamine",,,,3H-GR-65630,HUMAN,CLONED,>,10000.0,Ray TS 2010 ,https://www.ncbi.nlm.nih.gov/pubmed/20126400,"n,n-dipropyltryptamine",DPT,10000.0,True,5.0
80060,5-HT3,HTR3A,12952,"6-Fluoro-N,N-dimethyltryptamine",,,,3H-GR-65630,HUMAN,CLONED,>,10000.0,Ray TS 2010 ,https://www.ncbi.nlm.nih.gov/pubmed/20126400,"6-fluoro-n,n-dimethyltryptamine",6-F-DMT,10000.0,True,5.0
83197,5-HT2C,HTR2C,150,5-Hydroxy Tryptamine,C1=CC2=C(C=C1O)C(=CN2)CCN,50-67-9,58241.0,125I-DOI,HUMAN,CLONED,,4.31,Janowsky A et al 2014,https://pubmed.ncbi.nlm.nih.gov/24488404/,5-hydroxy tryptamine,serotonin,4.31,False,8.365522729839268
83198,5-HT2A,HTR2A,150,5-Hydroxy Tryptamine,C1=CC2=C(C=C1O)C(=CN2)CCN,50-67-9,58241.0,125I-DOI,HUMAN,CLONED,,9.1,Janowsky A et al 2014,https://pubmed.ncbi.nlm.nih.gov/24488404/,5-hydroxy tryptamine,serotonin,9.1,False,8.040958607678906
83199,5-HT1A,HTR1A,150,5-Hydroxy Tryptamine,C1=CC2=C(C=C1O)C(=CN2)CCN,50-67-9,58241.0,3H-8-OH-DPAT,HUMAN,CLONED,,2.67,Janowsky A et al 2014,https://pubmed.ncbi.nlm.nih.gov/24488404/,5-hydroxy tryptamine,serotonin,2.67,False,8.573488738635424
83221,5-HT2A,HTR2A,150,5-Hydroxy Tryptamine,C1=CC2=C(C=C1O)C(=CN2)CCN,50-67-9,58241.0,125I-DOI,HUMAN,CLONED,,3.734,Janowsky A et al 2014,https://pubmed.ncbi.nlm.nih.gov/24488404/,5-hydroxy tryptamine,serotonin,3.734,False,8.42782568638694
83238,5-HT2A,HTR2A,150,5-Hydroxy Tryptamine,C1=CC2=C(C=C1O)C(=CN2)CCN,50-67-9,58241.0,3H-KETANSERIN,HUMAN,CLONED,,12.6,Janowsky A et al 2014,https://pubmed.ncbi.nlm.nih.gov/24488404/,5-hydroxy tryptamine,serotonin,12.6,False,7.899629454882437
89975,5-HT1A,HTR1A,12941,"4-Bromo-2,5-dimethoxyphenethylamine",,,,3H-8-OH-DPAT,HUMAN,CLONED,,240.0,Rickli A et al 2015,https://www.ncbi.nlm.nih.gov/pubmed/26318099,"4-bromo-2,5-dimethoxyphenethylamine",2C-B,240.0,False,6.619788758288394
90000,5-HT2A,HTR2A,12941,"4-Bromo-2,5-dimethoxyphenethylamine",,,,3H-KETANSERIN,HUMAN,CLONED,,8.6,Rickli A et al 2015,https://www.ncbi.nlm.nih.gov/pubmed/26318099,"4-bromo-2,5-dimethoxyphenethylamine",2C-B,8.6,False,8.065501548756432
90004,5-HT2A,HTR2A,14691,"2,5-dimethoxyphenethylamin",,,,3H-KETANSERIN,HUMAN,CLONED,,1600.0,Rickli A et al 2015,https://www.ncbi.nlm.nih.gov/pubmed/26318099,"2,5-dimethoxyphenethylamin",2C-H,1600.0,False,5.795880017344075
90025,5-HT2C,HTR2C,12941,"4-Bromo-2,5-dimethoxyphenethylamine",,,,3H-MESULERGINE,HUMAN,CLONED,,47.0,Rickli A et al 2015,https://www.ncbi.nlm.nih.gov/pubmed/26318099,"4-bromo-2,5-dimethoxyphenethylamine",2C-B,47.0,False,7.327902142064282
93822,5-HT1A,HTR1A,150,5-Hydroxy Tryptamine,C1=CC2=C(C=C1O)C(=CN2)CCN,50-67-9,58241.0,3H-8-OH-DPAT,HUMAN,CLONED,,5.5,Wrobel MZ et al 2019,https://pubmed.ncbi.nlm.nih.gov/31586817/,5-hydroxy tryptamine,serotonin,5.5,False,8.259637310505756
93895,5-HT1A,HTR1A,150,5-Hydroxy Tryptamine,C1=CC2=C(C=C1O)C(=CN2)CCN,50-67-9,58241.0,3H-8-OH-DPAT,HUMAN,CLONED,,3.0,Slifirski G et al 2019,https://pubmed.ncbi.nlm.nih.gov/30703658/,5-hydroxy tryptamine,serotonin,3.0,False,8.522878745280337
