number,name,unigene,ligandid,ligandname,smiles,cas,nsc,hotligand,species,source,kinote,kival,reference,link,ligandname_lower
258,5-HT1A,HTR1A,692,DMT,CN(C)CCC1=CNC2=CC=CC=C21,61-50-7,63795.0,3H-8-OH-DPAT,HUMAN,CORTEX,,119.51,"PIERCE & PEROUTKA, 1989",,dmt
260,5-HT1A,HTR1A,692,DMT,CN(C)CCC1=CNC2=CC=CC=C21,61-50-7,63795.0,3H-8-OH-DPAT,BOVINE,HIPPOCAMPUS,,140.74,"PEROUTKA, 1985",,dmt
261,5-HT1A,HTR1A,692,DMT,CN(C)CCC1=CNC2=CC=CC=C21,61-50-7,63795.0,3H-8-OH-DPAT,RAT,CORTEX,,245.0,"TAYLOR ET AL,. 1987",,dmt
262,5-HT1A,HTR1A,706,DOB,CC(CC1=CC(=C(C=C1OC)Br)OC)N,32156-26-6,,3H-8-OH-DPAT,RAT,HIPPOCAMPUS,,3770.0,"TITELER ET AL., 1988",,dob
264,5-HT1A,HTR1A,706,DOB,CC(CC1=CC(=C(C=C1OC)Br)OC)N,32156-26-6,,3H-8-OH-DPAT,HUMAN,CORTEX,,6326.73,"PIERCE & PEROUTKA, 1989",,dob
265,5-HT1A,HTR1A,706,DOB,CC(CC1=CC(=C(C=C1OC)Br)OC)N,32156-26-6,,3H-8-OH-DPAT,RAT,HIPPOCAMPUS,,3770.0,"TITELER ET AL., 1987",,dob
269,5-HT1A,HTR1A,715,DOET,CCC1=CC(=C(C=C1OC)CC(C)N)OC.Cl,22004-32-6,,3H-8-OH-DPAT,RAT,HIPPOCAMPUS,,3930.0,"TITELER ET AL., 1988",,doet
270,5-HT1A,HTR1A,719,DOI,CC(CC1=CC(=C(C=C1OC)I)OC)N,82830-44-2,,3H-8-OH-DPAT,RAT,HIPPOCAMPUS,,2355.0,"TITELER ET AL., 1988",,doi
348,5-HT1A,HTR1A,1091,LSD,CCN(CC)C(=O)C1CN(C2CC3=CNC4=CC=CC(=C34)C2=C1)C,50-37-3,,3H-8-OH-DPAT,PIG,CORTEX,,2.57,"ENGEL ET AL, 1986",,lsd
351,5-HT1A,HTR1A,1091,LSD,CCN(CC)C(=O)C1CN(C2CC3=CNC4=CC=CC(=C34)C2=C1)C,50-37-3,,3H-8-OH-DPAT,RAT,CORTEX,,1.2,"SCHLEGEL & PEROUTKA, 1986",,lsd
352,5-HT1A,HTR1A,1091,LSD,CCN(CC)C(=O)C1CN(C2CC3=CNC4=CC=CC(=C34)C2=C1)C,50-37-3,,3H-IPSAPIRONE,BOVINE,HIPPOCAMPUS,,0.31,"DOMPERT ET AL., 1985",,lsd
353,5-HT1A,HTR1A,1091,LSD,CCN(CC)C(=O)C1CN(C2CC3=CNC4=CC=CC(=C34)C2=C1)C,50-37-3,,3H-WB4101,HUMAN,CORTEX,,0.64,"WANDER ET AL., 1987",,lsd
354,5-HT1A,HTR1A,1091,LSD,CCN(CC)C(=O)C1CN(C2CC3=CNC4=CC=CC(=C34)C2=C1)C,50-37-3,,3H-8-OH-DPAT,RAT,HIPPOCAMPUS,,2.05,"HALL ET AL., 1985",,lsd
357,5-HT1A,HTR1A,1091,LSD,CCN(CC)C(=O)C1CN(C2CC3=CNC4=CC=CC(=C34)C2=C1)C,50-37-3,,3H-8-OH-DPAT,RAT,HIPPOCAMPUS,,0.43,"TITELER ET AL., 1988",,lsd
358,5-HT1A,HTR1A,1091,LSD,CCN(CC)C(=O)C1CN(C2CC3=CNC4=CC=CC(=C34)C2=C1)C,50-37-3,,3H-8-OH-DPAT,PIG,CORTEX,,2.57,"MARKSTEIN ET AL, 1986",,lsd
360,5-HT1A,HTR1A,1091,LSD,CCN(CC)C(=O)C1CN(C2CC3=CNC4=CC=CC(=C34)C2=C1)C,50-37-3,,3H-8-OH-DPAT,RAT,CORTEX,,3.9,"PEROUTKA, 1986",,lsd
361,5-HT1A,HTR1A,1091,LSD,CCN(CC)C(=O)C1CN(C2CC3=CNC4=CC=CC(=C34)C2=C1)C,50-37-3,,3H-8-OH-DPAT,RAT,HIPPOCAMPUS,,4.1,"HALL ET AL., 1986",,lsd
362,5-HT1A,HTR1A,1091,LSD,CCN(CC)C(=O)C1CN(C2CC3=CNC4=CC=CC(=C34)C2=C1)C,50-37-3,,3H-8-OH-DPAT,HUMAN,CORTEX,,4.92,"PIERCE & PEROUTKA, 1989",,lsd
707,5-HT2C,HTR2C,706,DOB,CC(CC1=CC(=C(C=C1OC)Br)OC)N,32156-26-6,,3H-MESULERGINE,PIG,CORTEX,,69.0,"TITELER ET AL., 1988",,dob
708,5-HT2C,HTR2C,706,DOB,CC(CC1=CC(=C(C=C1OC)Br)OC)N,32156-26-6,,3H-MESULERGINE,PIG,CORTEX,,69.0,"TITELER ET AL., 1987",,dob
712,5-HT2C,HTR2C,715,DOET,CCC1=CC(=C(C=C1OC)CC(C)N)OC.Cl,22004-32-6,,3H-MESULERGINE,PIG,CORTEX,,101.0,"TITELER ET AL., 1988",,doet
713,5-HT2C,HTR2C,719,DOI,CC(CC1=CC(=C(C=C1OC)I)OC)N,82830-44-2,,125I-SCH 23982,PIG,Choroid Plexus,,11.7,"HOYER & KARPF, 1988",,doi
714,5-HT2C,HTR2C,719,DOI,CC(CC1=CC(=C(C=C1OC)I)OC)N,82830-44-2,,3H-MESULERGINE,PIG,Choroid Plexus,,18.6,"HOYER & KARPF, 1988",,doi
715,5-HT2C,HTR2C,719,DOI,CC(CC1=CC(=C(C=C1OC)I)OC)N,82830-44-2,,3H-MESULERGINE,PIG,Choroid Plexus,,18.6,"HOYER ET AL., 1989",,doi
716,5-HT2C,HTR2C,719,DOI,CC(CC1=CC(=C(C=C1OC)I)OC)N,82830-44-2,,3H-MESULERGINE,PIG,Choroid Plexus,,18.6,"HOYER, 1988",,doi
717,5-HT2C,HTR2C,719,DOI,CC(CC1=CC(=C(C=C1OC)I)OC)N,82830-44-2,,3H-MESULERGINE,PIG,CORTEX,,30.0,"TITELER ET AL., 1988",,doi
718,5-HT2C,HTR2C,722,DOM,CC1=CC(=C(C=C1OC)CC(C)N)OC,15588-95-1,,3H-MESULERGINE,PIG,CORTEX,,193.0,"TITELER ET AL., 1988",,dom
735,5-HT2C,HTR2C,733,DOPR,,64638-08-0,,3H-MESULERGINE,PIG,CORTEX,,14.0,"TITELER ET AL., 1988",,dopr
752,5-HT2C,HTR2C,919,HARMINE,CC1=C2C(=C3C=CC(=CC3=N2)OC)C=CN1,442-51-3,,3H-MESULERGINE,PIG,Choroid Plexus,>,10000.0,"HOYER, 1988 or 9 (book)",,harmine
801,5-HT2C,HTR2C,1091,LSD,CCN(CC)C(=O)C1CN(C2CC3=CNC4=CC=CC(=C34)C2=C1)C,50-37-3,,3H-5HT,PIG,Choroid Plexus,,5.0,"PAZOS ET AL, 1984",,lsd
802,5-HT2C,HTR2C,1091,LSD,CCN(CC)C(=O)C1CN(C2CC3=CNC4=CC=CC(=C34)C2=C1)C,50-37-3,,3H-MESULERGINE,PIG,CORTEX,,7.9,"PAZOS ET AL, 1984",,lsd
803,5-HT2C,HTR2C,1091,LSD,CCN(CC)C(=O)C1CN(C2CC3=CNC4=CC=CC(=C34)C2=C1)C,50-37-3,,3H-MESULERGINE,PIG,Choroid Plexus,,7.9,"PAZOS ET AL, 1984",,lsd
804,5-HT2C,HTR2C,1091,LSD,CCN(CC)C(=O)C1CN(C2CC3=CNC4=CC=CC(=C34)C2=C1)C,50-37-3,,3H-MESULERGINE,PIG,Choroid Plexus,,7.94,"HOYER ET AL., 1986",,lsd
805,5-HT2C,HTR2C,1091,LSD,CCN(CC)C(=O)C1CN(C2CC3=CNC4=CC=CC(=C34)C2=C1)C,50-37-3,,3H-MESULERGINE,PIG,Choroid Plexus,,11.7,"ENGEL ET AL, 1986",,lsd
806,5-HT2C,HTR2C,1091,LSD,CCN(CC)C(=O)C1CN(C2CC3=CNC4=CC=CC(=C34)C2=C1)C,50-37-3,,3H-MESULERGINE,PIG,Choroid Plexus,,12.6,"HOYER, 1988 or 9 (book)",,lsd
810,5-HT2C,HTR2C,1091,LSD,CCN(CC)C(=O)C1CN(C2CC3=CNC4=CC=CC(=C34)C2=C1)C,50-37-3,,3H-MESULERGINE,PIG,Choroid Plexus,,11.7,"HOYER, 1989 (J.R.R.)",,lsd
811,5-HT2C,HTR2C,1091,LSD,CCN(CC)C(=O)C1CN(C2CC3=CNC4=CC=CC(=C34)C2=C1)C,50-37-3,,3H-MESULERGINE,PIG,CORTEX,,3.8,"TITELER ET AL., 1988",,lsd
812,5-HT2C,HTR2C,1091,LSD,CCN(CC)C(=O)C1CN(C2CC3=CNC4=CC=CC(=C34)C2=C1)C,50-37-3,,3H-MESULERGINE,PIG,Choroid Plexus,,11.7,"MARKSTEIN ET AL, 1986",,lsd
823,5-HT2C,HTR2C,1169,MDA,CC(CC1=CC2=C(C=C1)OCO2)N,1614,,3H-MESULERGINE,PIG,CORTEX,,2932.0,"TITELER ET AL., 1988",,mda
1012,5-HT1B,HTR1B,692,DMT,CN(C)CCC1=CNC2=CC=CC=C21,61-50-7,63795.0,125I-CYP,RAT,CORTEX,,2200.0,"OFFORD ET AL., 1988",,dmt
1015,5-HT1B,HTR1B,706,DOB,CC(CC1=CC(=C(C=C1OC)Br)OC)N,32156-26-6,,3H-5HT,RAT,STRIATUM,,831.0,"TITELER ET AL., 1988",,dob
1017,5-HT1B,HTR1B,706,DOB,CC(CC1=CC(=C(C=C1OC)Br)OC)N,32156-26-6,,3H-5HT,RAT,STRIATUM,,831.0,"TITELER ET AL., 1987",,dob
1021,5-HT1B,HTR1B,715,DOET,CCC1=CC(=C(C=C1OC)CC(C)N)OC.Cl,22004-32-6,,3H-5HT,RAT,STRIATUM,,2451.0,"TITELER ET AL., 1988",,doet
1022,5-HT1B,HTR1B,719,DOI,CC(CC1=CC(=C(C=C1OC)I)OC)N,82830-44-2,,3H-5HT,RAT,STRIATUM,,1261.0,"TITELER ET AL., 1988",,doi
1023,5-HT1B,HTR1B,722,DOM,CC1=CC(=C(C=C1OC)CC(C)N)OC,15588-95-1,,3H-5HT,RAT,STRIATUM,,2063.0,"TITELER ET AL., 1988",,dom
1032,5-HT1B,HTR1B,733,DOPR,,64638-08-0,,3H-5HT,RAT,STRIATUM,,2330.0,"TITELER ET AL., 1988",,dopr
1144,5-HT2C,HTR2C,1920,TRYPTAMINE,C1=CC=C2C(=C1)C(=CN2)CCN,61-54-1,165212.0,3H-MESULERGINE,PIG,Choroid Plexus,,46.8,"ENGEL ET AL, 1986",,tryptamine
1145,5-HT2C,HTR2C,1920,TRYPTAMINE,C1=CC=C2C(=C1)C(=CN2)CCN,61-54-1,165212.0,3H-MESULERGINE,PIG,Choroid Plexus,,46.8,"HOYER, 1989 (J.R.R.)",,tryptamine
1146,5-HT2C,HTR2C,1920,TRYPTAMINE,C1=CC=C2C(=C1)C(=CN2)CCN,61-54-1,165212.0,3H-MESULERGINE,PIG,Choroid Plexus,,50.1,"HOYER, 1988 or 9 (book)",,tryptamine
1257,5-HT1D,HTR1D,692,DMT,CN(C)CCC1=CNC2=CC=CC=C21,61-50-7,63795.0,3H-5HT,COW,CAUDATE,,71.38,"PIERCE & PEROUTKA, 1989",,dmt
1258,5-HT1D,HTR1D,692,DMT,CN(C)CCC1=CNC2=CC=CC=C21,61-50-7,63795.0,3H-5HT,BOVINE,STRIATUM,,190.0,"HEURING & PEROUTKA, 1987",,dmt
1259,5-HT1D,HTR1D,692,DMT,CN(C)CCC1=CNC2=CC=CC=C21,61-50-7,63795.0,3H-5HT,HUMAN,CORTEX,,270.0,"PEROUTKA ET AL., 1989",,dmt
1260,5-HT1D,HTR1D,692,DMT,CN(C)CCC1=CNC2=CC=CC=C21,61-50-7,63795.0,3H-5HT,BOVINE,STRIATUM,,342.86,"PEROUTKA, 1985",,dmt
1261,5-HT1D,HTR1D,706,DOB,CC(CC1=CC(=C(C=C1OC)Br)OC)N,32156-26-6,,3H-5HT,COW,CAUDATE,,1448.28,"PIERCE & PEROUTKA, 1989",,dob
1262,5-HT1D,HTR1D,706,DOB,CC(CC1=CC(=C(C=C1OC)Br)OC)N,32156-26-6,,3H-5HT,RAT,STRIATUM,,1800.0,"HERRICK-DAVIS & TITELER, 198",,dob
1263,5-HT1D,HTR1D,706,DOB,CC(CC1=CC(=C(C=C1OC)Br)OC)N,32156-26-6,,3H-5HT,RAT,CORTEX,,3400.0,"HERRICK-DAVIS & TITELER, 198",,dob
1264,5-HT1D,HTR1D,719,DOI,CC(CC1=CC(=C(C=C1OC)I)OC)N,82830-44-2,,3H-5HT,COW,CAUDATE,,1241.38,"PIERCE & PEROUTKA, 1989",,doi
1285,5-HT1D,HTR1D,919,HARMINE,CC1=C2C(=C3C=CC(=CC3=N2)OC)C=CN1,442-51-3,,3H-5HT,CALF,CAUDATE,>,10000.0,"HOYER, 1988 or 9 (book)",,harmine
1286,5-HT1D,HTR1D,919,HARMINE,CC1=C2C(=C3C=CC(=CC3=N2)OC)C=CN1,442-51-3,,3H-5HT,CALF,CAUDATE,>,10000.0,"WAEBER ET AL., 1988",,harmine
1287,5-HT1D,HTR1D,919,HARMINE,CC1=C2C(=C3C=CC(=CC3=N2)OC)C=CN1,442-51-3,,3H-5HT,PIG,CAUDATE,>,10000.0,"WAEBER ET AL., 1988",,harmine
1322,5-HT1D,HTR1D,1091,LSD,CCN(CC)C(=O)C1CN(C2CC3=CNC4=CC=CC(=C34)C2=C1)C,50-37-3,,3H-5HT,CALF,CAUDATE,,6.31,"HOYER, 1988 or 9 (book)",,lsd
1323,5-HT1D,HTR1D,1091,LSD,CCN(CC)C(=O)C1CN(C2CC3=CNC4=CC=CC(=C34)C2=C1)C,50-37-3,,3H-5HT,COW,CAUDATE,,7.08,"HOYER, 1987",,lsd
1324,5-HT1D,HTR1D,1091,LSD,CCN(CC)C(=O)C1CN(C2CC3=CNC4=CC=CC(=C34)C2=C1)C,50-37-3,,3H-5HT,CALF,CAUDATE,,7.08,"HOYER, 1989 (J.R.R.)",,lsd
1325,5-HT1D,HTR1D,1091,LSD,CCN(CC)C(=O)C1CN(C2CC3=CNC4=CC=CC(=C34)C2=C1)C,50-37-3,,3H-5HT,RAT,STRIATUM,,7.7,"HERRICK-DAVIS & TITELER, 198",,lsd
1326,5-HT1D,HTR1D,1091,LSD,CCN(CC)C(=O)C1CN(C2CC3=CNC4=CC=CC(=C34)C2=C1)C,50-37-3,,3H-5HT,RAT,CORTEX,,10.0,"HERRICK-DAVIS & TITELER, 198",,lsd
1327,5-HT1D,HTR1D,1091,LSD,CCN(CC)C(=O)C1CN(C2CC3=CNC4=CC=CC(=C34)C2=C1)C,50-37-3,,3H-5HT,HUMAN,CORTEX,,14.0,"PEROUTKA ET AL., 1989",,lsd
1328,5-HT1D,HTR1D,1091,LSD,CCN(CC)C(=O)C1CN(C2CC3=CNC4=CC=CC(=C34)C2=C1)C,50-37-3,,3H-5HT,BOVINE,STRIATUM,,24.0,"HEURING & PEROUTKA, 1987",,lsd
1329,5-HT1D,HTR1D,1091,LSD,CCN(CC)C(=O)C1CN(C2CC3=CNC4=CC=CC(=C34)C2=C1)C,50-37-3,,3H-5HT,COW,CAUDATE,,28.97,"PIERCE & PEROUTKA, 1989",,lsd
1420,5-HT1B,HTR1B,1091,LSD,CCN(CC)C(=O)C1CN(C2CC3=CNC4=CC=CC(=C34)C2=C1)C,50-37-3,,125I-ICYP,RAT,CORTEX,,39.0,"OFFORD ET AL., 1988",,lsd
1421,5-HT1B,HTR1B,1091,LSD,CCN(CC)C(=O)C1CN(C2CC3=CNC4=CC=CC(=C34)C2=C1)C,50-37-3,,125I-CYP,RAT,CORTEX,,151.0,"ENGEL ET AL, 1986",,lsd
1425,5-HT1B,HTR1B,1091,LSD,CCN(CC)C(=O)C1CN(C2CC3=CNC4=CC=CC(=C34)C2=C1)C,50-37-3,,3H-5HT,RAT,STRIATUM,,6.6,"TITELER ET AL., 1988",,lsd
1426,5-HT1B,HTR1B,1091,LSD,CCN(CC)C(=O)C1CN(C2CC3=CNC4=CC=CC(=C34)C2=C1)C,50-37-3,,125I-CYP,RAT,CORTEX,,151.0,"MARKSTEIN ET AL, 1986",,lsd
1427,5-HT1B,HTR1B,1091,LSD,CCN(CC)C(=O)C1CN(C2CC3=CNC4=CC=CC(=C34)C2=C1)C,50-37-3,,3H-5HT,RAT,CORTEX,,170.0,"PEROUTKA, 1986",,lsd
1438,5-HT1B,HTR1B,1169,MDA,CC(CC1=CC2=C(C=C1)OCO2)N,1614,,3H-5HT,RAT,STRIATUM,>,10000.0,"TITELER ET AL., 1988",,mda
1845,5-HT2A,HTR2A,692,DMT,CN(C)CCC1=CNC2=CC=CC=C21,61-50-7,63795.0,3H-SPIPERONE,HUMAN,CORTEX,,230.27,"PIERCE & PEROUTKA, 1989",,dmt
1847,5-HT2A,HTR2A,692,DMT,CN(C)CCC1=CNC2=CC=CC=C21,61-50-7,63795.0,3H-KETANSERIN,HUMAN,CORTEX,,462.0,"SADZOT ET AL., 1989",,dmt
1848,5-HT2B,HTR2B,692,DMT,CN(C)CCC1=CNC2=CC=CC=C21,61-50-7,63795.0,3H-KETANSERIN,BOVINE,CORTEX,,550.0,"MCKENNA & PEROUTKA, 1989",http://www.ncbi.nlm.nih.gov/pubmed/2795135?itool=EntrezSystem2.PEntrez.Pubmed.Pubmed_ResultsPanel.Pubmed_RVDocSum&ordinalpos=33,dmt
1849,5-HT2A,HTR2A,692,DMT,CN(C)CCC1=CNC2=CC=CC=C21,61-50-7,63795.0,3H-KETANSERIN,RAT,CORTEX,,558.0,"TAYLOR ET AL,. 1987",,dmt
1850,5-HT2A,HTR2A,692,DMT,CN(C)CCC1=CNC2=CC=CC=C21,61-50-7,63795.0,3H-KETANSERIN,RAT,CORTEX,,1183.0,"LYON ET AL., 1987",,dmt
1851,5-HT2A,HTR2A,692,DMT,CN(C)CCC1=CNC2=CC=CC=C21,61-50-7,63795.0,3H-KETANSERIN,RAT,CORTEX,,1200.0,"LYON ET AL., 1988",,dmt
1852,5-HT2A,HTR2A,692,DMT,CN(C)CCC1=CNC2=CC=CC=C21,61-50-7,63795.0,3H-KETANSERIN,RAT,CORTEX,,1200.0,"LYON ET AL., 1988",,dmt
1876,5-HT2A,HTR2A,706,DOB,CC(CC1=CC(=C(C=C1OC)Br)OC)N,32156-26-6,,3H-SPIPERONE,HUMAN,CORTEX,,26.23,"PIERCE & PEROUTKA, 1989",,dob
1877,5-HT2A,HTR2A,706,DOB,CC(CC1=CC(=C(C=C1OC)Br)OC)N,32156-26-6,,3H-KETANSERIN,RAT,CORTEX,,41.0,"LYON ET AL., 1987",,dob
1886,5-HT2A,HTR2A,715,DOET,CCC1=CC(=C(C=C1OC)CC(C)N)OC.Cl,22004-32-6,,3H-KETANSERIN,HUMAN,CORTEX,,53.0,"SADZOT ET AL., 1989",,doet
1888,5-HT2A,HTR2A,719,DOI,CC(CC1=CC(=C(C=C1OC)I)OC)N,82830-44-2,,3H-KETANSERIN,HUMAN,CORTEX,,6.0,"SADZOT ET AL., 1989",,doi
1889,5-HT2A,HTR2A,719,DOI,CC(CC1=CC(=C(C=C1OC)I)OC)N,82830-44-2,,3H-KETANSERIN,RAT,CORTEX,,14.5,"HOYER, 1988 (TIPS)",,doi
1890,5-HT2A,HTR2A,719,DOI,CC(CC1=CC(=C(C=C1OC)I)OC)N,82830-44-2,,3H-SPIPERONE,HUMAN,CORTEX,,20.47,"PIERCE & PEROUTKA, 1989",,doi
1893,5-HT2A,HTR2A,722,DOM,CC1=CC(=C(C=C1OC)CC(C)N)OC,15588-95-1,,3H-KETANSERIN,RAT,CORTEX,,100.0,"LYON ET AL., 1988",,dom
1894,5-HT2A,HTR2A,722,DOM,CC1=CC(=C(C=C1OC)CC(C)N)OC,15588-95-1,,3H-KETANSERIN,RAT,CORTEX,,100.0,"GLENNON ET AL., 1988",,dom
1895,5-HT2A,HTR2A,722,DOM,CC1=CC(=C(C=C1OC)CC(C)N)OC,15588-95-1,,3H-KETANSERIN,HUMAN,CORTEX,,162.0,"SADZOT ET AL., 1989",,dom
2110,5-HT1D,HTR1D,1920,TRYPTAMINE,C1=CC=C2C(=C1)C(=CN2)CCN,61-54-1,165212.0,3H-5HT,BOVINE,STRIATUM,,36.0,"HEURING & PEROUTKA, 1987",,tryptamine
2112,5-HT1D,HTR1D,1920,TRYPTAMINE,C1=CC=C2C(=C1)C(=CN2)CCN,61-54-1,165212.0,3H-5HT,CALF,CAUDATE,,39.8,"HOYER, 1988 or 9 (book)",,tryptamine
2113,5-HT1D,HTR1D,1920,TRYPTAMINE,C1=CC=C2C(=C1)C(=CN2)CCN,61-54-1,165212.0,3H-5HT,HUMAN,CAUDATE,,41.7,"WAEBER ET AL., 1988",,tryptamine
2114,5-HT1D,HTR1D,1920,TRYPTAMINE,C1=CC=C2C(=C1)C(=CN2)CCN,61-54-1,165212.0,3H-5HT,HUMAN,CORTEX,,46.0,"PEROUTKA ET AL., 1989",,tryptamine
2115,5-HT1D,HTR1D,1920,TRYPTAMINE,C1=CC=C2C(=C1)C(=CN2)CCN,61-54-1,165212.0,3H-5HT,COW,CAUDATE,,85.1,"HOYER, 1987",,tryptamine
2116,5-HT1D,HTR1D,1920,TRYPTAMINE,C1=CC=C2C(=C1)C(=CN2)CCN,61-54-1,165212.0,3H-5HT,CALF,CAUDATE,,85.1,"HOYER, 1989 (J.R.R.)",,tryptamine
2117,5-HT1D,HTR1D,1920,TRYPTAMINE,C1=CC=C2C(=C1)C(=CN2)CCN,61-54-1,165212.0,3H-5HT,PIG,CAUDATE,,224.0,"WAEBER ET AL., 1988",,tryptamine
2118,5-HT1D,HTR1D,1920,TRYPTAMINE,C1=CC=C2C(=C1)C(=CN2)CCN,61-54-1,165212.0,3H-5HT,CALF,CAUDATE,,295.0,"WAEBER ET AL., 1988",,tryptamine
2203,5-HT1B,HTR1B,1920,TRYPTAMINE,C1=CC=C2C(=C1)C(=CN2)CCN,61-54-1,165212.0,125I-CYP,RAT,CORTEX,,1020.0,"HOYER, 1988(9) (J.R.R.)",,tryptamine
2207,5-HT1B,HTR1B,1920,TRYPTAMINE,C1=CC=C2C(=C1)C(=CN2)CCN,61-54-1,165212.0,125I-CYP,RAT,CORTEX,>,10000.0,"ENGEL ET AL, 1986",,tryptamine
2364,5-HT3,HTR3A,1091,LSD,CCN(CC)C(=O)C1CN(C2CC3=CNC4=CC=CC(=C34)C2=C1)C,50-37-3,,3H-QUIPAZINE,RAT,CORTEX,>,10000.0,"MILBURN & PEROUTKA, 1989",,lsd
2365,5-HT3,HTR3A,1091,LSD,CCN(CC)C(=O)C1CN(C2CC3=CNC4=CC=CC(=C34)C2=C1)C,50-37-3,,3H-QUIPAZINE,RAT,CORTEX,>,10000.0,"PEROUTKA & HAMIK, 1988",,lsd
2575,5-HT2A,HTR2A,1920,TRYPTAMINE,C1=CC=C2C(=C1)C(=CN2)CCN,61-54-1,165212.0,3H-KETANSERIN,RAT,CORTEX,,1000.0,"ENGEL ET AL, 1986",,tryptamine
2576,5-HT2A,HTR2A,1920,TRYPTAMINE,C1=CC=C2C(=C1)C(=CN2)CCN,61-54-1,165212.0,3H-KETANSERIN,RAT,CORTEX,,1120.0,"HOYER, 1989 (J.R.R.)",,tryptamine
2577,5-HT2A,HTR2A,1920,TRYPTAMINE,C1=CC=C2C(=C1)C(=CN2)CCN,61-54-1,165212.0,3H-KETANSERIN,RAT,CORTEX,,1121.33,"BATTAGLIA ET AL., 1983",,tryptamine
2578,5-HT2B,HTR2B,1920,TRYPTAMINE,C1=CC=C2C(=C1)C(=CN2)CCN,61-54-1,165212.0,3H-KETANSERIN,BOVINE,CORTEX,,1300.0,"MCKENNA & PEROUTKA, 1989",http://www.ncbi.nlm.nih.gov/pubmed/2795135?itool=EntrezSystem2.PEntrez.Pubmed.Pubmed_ResultsPanel.Pubmed_RVDocSum&ordinalpos=33,tryptamine
2579,5-HT2A,HTR2A,1920,TRYPTAMINE,C1=CC=C2C(=C1)C(=CN2)CCN,61-54-1,165212.0,3H-KETANSERIN,RAT,CORTEX,,2005.0,"LYON ET AL., 1987",,tryptamine
2580,5-HT2A,HTR2A,1920,TRYPTAMINE,C1=CC=C2C(=C1)C(=CN2)CCN,61-54-1,165212.0,3H-SPIPERONE,HUMAN,CORTEX,,2244.78,"ANDORN ET AL., 1984",,tryptamine
2581,5-HT2A,HTR2A,1920,TRYPTAMINE,C1=CC=C2C(=C1)C(=CN2)CCN,61-54-1,165212.0,3H-KETANSERIN,RAT,CORTEX,,2885.86,"TITELER ET AL., 1984",,tryptamine
2582,5-HT2A,HTR2A,1920,TRYPTAMINE,C1=CC=C2C(=C1)C(=CN2)CCN,61-54-1,165212.0,3H-KETANSERIN,RAT,CORTEX,,2894.0,"BATTAGLIA ET AL., 1984",,tryptamine
2583,5-HT2A,HTR2A,1920,TRYPTAMINE,C1=CC=C2C(=C1)C(=CN2)CCN,61-54-1,165212.0,3H-SPIPERONE,RAT,CORTEX,,3158.7,"LEYSEN ET AL., 1978",,tryptamine
2584,5-HT2A,HTR2A,1920,TRYPTAMINE,C1=CC=C2C(=C1)C(=CN2)CCN,61-54-1,165212.0,125I-LSD,HUMAN,FR. CORTEX,>,10000.0,"ELLIOT & KENT, 1989",,tryptamine
2721,5-HT2A,HTR2A,1546,PSILOCIN,CN(C)CCC1=CNC2=C1C(=CC=C2)O,520-53-6,,3H-KETANSERIN,BOVINE,CORTEX,,370.0,"MCKENNA, ET AL., 1989",,psilocin
2722,5-HT2B,HTR2B,1546,PSILOCIN,CN(C)CCC1=CNC2=C1C(=CC=C2)O,520-53-6,,3H-KETANSERIN,BOVINE,CORTEX,,450.0,"MCKENNA & PEROUTKA, 1989",http://www.ncbi.nlm.nih.gov/pubmed/2795135?itool=EntrezSystem2.PEntrez.Pubmed.Pubmed_ResultsPanel.Pubmed_RVDocSum&ordinalpos=33,psilocin
2723,5-HT2B,HTR2B,1547,PSILOCYBIN,CN(C)CCC1=CNC2=C1C(=CC=C2)OP(=O)(O)O,520-52-5,,3H-KETANSERIN,BOVINE,CORTEX,,600.0,"MCKENNA & PEROUTKA, 1989",http://www.ncbi.nlm.nih.gov/pubmed/2795135?itool=EntrezSystem2.PEntrez.Pubmed.Pubmed_ResultsPanel.Pubmed_RVDocSum&ordinalpos=33,psilocybin
2879,5-HT2A,HTR2A,1091,LSD,CCN(CC)C(=O)C1CN(C2CC3=CNC4=CC=CC(=C34)C2=C1)C,50-37-3,,3H-KETANSERIN,RAT,CORTEX,,2.11,"BATTAGLIA ET AL., 1983",,lsd
2880,5-HT2A,HTR2A,1091,LSD,CCN(CC)C(=O)C1CN(C2CC3=CNC4=CC=CC(=C34)C2=C1)C,50-37-3,,3H-KETANSERIN,RAT,CORTEX,,2.4,"ENGEL ET AL, 1986",,lsd
2881,5-HT2A,HTR2A,1091,LSD,CCN(CC)C(=O)C1CN(C2CC3=CNC4=CC=CC(=C34)C2=C1)C,50-37-3,,3H-KETANSERIN,RAT,CORTEX,,2.5,"LEYSON ET AL., 1982",,lsd
2882,5-HT2A,HTR2A,1091,LSD,CCN(CC)C(=O)C1CN(C2CC3=CNC4=CC=CC(=C34)C2=C1)C,50-37-3,,3H-KETANSERIN,RAT,FR. CORTEX,,2.77,"LEYSEN ET AL., 1988",,lsd
2884,5-HT2A,HTR2A,1091,LSD,CCN(CC)C(=O)C1CN(C2CC3=CNC4=CC=CC(=C34)C2=C1)C,50-37-3,,3H-SPIPERONE,RAT,CORTEX,,4.76,"LEYSEN ET AL., 1978",,lsd
2895,5-HT2A,HTR2A,1091,LSD,CCN(CC)C(=O)C1CN(C2CC3=CNC4=CC=CC(=C34)C2=C1)C,50-37-3,,3H-KETANSERIN,HUMAN,CORTEX,,0.95,"SADZOT ET AL., 1989",,lsd
2897,5-HT2A,HTR2A,1091,LSD,CCN(CC)C(=O)C1CN(C2CC3=CNC4=CC=CC(=C34)C2=C1)C,50-37-3,,125I-LSD,RAT,CORTEX,,1.35,"ENGEL ET AL, 1984",,lsd
2898,5-HT2A,HTR2A,1091,LSD,CCN(CC)C(=O)C1CN(C2CC3=CNC4=CC=CC(=C34)C2=C1)C,50-37-3,,3H-MESULERGINE,RAT,CORTEX,,1.8,"CLOSSE, 1983",,lsd
2899,5-HT2A,HTR2A,1091,LSD,CCN(CC)C(=O)C1CN(C2CC3=CNC4=CC=CC(=C34)C2=C1)C,50-37-3,,3H-KETANSERIN,RAT,CORTEX,,2.4,"MARKSTEIN ET AL, 1986",,lsd
2900,5-HT2A,HTR2A,1091,LSD,CCN(CC)C(=O)C1CN(C2CC3=CNC4=CC=CC(=C34)C2=C1)C,50-37-3,,3H-KETANSERIN,RAT,CORTEX,,2.4,"HOYER, 1989 (J.R.R.)",,lsd
2901,5-HT2A,HTR2A,1091,LSD,CCN(CC)C(=O)C1CN(C2CC3=CNC4=CC=CC(=C34)C2=C1)C,50-37-3,,3H-SPIPERONE,HUMAN,CORTEX,,2.56,"PIERCE & PEROUTKA, 1989",,lsd
2902,5-HT2B,HTR2B,1091,LSD,CCN(CC)C(=O)C1CN(C2CC3=CNC4=CC=CC(=C34)C2=C1)C,50-37-3,,3H-KETANSERIN,BOVINE,CORTEX,,11.0,"MCKENNA & PEROUTKA, 1989",http://www.ncbi.nlm.nih.gov/pubmed/2795135?itool=EntrezSystem2.PEntrez.Pubmed.Pubmed_ResultsPanel.Pubmed_RVDocSum&ordinalpos=33,lsd
2903,5-HT2A,HTR2A,1091,LSD,CCN(CC)C(=O)C1CN(C2CC3=CNC4=CC=CC(=C34)C2=C1)C,50-37-3,,3H-SPIROPERIDOL,RAT,CORTEX,,13.0,"PEROUTKA & SNYDER, 1979",,lsd
2917,5-HT2A,HTR2A,1169,MDA,CC(CC1=CC2=C(C=C1)OCO2)N,1614,,3H-KETANSERIN,RAT,CORTEX,,5330.0,"LYON ET AL., 1986",,mda
2918,5-HT2A,HTR2A,1169,MDA,CC(CC1=CC2=C(C=C1)OCO2)N,1614,,3H-KETANSERIN,HUMAN,CORTEX,,8340.0,"SADZOT ET AL., 1989",,mda
2925,5-HT2A,HTR2A,1184,MDMA,CC(CC1=CC2=C(C=C1)OCO2)NC,1615,,3H-KETANSERIN,RAT,CORTEX,,8300.0,"LYON ET AL., 1986",,mdma
2926,5-HT2A,HTR2A,1184,MDMA,CC(CC1=CC2=C(C=C1)OCO2)NC,1615,,3H-KETANSERIN,HUMAN,CORTEX,>,10000.0,"SADZOT ET AL., 1989",,mdma
2932,5-HT2B,HTR2B,1204,MESCALINE,COC1=CC(=CC(=C1OC)OC)CCN,54-04-6,30419.0,3H-KETANSERIN,BOVINE,CORTEX,>,10000.0,"MCKENNA & PEROUTKA, 1989",http://www.ncbi.nlm.nih.gov/pubmed/2795135?itool=EntrezSystem2.PEntrez.Pubmed.Pubmed_ResultsPanel.Pubmed_RVDocSum&ordinalpos=33,mescaline
3355,5-HT1A,HTR1A,948,IBOGAINE,CCC1CC2CC3C1N(C2)CCC4=C3NC5=C4C=C(C=C5)OC,83-74-9,249764.0,3H-8-OH-DPAT,HUMAN,CLONED,>,10000.0,"TOLL L, et. al., 1998",http://www.ncbi.nlm.nih.gov/entrez/query.fcgi?cmd=Retrieve&db=PubMed&list_uids=9686407&dopt=Abstract,ibogaine
3507,5-HT2A,HTR2A,948,IBOGAINE,CCC1CC2CC3C1N(C2)CCC4=C3NC5=C4C=C(C=C5)OC,83-74-9,249764.0,3H-KETANSERIN,RAT,CLONED,>,10000.0,"TOLL L, et. al., 1998",http://www.ncbi.nlm.nih.gov/entrez/query.fcgi?cmd=Retrieve&db=PubMed&list_uids=9686407&dopt=Abstract,ibogaine
3566,5-HT2C,HTR2C,948,IBOGAINE,CCC1CC2CC3C1N(C2)CCC4=C3NC5=C4C=C(C=C5)OC,83-74-9,249764.0,3H-MESULERGINE,RAT,CLONED,>,10000.0,"TOLL L, et. al., 1998",http://www.ncbi.nlm.nih.gov/entrez/query.fcgi?cmd=Retrieve&db=PubMed&list_uids=9686407&dopt=Abstract,ibogaine
3624,5-HT3,HTR3A,948,IBOGAINE,CCC1CC2CC3C1N(C2)CCC4=C3NC5=C4C=C(C=C5)OC,83-74-9,249764.0,3H-GR-65630,MOUSE,NG108-15,>,10000.0,"TOLL L, et. al., 1998",http://www.ncbi.nlm.nih.gov/entrez/query.fcgi?cmd=Retrieve&db=PubMed&list_uids=9686407&dopt=Abstract,ibogaine
3924,5-HT6,HTR6,1091,LSD,CCN(CC)C(=O)C1CN(C2CC3=CNC4=CC=CC(=C34)C2=C1)C,50-37-3,,3H-LSD,RAT,CLONED,,1.86,"BOESS FG, ET AL., 1996",http://www.ncbi.nlm.nih.gov/entrez/query.fcgi?cmd=Retrieve&db=PubMed&list_uids=9225298&dopt=Abstract,lsd
3940,5-HT6,HTR6,1920,TRYPTAMINE,C1=CC=C2C(=C1)C(=CN2)CCN,61-54-1,165212.0,3H-LSD,RAT,CLONED,,1479.1,"BOESS FG, ET AL., 1996",http://www.ncbi.nlm.nih.gov/entrez/query.fcgi?cmd=Retrieve&db=PubMed&list_uids=9225298&dopt=Abstract,tryptamine
3944,5-HT6,HTR6,1091,LSD,CCN(CC)C(=O)C1CN(C2CC3=CNC4=CC=CC(=C34)C2=C1)C,50-37-3,,3H-5HT,RAT,CLONED,,16.59,"BOESS FG, ET AL., 1996",http://www.ncbi.nlm.nih.gov/entrez/query.fcgi?cmd=Retrieve&db=PubMed&list_uids=9225298&dopt=Abstract,lsd
3960,5-HT6,HTR6,1920,TRYPTAMINE,C1=CC=C2C(=C1)C(=CN2)CCN,61-54-1,165212.0,3H-5HT,RAT,CLONED,,158.48,"BOESS FG, ET AL., 1996",http://www.ncbi.nlm.nih.gov/entrez/query.fcgi?cmd=Retrieve&db=PubMed&list_uids=9225298&dopt=Abstract,tryptamine
4216,5-HT6,HTR6,1920,TRYPTAMINE,C1=CC=C2C(=C1)C(=CN2)CCN,61-54-1,165212.0,125I-LSD,RAT,CLONED,,438.0,"MONSMA FJ Jr. ET AL., 1993",http://www.ncbi.nlm.nih.gov/entrez/query.fcgi?cmd=Retrieve&db=PubMed&list_uids=7680751&dopt=Abstract,tryptamine
4304,5-HT7,HTR7,1920,TRYPTAMINE,C1=CC=C2C(=C1)C(=CN2)CCN,61-54-1,165212.0,125I-LSD,RAT,CLONED,,32.8,"SHEN Y, ET AL., 1993",http://www.ncbi.nlm.nih.gov/entrez/query.fcgi?cmd=Retrieve&db=PubMed&list_uids=8394362&dopt=Abstract,tryptamine
4329,5-HT7,HTR7,1920,TRYPTAMINE,C1=CC=C2C(=C1)C(=CN2)CCN,61-54-1,165212.0,3H-5HT,RAT,CLONED,,16.4,"SHEN Y, ET AL., 1993",http://www.ncbi.nlm.nih.gov/entrez/query.fcgi?cmd=Retrieve&db=PubMed&list_uids=8394362&dopt=Abstract,tryptamine
4349,5-HT6,HTR6,692,DMT,CN(C)CCC1=CNC2=CC=CC=C21,61-50-7,63795.0,3H-LSD,HUMAN,CLONED,,68.0,"KOHEN R, ET AL., 1996",http://www.ncbi.nlm.nih.gov/entrez/query.fcgi?cmd=Retrieve&db=PubMed&list_uids=8522988&dopt=Abstract,dmt
4686,5-HT1B,HTR1B,1920,TRYPTAMINE,C1=CC=C2C(=C1)C(=CN2)CCN,61-54-1,165212.0,3H-5HT,HUMAN,CLONED,,86.0,"WEINSHANK RL, ET AL., 1992",http://www.ncbi.nlm.nih.gov/entrez/query.fcgi?cmd=Retrieve&db=PubMed&list_uids=1565658&dopt=Abstract,tryptamine
4711,5-HT1D,HTR1D,1920,TRYPTAMINE,C1=CC=C2C(=C1)C(=CN2)CCN,61-54-1,165212.0,3H-5HT,HUMAN,CLONED,,521.0,"WEINSHANK RL, ET AL., 1992",http://www.ncbi.nlm.nih.gov/entrez/query.fcgi?cmd=Retrieve&db=PubMed&list_uids=1565658&dopt=Abstract,tryptamine
4734,5-HT1D,HTR1D,1920,TRYPTAMINE,C1=CC=C2C(=C1)C(=CN2)CCN,61-54-1,165212.0,3H-5HT,BOVINE,CLONED,,40.0,"WEINSHANK RL, ET AL., 1992",http://www.ncbi.nlm.nih.gov/entrez/query.fcgi?cmd=Retrieve&db=PubMed&list_uids=1565658&dopt=Abstract,tryptamine
4744,5-HT2C,HTR2C,706,DOB,CC(CC1=CC(=C(C=C1OC)Br)OC)N,32156-26-6,,3H-5HT,RAT,CLONED,,10.0,"HERRICK-DAVIS K, ET AL., 1998",http://www.ncbi.nlm.nih.gov/entrez/query.fcgi?cmd=Retrieve&db=PubMed&list_uids=9928251&dopt=Abstract,dob
4749,5-HT2C,HTR2C,1920,TRYPTAMINE,C1=CC=C2C(=C1)C(=CN2)CCN,61-54-1,165212.0,3H-5HT,RAT,CLONED,,62.0,"HERRICK-DAVIS K, ET AL., 1998",http://www.ncbi.nlm.nih.gov/entrez/query.fcgi?cmd=Retrieve&db=PubMed&list_uids=9928251&dopt=Abstract,tryptamine
4763,5-HT2C,HTR2C,1920,TRYPTAMINE,C1=CC=C2C(=C1)C(=CN2)CCN,61-54-1,165212.0,3H-MESULERGINE,RAT,CLONED,,772.0,"HERRICK-DAVIS K, ET AL., 1998",http://www.ncbi.nlm.nih.gov/entrez/query.fcgi?cmd=Retrieve&db=PubMed&list_uids=9928251&dopt=Abstract,tryptamine
4773,5-HT2C,HTR2C,706,DOB,CC(CC1=CC(=C(C=C1OC)Br)OC)N,32156-26-6,,3H-MESULERGINE,RAT,CLONED,,152.0,"HERRICK-DAVIS K, ET AL., 1998",http://www.ncbi.nlm.nih.gov/entrez/query.fcgi?cmd=Retrieve&db=PubMed&list_uids=9928251&dopt=Abstract,dob
4982,5-HT2A,HTR2A,1920,TRYPTAMINE,C1=CC=C2C(=C1)C(=CN2)CCN,61-54-1,165212.0,3H-KETANSERIN,RAT,CLONED,,416.86,"BONHAUS DW, ET AL., 1997",http://www.ncbi.nlm.nih.gov/entrez/query.fcgi?cmd=Retrieve&db=PubMed&list_uids=9225287&dopt=Abstract,tryptamine
5010,5-HT2C,HTR2C,1920,TRYPTAMINE,C1=CC=C2C(=C1)C(=CN2)CCN,61-54-1,165212.0,3H-MESULERGINE,RAT,CLONED,,56.23,"BONHAUS DW, ET AL., 1997",http://www.ncbi.nlm.nih.gov/entrez/query.fcgi?cmd=Retrieve&db=PubMed&list_uids=9225287&dopt=Abstract,tryptamine
5041,5-HT2A,HTR2A,1920,TRYPTAMINE,C1=CC=C2C(=C1)C(=CN2)CCN,61-54-1,165212.0,3H-KETANSERIN,HUMAN,CLONED,,588.84,"BONHAUS DW, ET AL., 1997",http://www.ncbi.nlm.nih.gov/entrez/query.fcgi?cmd=Retrieve&db=PubMed&list_uids=9225287&dopt=Abstract,tryptamine
5072,5-HT2B,HTR2B,1920,TRYPTAMINE,C1=CC=C2C(=C1)C(=CN2)CCN,61-54-1,165212.0,3H-5HT,HUMAN,CLONED,,25.11,"BONHAUS DW, ET AL., 1997",http://www.ncbi.nlm.nih.gov/entrez/query.fcgi?cmd=Retrieve&db=PubMed&list_uids=9225287&dopt=Abstract,tryptamine
5103,5-HT2C,HTR2C,1920,TRYPTAMINE,C1=CC=C2C(=C1)C(=CN2)CCN,61-54-1,165212.0,3H-MESULERGINE,HUMAN,CLONED,,295.12,"BONHAUS DW, ET AL., 1997",http://www.ncbi.nlm.nih.gov/entrez/query.fcgi?cmd=Retrieve&db=PubMed&list_uids=9225287&dopt=Abstract,tryptamine
5108,5-HT2A,HTR2A,713,DOC,,64-85-7,11319.0,125I-DOI,HUMAN,CLONED,,1.4,"NELSON DL, ET AL., 1999",http://www.ncbi.nlm.nih.gov/entrez/query.fcgi?cmd=Retrieve&db=PubMed&list_uids=9933142&dopt=Abstract,doc
5109,5-HT2A,HTR2A,706,DOB,CC(CC1=CC(=C(C=C1OC)Br)OC)N,32156-26-6,,125I-DOI,HUMAN,CLONED,,0.6,"NELSON DL, ET AL., 1999",http://www.ncbi.nlm.nih.gov/entrez/query.fcgi?cmd=Retrieve&db=PubMed&list_uids=9933142&dopt=Abstract,dob
5110,5-HT2A,HTR2A,719,DOI,CC(CC1=CC(=C(C=C1OC)I)OC)N,82830-44-2,,125I-DOI,HUMAN,CLONED,,0.7,"NELSON DL, ET AL., 1999",http://www.ncbi.nlm.nih.gov/entrez/query.fcgi?cmd=Retrieve&db=PubMed&list_uids=9933142&dopt=Abstract,doi
5111,5-HT2A,HTR2A,1864,TMA,,1082-88-8,,125I-DOI,HUMAN,CLONED,,57.9,"NELSON DL, ET AL., 1999",http://www.ncbi.nlm.nih.gov/entrez/query.fcgi?cmd=Retrieve&db=PubMed&list_uids=9933142&dopt=Abstract,tma
5114,5-HT2A,HTR2A,727,DON,,67460-68-8,,125I-DOI,HUMAN,CLONED,,5.5,"NELSON DL, ET AL., 1999",http://www.ncbi.nlm.nih.gov/entrez/query.fcgi?cmd=Retrieve&db=PubMed&list_uids=9933142&dopt=Abstract,don
5116,5-HT2A,HTR2A,733,DOPR,,64638-08-0,,125I-DOI,HUMAN,CLONED,,0.9,"NELSON DL, ET AL., 1999",http://www.ncbi.nlm.nih.gov/entrez/query.fcgi?cmd=Retrieve&db=PubMed&list_uids=9933142&dopt=Abstract,dopr
5125,5-HT2B,HTR2B,713,DOC,,64-85-7,11319.0,3H-5HT,HUMAN,CLONED,,31.8,"NELSON DL, ET AL., 1999",http://www.ncbi.nlm.nih.gov/entrez/query.fcgi?cmd=Retrieve&db=PubMed&list_uids=9933142&dopt=Abstract,doc
5126,5-HT2B,HTR2B,706,DOB,CC(CC1=CC(=C(C=C1OC)Br)OC)N,32156-26-6,,3H-5HT,HUMAN,CLONED,,26.9,"NELSON DL, ET AL., 1999",http://www.ncbi.nlm.nih.gov/entrez/query.fcgi?cmd=Retrieve&db=PubMed&list_uids=9933142&dopt=Abstract,dob
5127,5-HT2B,HTR2B,719,DOI,CC(CC1=CC(=C(C=C1OC)I)OC)N,82830-44-2,,3H-5HT,HUMAN,CLONED,,20.0,"NELSON DL, ET AL., 1999",http://www.ncbi.nlm.nih.gov/entrez/query.fcgi?cmd=Retrieve&db=PubMed&list_uids=9933142&dopt=Abstract,doi
5128,5-HT2B,HTR2B,1864,TMA,,1082-88-8,,3H-5HT,HUMAN,CLONED,,307.0,"NELSON DL, ET AL., 1999",http://www.ncbi.nlm.nih.gov/entrez/query.fcgi?cmd=Retrieve&db=PubMed&list_uids=9933142&dopt=Abstract,tma
5131,5-HT2B,HTR2B,727,DON,,67460-68-8,,3H-5HT,HUMAN,CLONED,,166.0,"NELSON DL, ET AL., 1999",http://www.ncbi.nlm.nih.gov/entrez/query.fcgi?cmd=Retrieve&db=PubMed&list_uids=9933142&dopt=Abstract,don
5133,5-HT2B,HTR2B,733,DOPR,,64638-08-0,,3H-5HT,HUMAN,CLONED,,54.4,"NELSON DL, ET AL., 1999",http://www.ncbi.nlm.nih.gov/entrez/query.fcgi?cmd=Retrieve&db=PubMed&list_uids=9933142&dopt=Abstract,dopr
5142,5-HT2C,HTR2C,713,DOC,,64-85-7,11319.0,125I-DOI,HUMAN,CLONED,,2.0,"NELSON DL, ET AL., 1999",http://www.ncbi.nlm.nih.gov/entrez/query.fcgi?cmd=Retrieve&db=PubMed&list_uids=9933142&dopt=Abstract,doc
5143,5-HT2C,HTR2C,706,DOB,CC(CC1=CC(=C(C=C1OC)Br)OC)N,32156-26-6,,125I-DOI,HUMAN,CLONED,,1.3,"NELSON DL, ET AL., 1999",http://www.ncbi.nlm.nih.gov/entrez/query.fcgi?cmd=Retrieve&db=PubMed&list_uids=9933142&dopt=Abstract,dob
5144,5-HT2C,HTR2C,719,DOI,CC(CC1=CC(=C(C=C1OC)I)OC)N,82830-44-2,,125I-DOI,HUMAN,CLONED,,2.4,"NELSON DL, ET AL., 1999",http://www.ncbi.nlm.nih.gov/entrez/query.fcgi?cmd=Retrieve&db=PubMed&list_uids=9933142&dopt=Abstract,doi
5145,5-HT2C,HTR2C,1864,TMA,,1082-88-8,,125I-DOI,HUMAN,CLONED,,87.7,"NELSON DL, ET AL., 1999",http://www.ncbi.nlm.nih.gov/entrez/query.fcgi?cmd=Retrieve&db=PubMed&list_uids=9933142&dopt=Abstract,tma
5148,5-HT2C,HTR2C,727,DON,,67460-68-8,,125I-DOI,HUMAN,CLONED,,22.4,"NELSON DL, ET AL., 1999",http://www.ncbi.nlm.nih.gov/entrez/query.fcgi?cmd=Retrieve&db=PubMed&list_uids=9933142&dopt=Abstract,don
5150,5-HT2C,HTR2C,733,DOPR,,64638-08-0,,125I-DOI,HUMAN,CLONED,,1.1,"NELSON DL, ET AL., 1999",http://www.ncbi.nlm.nih.gov/entrez/query.fcgi?cmd=Retrieve&db=PubMed&list_uids=9933142&dopt=Abstract,dopr
5159,5-HT2B,HTR2B,713,DOC,,64-85-7,11319.0,3H-5HT,RAT,CLONED,,26.8,"NELSON DL, ET AL., 1999",http://www.ncbi.nlm.nih.gov/entrez/query.fcgi?cmd=Retrieve&db=PubMed&list_uids=9933142&dopt=Abstract,doc
5160,5-HT2B,HTR2B,706,DOB,CC(CC1=CC(=C(C=C1OC)Br)OC)N,32156-26-6,,3H-5HT,RAT,CLONED,,21.8,"NELSON DL, ET AL., 1999",http://www.ncbi.nlm.nih.gov/entrez/query.fcgi?cmd=Retrieve&db=PubMed&list_uids=9933142&dopt=Abstract,dob
5161,5-HT2B,HTR2B,719,DOI,CC(CC1=CC(=C(C=C1OC)I)OC)N,82830-44-2,,3H-5HT,RAT,CLONED,,26.6,"NELSON DL, ET AL., 1999",http://www.ncbi.nlm.nih.gov/entrez/query.fcgi?cmd=Retrieve&db=PubMed&list_uids=9933142&dopt=Abstract,doi
5162,5-HT2B,HTR2B,1864,TMA,,1082-88-8,,3H-5HT,RAT,CLONED,,187.0,"NELSON DL, ET AL., 1999",http://www.ncbi.nlm.nih.gov/entrez/query.fcgi?cmd=Retrieve&db=PubMed&list_uids=9933142&dopt=Abstract,tma
5165,5-HT2B,HTR2B,727,DON,,67460-68-8,,3H-5HT,RAT,CLONED,,248.0,"NELSON DL, ET AL., 1999",http://www.ncbi.nlm.nih.gov/entrez/query.fcgi?cmd=Retrieve&db=PubMed&list_uids=9933142&dopt=Abstract,don
5167,5-HT2B,HTR2B,733,DOPR,,64638-08-0,,3H-5HT,RAT,CLONED,,115.0,"NELSON DL, ET AL., 1999",http://www.ncbi.nlm.nih.gov/entrez/query.fcgi?cmd=Retrieve&db=PubMed&list_uids=9933142&dopt=Abstract,dopr
5220,5-HT7,HTR7,1091,LSD,CCN(CC)C(=O)C1CN(C2CC3=CNC4=CC=CC(=C34)C2=C1)C,50-37-3,,3H-5HT,RAT,CLONED,,9.5,"RUAT M, ET AL., 1993",http://www.ncbi.nlm.nih.gov/entrez/query.fcgi?cmd=Retrieve&db=PubMed&list_uids=8397408&dopt=Abstract,lsd
5470,5-HT2B,HTR2B,1920,TRYPTAMINE,C1=CC=C2C(=C1)C(=CN2)CCN,61-54-1,165212.0,3H-5HT,HUMAN,CLONED,,73.2,"WAINSCOTT DB, ET AL., 1996",http://www.ncbi.nlm.nih.gov/entrez/query.fcgi?cmd=Retrieve&db=PubMed&list_uids=8632342&dopt=Abstract,tryptamine
5479,5-HT2B,HTR2B,1189,MELATONIN,CC(=O)NCCC1=CNC2=C1C=C(C=C2)OC,73-31-4,56423.0,3H-5HT,HUMAN,CLONED,>,10000.0,"WAINSCOTT DB, ET AL., 1996",http://www.ncbi.nlm.nih.gov/entrez/query.fcgi?cmd=Retrieve&db=PubMed&list_uids=8632342&dopt=Abstract,melatonin
5506,5-HT2B,HTR2B,719,DOI,CC(CC1=CC(=C(C=C1OC)I)OC)N,82830-44-2,,3H-5HT,HUMAN,CLONED,,20.2,"WAINSCOTT DB, ET AL., 1996",http://www.ncbi.nlm.nih.gov/entrez/query.fcgi?cmd=Retrieve&db=PubMed&list_uids=8632342&dopt=Abstract,doi
5509,5-HT2B,HTR2B,1920,TRYPTAMINE,C1=CC=C2C(=C1)C(=CN2)CCN,61-54-1,165212.0,3H-5HT,RAT,CLONED,,113.0,"WAINSCOTT DB, ET AL., 1996",http://www.ncbi.nlm.nih.gov/entrez/query.fcgi?cmd=Retrieve&db=PubMed&list_uids=8632342&dopt=Abstract,tryptamine
5544,5-HT2B,HTR2B,719,DOI,CC(CC1=CC(=C(C=C1OC)I)OC)N,82830-44-2,,3H-5HT,RAT,CLONED,,26.6,"WAINSCOTT DB, ET AL., 1996",http://www.ncbi.nlm.nih.gov/entrez/query.fcgi?cmd=Retrieve&db=PubMed&list_uids=8632342&dopt=Abstract,doi
5548,5-HT2A,HTR2A,1189,MELATONIN,CC(=O)NCCC1=CNC2=C1C=C(C=C2)OC,73-31-4,56423.0,125I-DOI,HUMAN,CLONED,>,10000.0,"WAINSCOTT DB, ET AL., 1996",http://www.ncbi.nlm.nih.gov/entrez/query.fcgi?cmd=Retrieve&db=PubMed&list_uids=8632342&dopt=Abstract,melatonin
5560,5-HT2A,HTR2A,719,DOI,CC(CC1=CC(=C(C=C1OC)I)OC)N,82830-44-2,,125I-DOI,HUMAN,CLONED,,0.65,"WAINSCOTT DB, ET AL., 1996",http://www.ncbi.nlm.nih.gov/entrez/query.fcgi?cmd=Retrieve&db=PubMed&list_uids=8632342&dopt=Abstract,doi
5564,5-HT2C,HTR2C,1189,MELATONIN,CC(=O)NCCC1=CNC2=C1C=C(C=C2)OC,73-31-4,56423.0,125I-DOI,HUMAN,CLONED,>,10000.0,"WAINSCOTT DB, ET AL., 1996",http://www.ncbi.nlm.nih.gov/entrez/query.fcgi?cmd=Retrieve&db=PubMed&list_uids=8632342&dopt=Abstract,melatonin
5578,5-HT2C,HTR2C,719,DOI,CC(CC1=CC(=C(C=C1OC)I)OC)N,82830-44-2,,125I-DOI,HUMAN,CLONED,,2.36,"WAINSCOTT DB, ET AL., 1996",http://www.ncbi.nlm.nih.gov/entrez/query.fcgi?cmd=Retrieve&db=PubMed&list_uids=8632342&dopt=Abstract,doi
5585,5-HT2B,HTR2B,719,DOI,CC(CC1=CC(=C(C=C1OC)I)OC)N,82830-44-2,,3H-5HT,HUMAN,CLONED,,19.9,"KURSAR JD, ET AL., 1994",http://www.ncbi.nlm.nih.gov/entrez/query.fcgi?cmd=Retrieve&db=PubMed&list_uids=8078486&dopt=Abstract,doi
5596,5-HT2B,HTR2B,719,DOI,CC(CC1=CC(=C(C=C1OC)I)OC)N,82830-44-2,,3H-5HT,RAT,CLONED,,26.6,"KURSAR JD, ET AL., 1994",http://www.ncbi.nlm.nih.gov/entrez/query.fcgi?cmd=Retrieve&db=PubMed&list_uids=8078486&dopt=Abstract,doi
6277,5-HT7,HTR7,1920,TRYPTAMINE,C1=CC=C2C(=C1)C(=CN2)CCN,61-54-1,165212.0,3H-5CT,GUINEA PIG,CLONED,,19.05,"TO ZP, ET AL., 1995",http://www.ncbi.nlm.nih.gov/entrez/query.fcgi?cmd=Retrieve&db=PubMed&list_uids=7647964&dopt=Abstract,tryptamine
6314,5-HT7,HTR7,1920,TRYPTAMINE,C1=CC=C2C(=C1)C(=CN2)CCN,61-54-1,165212.0,3H-5CT,GUINEA PIG,CORTEX,,64.56,"TO ZP, ET AL., 1995",http://www.ncbi.nlm.nih.gov/entrez/query.fcgi?cmd=Retrieve&db=PubMed&list_uids=7647964&dopt=Abstract,tryptamine
6499,5-HT7,HTR7,1920,TRYPTAMINE,C1=CC=C2C(=C1)C(=CN2)CCN,61-54-1,165212.0,3H-5HT,HUMAN,CLONED,,149.0,"BARD JA, ET AL., 1993",http://www.ncbi.nlm.nih.gov/entrez/query.fcgi?cmd=Retrieve&db=PubMed&list_uids=8226867&dopt=Abstract,tryptamine
6522,5-HT6,HTR6,1920,TRYPTAMINE,C1=CC=C2C(=C1)C(=CN2)CCN,61-54-1,165212.0,125I-LSD,HUMAN,CLONED,,438.0,"BARD JA, ET AL., 1993",http://www.ncbi.nlm.nih.gov/entrez/query.fcgi?cmd=Retrieve&db=PubMed&list_uids=8226867&dopt=Abstract,tryptamine
6613,5-HT6,HTR6,719,DOI,CC(CC1=CC(=C(C=C1OC)I)OC)N,82830-44-2,,3H-5HT,MOUSE,CLONED,>,10000.0,"PLASSAT JL, ET AL., 1993",http://www.ncbi.nlm.nih.gov/entrez/query.fcgi?cmd=Retrieve&db=PubMed&list_uids=8394987&dopt=Abstract,doi
6651,5-HT1E,HTR1E,1920,TRYPTAMINE,C1=CC=C2C(=C1)C(=CN2)CCN,61-54-1,165212.0,3H-5HT,HUMAN,CLONED,,2559.0,"ZGOMBICK JM, ET AL., 1992",http://www.ncbi.nlm.nih.gov/entrez/query.fcgi?cmd=Retrieve&db=PubMed&list_uids=1513320&dopt=Abstract,tryptamine
6652,5-HT1E,HTR1E,719,DOI,CC(CC1=CC(=C(C=C1OC)I)OC)N,82830-44-2,,3H-5HT,HUMAN,CLONED,,2970.0,"ZGOMBICK JM, ET AL., 1992",http://www.ncbi.nlm.nih.gov/entrez/query.fcgi?cmd=Retrieve&db=PubMed&list_uids=1513320&dopt=Abstract,doi
6766,5-HT1F,HTR1F,719,DOI,CC(CC1=CC(=C(C=C1OC)I)OC)N,82830-44-2,,3H-5HT,HUMAN,CLONED,,1739.0,"Adham N, et al., 1992",http://www.ncbi.nlm.nih.gov/entrez/query.fcgi?cmd=Retrieve&db=PubMed&list_uids=8380639&dopt=Abstract,doi
6768,5-HT1F,HTR1F,1920,TRYPTAMINE,C1=CC=C2C(=C1)C(=CN2)CCN,61-54-1,165212.0,3H-5HT,HUMAN,CLONED,,2409.0,"Adham N, et al., 1992",http://www.ncbi.nlm.nih.gov/entrez/query.fcgi?cmd=Retrieve&db=PubMed&list_uids=8380639&dopt=Abstract,tryptamine
6854,5-HT1E,HTR1E,706,DOB,CC(CC1=CC(=C(C=C1OC)Br)OC)N,32156-26-6,,3H-5HT,HUMAN,CORTEX,,556.0,"LEONHARDT S, ET AL., 1989",http://www.ncbi.nlm.nih.gov/entrez/query.fcgi?cmd=Retrieve&db=PubMed&list_uids=2664084&dopt=Abstract,dob
6863,5-HT1D,HTR1D,706,DOB,CC(CC1=CC(=C(C=C1OC)Br)OC)N,32156-26-6,,3H-5HT,BOVINE,STRIATUM,,1000.0,"LEONHARDT S, ET AL., 1989",http://www.ncbi.nlm.nih.gov/entrez/query.fcgi?cmd=Retrieve&db=PubMed&list_uids=2664084&dopt=Abstract,dob
11876,5-HT2C,HTR2C,1920,TRYPTAMINE,C1=CC=C2C(=C1)C(=CN2)CCN,61-54-1,165212.0,3H-MESULERGINE,PORCINE,Choroid Plexus,,79.43,"Millan MJ, et al., 2000",http://www.ncbi.nlm.nih.gov:80/entrez/query.fcgi?cmd=Retrieve&db=PubMed&list_uids=10611634&dopt=Abstract#http://www.ncbi.nlm.nih.gov:80/entrez/query.fcgi?cmd=Retrieve&db=PubMed&list_uids=10611634&dopt=Abstract#,tryptamine
15278,5-HT1A,HTR1A,1091,LSD,CCN(CC)C(=O)C1CN(C2CC3=CNC4=CC=CC(=C34)C2=C1)C,50-37-3,,3H-cAMP,HUMAN,CLONED,,1.09,"BOESS FG, ET AL., 1994",http://www.ncbi.nlm.nih.gov:80/entrez/query.fcgi?cmd=Retrieve&db=PubMed&list_uids=7984267&dopt=Abstract#http://www.ncbi.nlm.nih.gov:80/entrez/query.fcgi?cmd=Retrieve&db=PubMed&list_uids=7984267&dopt=Abstract#,lsd
15283,5-HT1A,HTR1A,1920,TRYPTAMINE,C1=CC=C2C(=C1)C(=CN2)CCN,61-54-1,165212.0,3H-cAMP,HUMAN,CLONED,,104.71,"BOESS FG, ET AL., 1994",http://www.ncbi.nlm.nih.gov:80/entrez/query.fcgi?cmd=Retrieve&db=PubMed&list_uids=7984267&dopt=Abstract#http://www.ncbi.nlm.nih.gov:80/entrez/query.fcgi?cmd=Retrieve&db=PubMed&list_uids=7984267&dopt=Abstract#,tryptamine
15328,5-HT1D,HTR1D,1920,TRYPTAMINE,C1=CC=C2C(=C1)C(=CN2)CCN,61-54-1,165212.0,3H-5HT,HUMAN,CLONED,,85.11,"BOESS FG, ET AL., 1994",http://www.ncbi.nlm.nih.gov:80/entrez/query.fcgi?cmd=Retrieve&db=PubMed&list_uids=7984267&dopt=Abstract#http://www.ncbi.nlm.nih.gov:80/entrez/query.fcgi?cmd=Retrieve&db=PubMed&list_uids=7984267&dopt=Abstract#,tryptamine
15334,5-HT1D,HTR1D,1091,LSD,CCN(CC)C(=O)C1CN(C2CC3=CNC4=CC=CC(=C34)C2=C1)C,50-37-3,,3H-LSD,Dog,CLONED,,12.58,"BOESS FG, ET AL., 1994",http://www.ncbi.nlm.nih.gov:80/entrez/query.fcgi?cmd=Retrieve&db=PubMed&list_uids=7984267&dopt=Abstract#http://www.ncbi.nlm.nih.gov:80/entrez/query.fcgi?cmd=Retrieve&db=PubMed&list_uids=7984267&dopt=Abstract#,lsd
15347,5-HT1D,HTR1D,1920,TRYPTAMINE,C1=CC=C2C(=C1)C(=CN2)CCN,61-54-1,165212.0,3H-5HT,Dog,CLONED,,346.73,"BOESS FG, ET AL., 1994",http://www.ncbi.nlm.nih.gov:80/entrez/query.fcgi?cmd=Retrieve&db=PubMed&list_uids=7984267&dopt=Abstract#http://www.ncbi.nlm.nih.gov:80/entrez/query.fcgi?cmd=Retrieve&db=PubMed&list_uids=7984267&dopt=Abstract#,tryptamine
15377,5-HT1B,HTR1B,1920,TRYPTAMINE,C1=CC=C2C(=C1)C(=CN2)CCN,61-54-1,165212.0,3H-5HT,HUMAN,CLONED,,524.8,"BOESS FG, ET AL., 1994",http://www.ncbi.nlm.nih.gov:80/entrez/query.fcgi?cmd=Retrieve&db=PubMed&list_uids=7984267&dopt=Abstract#http://www.ncbi.nlm.nih.gov:80/entrez/query.fcgi?cmd=Retrieve&db=PubMed&list_uids=7984267&dopt=Abstract#,tryptamine
15553,5-HT2A,HTR2A,719,DOI,CC(CC1=CC(=C(C=C1OC)I)OC)N,82830-44-2,,3H-KETANSERIN,RAT,CLONED,,57.54,"BOESS FG, ET AL., 1994",http://www.ncbi.nlm.nih.gov:80/entrez/query.fcgi?cmd=Retrieve&db=PubMed&list_uids=7984267&dopt=Abstract#http://www.ncbi.nlm.nih.gov:80/entrez/query.fcgi?cmd=Retrieve&db=PubMed&list_uids=7984267&dopt=Abstract#,doi
15556,5-HT2A,HTR2A,1920,TRYPTAMINE,C1=CC=C2C(=C1)C(=CN2)CCN,61-54-1,165212.0,3H-KETANSERIN,RAT,CLONED,,3890.45,"BOESS FG, ET AL., 1994",http://www.ncbi.nlm.nih.gov:80/entrez/query.fcgi?cmd=Retrieve&db=PubMed&list_uids=7984267&dopt=Abstract#http://www.ncbi.nlm.nih.gov:80/entrez/query.fcgi?cmd=Retrieve&db=PubMed&list_uids=7984267&dopt=Abstract#,tryptamine
15557,5-HT2A,HTR2A,1091,LSD,CCN(CC)C(=O)C1CN(C2CC3=CNC4=CC=CC(=C34)C2=C1)C,50-37-3,,3H-KETANSERIN,RAT,CLONED,,12.02,"BOESS FG, ET AL., 1994",http://www.ncbi.nlm.nih.gov:80/entrez/query.fcgi?cmd=Retrieve&db=PubMed&list_uids=7984267&dopt=Abstract#http://www.ncbi.nlm.nih.gov:80/entrez/query.fcgi?cmd=Retrieve&db=PubMed&list_uids=7984267&dopt=Abstract#,lsd
15558,5-HT2A,HTR2A,706,DOB,CC(CC1=CC(=C(C=C1OC)Br)OC)N,32156-26-6,,3H-KETANSERIN,RAT,CLONED,,85.11,"BOESS FG, ET AL., 1994",http://www.ncbi.nlm.nih.gov:80/entrez/query.fcgi?cmd=Retrieve&db=PubMed&list_uids=7984267&dopt=Abstract#http://www.ncbi.nlm.nih.gov:80/entrez/query.fcgi?cmd=Retrieve&db=PubMed&list_uids=7984267&dopt=Abstract#,dob
15562,5-HT2A,HTR2A,719,DOI,CC(CC1=CC(=C(C=C1OC)I)OC)N,82830-44-2,,3H-KETANSERIN,RAT,CLONED,,87.09,"BOESS FG, ET AL., 1994",http://www.ncbi.nlm.nih.gov:80/entrez/query.fcgi?cmd=Retrieve&db=PubMed&list_uids=7984267&dopt=Abstract#http://www.ncbi.nlm.nih.gov:80/entrez/query.fcgi?cmd=Retrieve&db=PubMed&list_uids=7984267&dopt=Abstract#,doi
15567,5-HT2A,HTR2A,719,DOI,CC(CC1=CC(=C(C=C1OC)I)OC)N,82830-44-2,,125I-DOI,RAT,CLONED,,2.51,"BOESS FG, ET AL., 1994",http://www.ncbi.nlm.nih.gov:80/entrez/query.fcgi?cmd=Retrieve&db=PubMed&list_uids=7984267&dopt=Abstract#http://www.ncbi.nlm.nih.gov:80/entrez/query.fcgi?cmd=Retrieve&db=PubMed&list_uids=7984267&dopt=Abstract#,doi
15570,5-HT2A,HTR2A,1920,TRYPTAMINE,C1=CC=C2C(=C1)C(=CN2)CCN,61-54-1,165212.0,125I-DOI,RAT,CLONED,,25.11,"BOESS FG, ET AL., 1994",http://www.ncbi.nlm.nih.gov:80/entrez/query.fcgi?cmd=Retrieve&db=PubMed&list_uids=7984267&dopt=Abstract#http://www.ncbi.nlm.nih.gov:80/entrez/query.fcgi?cmd=Retrieve&db=PubMed&list_uids=7984267&dopt=Abstract#,tryptamine
15571,5-HT2A,HTR2A,1091,LSD,CCN(CC)C(=O)C1CN(C2CC3=CNC4=CC=CC(=C34)C2=C1)C,50-37-3,,125I-DOI,RAT,CLONED,,7.07,"BOESS FG, ET AL., 1994",http://www.ncbi.nlm.nih.gov:80/entrez/query.fcgi?cmd=Retrieve&db=PubMed&list_uids=7984267&dopt=Abstract#http://www.ncbi.nlm.nih.gov:80/entrez/query.fcgi?cmd=Retrieve&db=PubMed&list_uids=7984267&dopt=Abstract#,lsd
15572,5-HT2A,HTR2A,706,DOB,CC(CC1=CC(=C(C=C1OC)Br)OC)N,32156-26-6,,125I-DOI,RAT,CLONED,,1.0,"BOESS FG, ET AL., 1994",http://www.ncbi.nlm.nih.gov:80/entrez/query.fcgi?cmd=Retrieve&db=PubMed&list_uids=7984267&dopt=Abstract#http://www.ncbi.nlm.nih.gov:80/entrez/query.fcgi?cmd=Retrieve&db=PubMed&list_uids=7984267&dopt=Abstract#,dob
15576,5-HT2A,HTR2A,719,DOI,CC(CC1=CC(=C(C=C1OC)I)OC)N,82830-44-2,,125I-DOI,RAT,CLONED,,0.79,"BOESS FG, ET AL., 1994",http://www.ncbi.nlm.nih.gov:80/entrez/query.fcgi?cmd=Retrieve&db=PubMed&list_uids=7984267&dopt=Abstract#http://www.ncbi.nlm.nih.gov:80/entrez/query.fcgi?cmd=Retrieve&db=PubMed&list_uids=7984267&dopt=Abstract#,doi
15579,5-HT2A,HTR2A,719,DOI,CC(CC1=CC(=C(C=C1OC)I)OC)N,82830-44-2,,3H-DOI,HUMAN,CLONED,,1.58,"BOESS FG, ET AL., 1994",http://www.ncbi.nlm.nih.gov:80/entrez/query.fcgi?cmd=Retrieve&db=PubMed&list_uids=7984267&dopt=Abstract#http://www.ncbi.nlm.nih.gov:80/entrez/query.fcgi?cmd=Retrieve&db=PubMed&list_uids=7984267&dopt=Abstract#,doi
15581,5-HT2A,HTR2A,1920,TRYPTAMINE,C1=CC=C2C(=C1)C(=CN2)CCN,61-54-1,165212.0,3H-DOI,HUMAN,CLONED,,89.12,"BOESS FG, ET AL., 1994",http://www.ncbi.nlm.nih.gov:80/entrez/query.fcgi?cmd=Retrieve&db=PubMed&list_uids=7984267&dopt=Abstract#http://www.ncbi.nlm.nih.gov:80/entrez/query.fcgi?cmd=Retrieve&db=PubMed&list_uids=7984267&dopt=Abstract#,tryptamine
15587,5-HT2A,HTR2A,719,DOI,CC(CC1=CC(=C(C=C1OC)I)OC)N,82830-44-2,,3H-KETANSERIN,HUMAN,CLONED,,38.01,"BOESS FG, ET AL., 1994",http://www.ncbi.nlm.nih.gov:80/entrez/query.fcgi?cmd=Retrieve&db=PubMed&list_uids=7984267&dopt=Abstract#http://www.ncbi.nlm.nih.gov:80/entrez/query.fcgi?cmd=Retrieve&db=PubMed&list_uids=7984267&dopt=Abstract#,doi
15590,5-HT2A,HTR2A,1920,TRYPTAMINE,C1=CC=C2C(=C1)C(=CN2)CCN,61-54-1,165212.0,3H-KETANSERIN,HUMAN,CLONED,,3162.27,"BOESS FG, ET AL., 1994",http://www.ncbi.nlm.nih.gov:80/entrez/query.fcgi?cmd=Retrieve&db=PubMed&list_uids=7984267&dopt=Abstract#http://www.ncbi.nlm.nih.gov:80/entrez/query.fcgi?cmd=Retrieve&db=PubMed&list_uids=7984267&dopt=Abstract#,tryptamine
15593,5-HT2B,HTR2B,1920,TRYPTAMINE,C1=CC=C2C(=C1)C(=CN2)CCN,61-54-1,165212.0,3H-5HT,RAT,CLONED,,199.52,"BOESS FG, ET AL., 1994",http://www.ncbi.nlm.nih.gov:80/entrez/query.fcgi?cmd=Retrieve&db=PubMed&list_uids=7984267&dopt=Abstract#http://www.ncbi.nlm.nih.gov:80/entrez/query.fcgi?cmd=Retrieve&db=PubMed&list_uids=7984267&dopt=Abstract#,tryptamine
15607,5-HT2B,HTR2B,1920,TRYPTAMINE,C1=CC=C2C(=C1)C(=CN2)CCN,61-54-1,165212.0,3H-5HT,RAT,CLONED,,112.2,"BOESS FG, ET AL., 1994",http://www.ncbi.nlm.nih.gov:80/entrez/query.fcgi?cmd=Retrieve&db=PubMed&list_uids=7984267&dopt=Abstract#http://www.ncbi.nlm.nih.gov:80/entrez/query.fcgi?cmd=Retrieve&db=PubMed&list_uids=7984267&dopt=Abstract#,tryptamine
15629,5-HT2B,HTR2B,719,DOI,CC(CC1=CC(=C(C=C1OC)I)OC)N,82830-44-2,,3H-5HT,RAT,CLONED,,27.54,"BOESS FG, ET AL., 1994",http://www.ncbi.nlm.nih.gov:80/entrez/query.fcgi?cmd=Retrieve&db=PubMed&list_uids=7984267&dopt=Abstract#http://www.ncbi.nlm.nih.gov:80/entrez/query.fcgi?cmd=Retrieve&db=PubMed&list_uids=7984267&dopt=Abstract#,doi
15635,5-HT2B,HTR2B,1920,TRYPTAMINE,C1=CC=C2C(=C1)C(=CN2)CCN,61-54-1,165212.0,125I-DOI,MOUSE,CLONED,,199.52,"BOESS FG, ET AL., 1994",http://www.ncbi.nlm.nih.gov:80/entrez/query.fcgi?cmd=Retrieve&db=PubMed&list_uids=7984267&dopt=Abstract#http://www.ncbi.nlm.nih.gov:80/entrez/query.fcgi?cmd=Retrieve&db=PubMed&list_uids=7984267&dopt=Abstract#,tryptamine
15644,5-HT2C,HTR2C,706,DOB,CC(CC1=CC(=C(C=C1OC)Br)OC)N,32156-26-6,,125I-DOI,RAT,CLONED,,3.01,"BOESS FG, ET AL., 1994",http://www.ncbi.nlm.nih.gov:80/entrez/query.fcgi?cmd=Retrieve&db=PubMed&list_uids=7984267&dopt=Abstract#http://www.ncbi.nlm.nih.gov:80/entrez/query.fcgi?cmd=Retrieve&db=PubMed&list_uids=7984267&dopt=Abstract#,dob
15645,5-HT2C,HTR2C,722,DOM,CC1=CC(=C(C=C1OC)CC(C)N)OC,15588-95-1,,125I-DOI,RAT,CLONED,,41.68,"BOESS FG, ET AL., 1994",http://www.ncbi.nlm.nih.gov:80/entrez/query.fcgi?cmd=Retrieve&db=PubMed&list_uids=7984267&dopt=Abstract#http://www.ncbi.nlm.nih.gov:80/entrez/query.fcgi?cmd=Retrieve&db=PubMed&list_uids=7984267&dopt=Abstract#,dom
15646,5-HT2C,HTR2C,719,DOI,CC(CC1=CC(=C(C=C1OC)I)OC)N,82830-44-2,,125I-DOI,RAT,CLONED,,3.01,"BOESS FG, ET AL., 1994",http://www.ncbi.nlm.nih.gov:80/entrez/query.fcgi?cmd=Retrieve&db=PubMed&list_uids=7984267&dopt=Abstract#http://www.ncbi.nlm.nih.gov:80/entrez/query.fcgi?cmd=Retrieve&db=PubMed&list_uids=7984267&dopt=Abstract#,doi
15653,5-HT2C,HTR2C,706,DOB,CC(CC1=CC(=C(C=C1OC)Br)OC)N,32156-26-6,,3H-MESULERGINE,RAT,CLONED,,60.25,"BOESS FG, ET AL., 1994",http://www.ncbi.nlm.nih.gov:80/entrez/query.fcgi?cmd=Retrieve&db=PubMed&list_uids=7984267&dopt=Abstract#http://www.ncbi.nlm.nih.gov:80/entrez/query.fcgi?cmd=Retrieve&db=PubMed&list_uids=7984267&dopt=Abstract#,dob
15654,5-HT2C,HTR2C,719,DOI,CC(CC1=CC(=C(C=C1OC)I)OC)N,82830-44-2,,3H-MESULERGINE,RAT,CLONED,,44.66,"BOESS FG, ET AL., 1994",http://www.ncbi.nlm.nih.gov:80/entrez/query.fcgi?cmd=Retrieve&db=PubMed&list_uids=7984267&dopt=Abstract#http://www.ncbi.nlm.nih.gov:80/entrez/query.fcgi?cmd=Retrieve&db=PubMed&list_uids=7984267&dopt=Abstract#,doi
15655,5-HT2C,HTR2C,722,DOM,CC1=CC(=C(C=C1OC)CC(C)N)OC,15588-95-1,,3H-MESULERGINE,RAT,CLONED,,371.53,"BOESS FG, ET AL., 1994",http://www.ncbi.nlm.nih.gov:80/entrez/query.fcgi?cmd=Retrieve&db=PubMed&list_uids=7984267&dopt=Abstract#http://www.ncbi.nlm.nih.gov:80/entrez/query.fcgi?cmd=Retrieve&db=PubMed&list_uids=7984267&dopt=Abstract#,dom
15817,5-HT7,HTR7,1920,TRYPTAMINE,C1=CC=C2C(=C1)C(=CN2)CCN,61-54-1,165212.0,125I-LSD,RAT,CLONED,,33.11,"BOESS FG, ET AL., 1994",http://www.ncbi.nlm.nih.gov:80/entrez/query.fcgi?cmd=Retrieve&db=PubMed&list_uids=7984267&dopt=Abstract#http://www.ncbi.nlm.nih.gov:80/entrez/query.fcgi?cmd=Retrieve&db=PubMed&list_uids=7984267&dopt=Abstract#,tryptamine
15836,5-HT7,HTR7,1920,TRYPTAMINE,C1=CC=C2C(=C1)C(=CN2)CCN,61-54-1,165212.0,3H-5HT,RAT,CLONED,,16.21,"BOESS FG, ET AL., 1994",http://www.ncbi.nlm.nih.gov:80/entrez/query.fcgi?cmd=Retrieve&db=PubMed&list_uids=7984267&dopt=Abstract#http://www.ncbi.nlm.nih.gov:80/entrez/query.fcgi?cmd=Retrieve&db=PubMed&list_uids=7984267&dopt=Abstract#,tryptamine
15844,5-HT7,HTR7,1091,LSD,CCN(CC)C(=O)C1CN(C2CC3=CNC4=CC=CC(=C34)C2=C1)C,50-37-3,,3H-5HT,RAT,CLONED,,199.52,"BOESS FG, ET AL., 1994",http://www.ncbi.nlm.nih.gov:80/entrez/query.fcgi?cmd=Retrieve&db=PubMed&list_uids=7984267&dopt=Abstract#http://www.ncbi.nlm.nih.gov:80/entrez/query.fcgi?cmd=Retrieve&db=PubMed&list_uids=7984267&dopt=Abstract#,lsd
15872,5-HT7,HTR7,1920,TRYPTAMINE,C1=CC=C2C(=C1)C(=CN2)CCN,61-54-1,165212.0,3H-5HT,HUMAN,CLONED,,147.91,"BOESS FG, ET AL., 1994",http://www.ncbi.nlm.nih.gov:80/entrez/query.fcgi?cmd=Retrieve&db=PubMed&list_uids=7984267&dopt=Abstract#http://www.ncbi.nlm.nih.gov:80/entrez/query.fcgi?cmd=Retrieve&db=PubMed&list_uids=7984267&dopt=Abstract#,tryptamine
15883,5-HT7,HTR7,1091,LSD,CCN(CC)C(=O)C1CN(C2CC3=CNC4=CC=CC(=C34)C2=C1)C,50-37-3,,UNDEFINED,RAT,CLONED,,9.54,"BOESS FG, ET AL., 1994",http://www.ncbi.nlm.nih.gov:80/entrez/query.fcgi?cmd=Retrieve&db=PubMed&list_uids=7984267&dopt=Abstract#http://www.ncbi.nlm.nih.gov:80/entrez/query.fcgi?cmd=Retrieve&db=PubMed&list_uids=7984267&dopt=Abstract#,lsd
15914,5-HT1F,HTR1F,719,DOI,CC(CC1=CC(=C(C=C1OC)I)OC)N,82830-44-2,,3H-KETANSERIN,HUMAN,CLONED,,2511.88,"BOESS FG, ET AL., 1994",http://www.ncbi.nlm.nih.gov:80/entrez/query.fcgi?cmd=Retrieve&db=PubMed&list_uids=7984267&dopt=Abstract#http://www.ncbi.nlm.nih.gov:80/entrez/query.fcgi?cmd=Retrieve&db=PubMed&list_uids=7984267&dopt=Abstract#,doi
16353,5-HT1A,HTR1A,722,DOM,CC1=CC(=C(C=C1OC)CC(C)N)OC,15588-95-1,,3H-8-OH-DPAT,HUMAN,CLONED,,7267.0,"Pauwels PJ, Van Gompel P, and Leysen JE, 1993",http://www.ncbi.nlm.nih.gov:80/entrez/query.fcgi?cmd=Retrieve&db=PubMed&list_uids=8382063&dopt=Abstract#http://www.ncbi.nlm.nih.gov:80/entrez/query.fcgi?cmd=Retrieve&db=PubMed&list_uids=8382063&dopt=Abstract#,dom
16562,5-HT2A,HTR2A,1546,PSILOCIN,CN(C)CCC1=CNC2=C1C(=CC=C2)O,520-53-6,,125I-DOI,RAT,CLONED,,25.0,"Blair JB, et al., 2001",http://www.ncbi.nlm.nih.gov:80/entrez/query.fcgi?cmd=Retrieve&db=PubMed&list_uids=11101361&dopt=Abstract,psilocin
16563,5-HT2C,HTR2C,1546,PSILOCIN,CN(C)CCC1=CNC2=C1C(=CC=C2)O,520-53-6,,125I-DOI,RAT,CLONED,,10.0,"Blair JB, et al., 2001",http://www.ncbi.nlm.nih.gov:80/entrez/query.fcgi?cmd=Retrieve&db=PubMed&list_uids=11101361&dopt=Abstract,psilocin
16571,5-HT1A,HTR1A,1546,PSILOCIN,CN(C)CCC1=CNC2=C1C(=CC=C2)O,520-53-6,,3H-8-OH-DPAT,HUMAN,CLONED,,49.0,"Blair JB, et al., 2001",http://www.ncbi.nlm.nih.gov:80/entrez/query.fcgi?cmd=Retrieve&db=PubMed&list_uids=11101361&dopt=Abstract,psilocin
20706,5-HT1A,HTR1A,1920,TRYPTAMINE,C1=CC=C2C(=C1)C(=CN2)CCN,61-54-1,165212.0,3H-PAT,RAT,STRIATUM,>,10000.0,"Gozlan H et al., 1983",http://www.ncbi.nlm.nih.gov/entrez/query.fcgi?cmd=Retrieve&db=PubMed&list_uids=6225026&dopt=Abstract,tryptamine
20744,5-HT1A,HTR1A,1920,TRYPTAMINE,C1=CC=C2C(=C1)C(=CN2)CCN,61-54-1,165212.0,3H-PAT,RAT,HIPPOCAMPUS,,3715.3522909717,"Gozlan H et al., 1983",http://www.ncbi.nlm.nih.gov/entrez/query.fcgi?cmd=Retrieve&db=PubMed&list_uids=6225026&dopt=Abstract,tryptamine
21835,5-HT7,HTR7,1091,LSD,CCN(CC)C(=O)C1CN(C2CC3=CNC4=CC=CC(=C34)C2=C1)C,50-37-3,,3H-LSD,RAT,CLONED,,6.6,"Nichols DE, et al., 2002",http://www.ncbi.nlm.nih.gov/entrez/query.fcgi?cmd=Retrieve&db=PubMed&list_uids=12213075&dopt=Abstract,lsd
21861,5-HT6,HTR6,1091,LSD,CCN(CC)C(=O)C1CN(C2CC3=CNC4=CC=CC(=C34)C2=C1)C,50-37-3,,3H-LSD,RAT,CLONED,,6.9,"Nichols DE, et al., 2002",http://www.ncbi.nlm.nih.gov/entrez/query.fcgi?cmd=Retrieve&db=PubMed&list_uids=12213075&dopt=Abstract,lsd
21867,5-HT1B,HTR1B,1091,LSD,CCN(CC)C(=O)C1CN(C2CC3=CNC4=CC=CC(=C34)C2=C1)C,50-37-3,,3H-GR-125743,RAT,CLONED,,3.9,"Nichols DE, et al., 2002",http://www.ncbi.nlm.nih.gov/entrez/query.fcgi?cmd=Retrieve&db=PubMed&list_uids=12213075&dopt=Abstract,lsd
21880,5-HT1E,HTR1E,1091,LSD,CCN(CC)C(=O)C1CN(C2CC3=CNC4=CC=CC(=C34)C2=C1)C,50-37-3,,3H-5HT,RAT,CLONED,,93.0,"Nichols DE, et al., 2002",http://www.ncbi.nlm.nih.gov/entrez/query.fcgi?cmd=Retrieve&db=PubMed&list_uids=12213075&dopt=Abstract,lsd
21884,5-HT2B,HTR2B,1091,LSD,CCN(CC)C(=O)C1CN(C2CC3=CNC4=CC=CC(=C34)C2=C1)C,50-37-3,,3H-LSD,RAT,CLONED,,30.0,"Nichols DE, et al., 2002",http://www.ncbi.nlm.nih.gov/entrez/query.fcgi?cmd=Retrieve&db=PubMed&list_uids=12213075&dopt=Abstract,lsd
21889,5-HT1A,HTR1A,1091,LSD,CCN(CC)C(=O)C1CN(C2CC3=CNC4=CC=CC(=C34)C2=C1)C,50-37-3,,3H-8-OH-DPAT,HUMAN,CLONED,,1.1,"Nichols DE, et al., 2002",http://www.ncbi.nlm.nih.gov/entrez/query.fcgi?cmd=Retrieve&db=PubMed&list_uids=12213075&dopt=Abstract,lsd
21892,5-HT2C,HTR2C,1091,LSD,CCN(CC)C(=O)C1CN(C2CC3=CNC4=CC=CC(=C34)C2=C1)C,50-37-3,,125I-DOI,RAT,CLONED,,5.5,"Nichols DE, et al., 2002",http://www.ncbi.nlm.nih.gov/entrez/query.fcgi?cmd=Retrieve&db=PubMed&list_uids=12213075&dopt=Abstract,lsd
21894,5-HT2A,HTR2A,1091,LSD,CCN(CC)C(=O)C1CN(C2CC3=CNC4=CC=CC(=C34)C2=C1)C,50-37-3,,125I-DOI,RAT,CLONED,,3.5,"Nichols DE, et al., 2002",http://www.ncbi.nlm.nih.gov/entrez/query.fcgi?cmd=Retrieve&db=PubMed&list_uids=12213075&dopt=Abstract,lsd
24270,5-HT2B,HTR2B,1184,MDMA,CC(CC1=CC2=C(C=C1)OCO2)NC,1615,,3H-LSD,HUMAN,CLONED,,500.0,"Setola V, et al., 2003",http://molpharm.aspetjournals.org/cgi/content/full/63/6/1223,mdma
24447,5-HT2C,HTR2C,1189,MELATONIN,CC(=O)NCCC1=CNC2=C1C=C(C=C2)OC,73-31-4,56423.0,3H-MESULERGINE,HUMAN,CLONED,>,10000.0,"Millan MJ, et al., 2003",http://www.ncbi.nlm.nih.gov/entrez/query.fcgi?cmd=Retrieve&db=PubMed&list_uids=12750432&dopt=Abstract,melatonin
24449,5-HT2B,HTR2B,1189,MELATONIN,CC(=O)NCCC1=CNC2=C1C=C(C=C2)OC,73-31-4,56423.0,3H-MESULERGINE,HUMAN,CLONED,,5754.3994,"Millan MJ, et al., 2003",http://www.ncbi.nlm.nih.gov/entrez/query.fcgi?cmd=Retrieve&db=PubMed&list_uids=12750432&dopt=Abstract,melatonin
24451,5-HT2A,HTR2A,1189,MELATONIN,CC(=O)NCCC1=CNC2=C1C=C(C=C2)OC,73-31-4,56423.0,3H-KETANSERIN,HUMAN,CLONED,>,10000.0,"Millan MJ, et al., 2003",http://www.ncbi.nlm.nih.gov/entrez/query.fcgi?cmd=Retrieve&db=PubMed&list_uids=12750432&dopt=Abstract,melatonin
24452,5-HT2A,HTR2A,1189,MELATONIN,CC(=O)NCCC1=CNC2=C1C=C(C=C2)OC,73-31-4,56423.0,3H-KETANSERIN,RAT,FR. CORTEX,>,10000.0,"Millan MJ, et al., 2003",http://www.ncbi.nlm.nih.gov/entrez/query.fcgi?cmd=Retrieve&db=PubMed&list_uids=12750432&dopt=Abstract,melatonin
24455,5-HT2C,HTR2C,1189,MELATONIN,CC(=O)NCCC1=CNC2=C1C=C(C=C2)OC,73-31-4,56423.0,3H-MESULERGINE,PORCINE,Choroid Plexus,>,10000.0,"Millan MJ, et al., 2003",http://www.ncbi.nlm.nih.gov/entrez/query.fcgi?cmd=Retrieve&db=PubMed&list_uids=12750432&dopt=Abstract,melatonin
26933,5-HT6,HTR6,1091,LSD,CCN(CC)C(=O)C1CN(C2CC3=CNC4=CC=CC(=C34)C2=C1)C,50-37-3,,3H-LSD,HUMAN,CLONED,,2.2908676527678,"Hirst WD, et.al.,2003",http://www.ncbi.nlm.nih.gov/entrez/query.fcgi?cmd=Retrieve&db=PubMed&list_uids=14645659&dopt=Abstract,lsd
26934,5-HT6,HTR6,1091,LSD,CCN(CC)C(=O)C1CN(C2CC3=CNC4=CC=CC(=C34)C2=C1)C,50-37-3,,3H-LSD,RAT,CLONED,,2.6302679918954,"Hirst WD, et.al.,2003",http://www.ncbi.nlm.nih.gov/entrez/query.fcgi?cmd=Retrieve&db=PubMed&list_uids=14645659&dopt=Abstract,lsd
26935,5-HT6,HTR6,1091,LSD,CCN(CC)C(=O)C1CN(C2CC3=CNC4=CC=CC(=C34)C2=C1)C,50-37-3,,3H-LSD,MOUSE,CLONED,,2.8183829312644,"Hirst WD, et.al.,2003",http://www.ncbi.nlm.nih.gov/entrez/query.fcgi?cmd=Retrieve&db=PubMed&list_uids=14645659&dopt=Abstract,lsd
27190,5-HT2C,HTR2C,1189,MELATONIN,CC(=O)NCCC1=CNC2=C1C=C(C=C2)OC,73-31-4,56423.0,3H-MESULERGINE,HUMAN,CLONED,>,10000.0,"Millan MJ, et al., 2003a",http://www.ncbi.nlm.nih.gov/entrez/query.fcgi?cmd=Retrieve&db=PubMed&list_uids=12750432&dopt=Abstract,melatonin
27192,5-HT2B,HTR2B,1189,MELATONIN,CC(=O)NCCC1=CNC2=C1C=C(C=C2)OC,73-31-4,56423.0,3H-MESULERGINE,HUMAN,CLONED,,5754.3993733716,"Millan MJ, et al., 2003a",http://www.ncbi.nlm.nih.gov/entrez/query.fcgi?cmd=Retrieve&db=PubMed&list_uids=12750432&dopt=Abstract,melatonin
27194,5-HT2A,HTR2A,1189,MELATONIN,CC(=O)NCCC1=CNC2=C1C=C(C=C2)OC,73-31-4,56423.0,3H-KETANSERIN,HUMAN,CLONED,>,10000.0,"Millan MJ, et al., 2003a",http://www.ncbi.nlm.nih.gov/entrez/query.fcgi?cmd=Retrieve&db=PubMed&list_uids=12750432&dopt=Abstract,melatonin
27196,5-HT2A,HTR2A,1189,MELATONIN,CC(=O)NCCC1=CNC2=C1C=C(C=C2)OC,73-31-4,56423.0,3H-KETANSERIN,RAT,FR. CORTEX,>,10000.0,"Millan MJ, et al., 2003a",http://www.ncbi.nlm.nih.gov/entrez/query.fcgi?cmd=Retrieve&db=PubMed&list_uids=12750432&dopt=Abstract,melatonin
27197,5-HT2C,HTR2C,1189,MELATONIN,CC(=O)NCCC1=CNC2=C1C=C(C=C2)OC,73-31-4,56423.0,3H-MESULERGINE,PORCINE,Choroid Plexus,>,10000.0,"Millan MJ, et al., 2003a",http://www.ncbi.nlm.nih.gov/entrez/query.fcgi?cmd=Retrieve&db=PubMed&list_uids=12750432&dopt=Abstract,melatonin
27649,5-HT2B,HTR2B,1184,MDMA,CC(CC1=CC2=C(C=C1)OCO2)NC,1615,,3H-LSD,HUMAN,CLONED,,700.0,PDSP Certified Data,http://pdsp.med.unc.edu/pdsp.php,mdma
27656,5-HT7,HTR7,1184,MDMA,CC(CC1=CC2=C(C=C1)OCO2)NC,1615,,3H-LSD,HUMAN,CLONED,>,10000.0,PDSP Certified Data,http://pdsp.med.unc.edu/pdsp.php,mdma
27657,5-HT6,HTR6,1184,MDMA,CC(CC1=CC2=C(C=C1)OCO2)NC,1615,,3H-LSD,HUMAN,CLONED,>,10000.0,PDSP Certified Data,http://pdsp.med.unc.edu/pdsp.php,mdma
27659,5-HT3,HTR3A,1184,MDMA,CC(CC1=CC2=C(C=C1)OCO2)NC,1615,,3H-ZACOPRIDE,HUMAN,CLONED,>,10000.0,PDSP Certified Data,http://pdsp.med.unc.edu/pdsp.php,mdma
27661,5-HT2A,HTR2A,1184,MDMA,CC(CC1=CC2=C(C=C1)OCO2)NC,1615,,3H-KETANSERIN,RAT,CLONED,>,10000.0,PDSP Certified Data,http://pdsp.med.unc.edu/pdsp.php,mdma
27663,5-HT1E,HTR1E,1184,MDMA,CC(CC1=CC2=C(C=C1)OCO2)NC,1615,,3H-5HT,HUMAN,CLONED,>,10000.0,PDSP Certified Data,http://pdsp.med.unc.edu/pdsp.php,mdma
27664,5-HT1D,HTR1D,1184,MDMA,CC(CC1=CC2=C(C=C1)OCO2)NC,1615,,3H-GR-125743,HUMAN,CLONED,>,10000.0,PDSP Certified Data,http://pdsp.med.unc.edu/pdsp.php,mdma
27665,5-HT1B,HTR1B,1184,MDMA,CC(CC1=CC2=C(C=C1)OCO2)NC,1615,,3H-GR-125743,HUMAN,CLONED,>,10000.0,PDSP Certified Data,http://pdsp.med.unc.edu/pdsp.php,mdma
27666,5-HT1A,HTR1A,1184,MDMA,CC(CC1=CC2=C(C=C1)OCO2)NC,1615,,3H-8-OH-DPAT,HUMAN,CLONED,>,10000.0,PDSP Certified Data,http://pdsp.med.unc.edu/pdsp.php,mdma
27762,5-HT2B,HTR2B,1184,MDMA,CC(CC1=CC2=C(C=C1)OCO2)NC,1615,,Functional,HUMAN,CLONED,,2000.0,"Setola V, et al., 2003",http://molpharm.aspetjournals.org/cgi/content/full/63/6/1223,mdma
27900,5-HT2A,HTR2A,1091,LSD,CCN(CC)C(=O)C1CN(C2CC3=CNC4=CC=CC(=C34)C2=C1)C,50-37-3,,3H-KETANSERIN,HUMAN,CLONED,,5.2,"Egan C, et.al., 2000",http://www.ncbi.nlm.nih.gov/entrez/query.fcgi?cmd=Retrieve&db=PubMed&list_uids=10611640&dopt=Abstract,lsd
27901,5-HT2A,HTR2A,1091,LSD,CCN(CC)C(=O)C1CN(C2CC3=CNC4=CC=CC(=C34)C2=C1)C,50-37-3,,3H-DOB,HUMAN,CLONED,,2.7,"Egan C, et.al., 2000",http://www.ncbi.nlm.nih.gov/entrez/query.fcgi?cmd=Retrieve&db=PubMed&list_uids=10611640&dopt=Abstract,lsd
27910,5-HT2A,HTR2A,722,DOM,CC1=CC(=C(C=C1OC)CC(C)N)OC,15588-95-1,,3H-KETANSERIN,HUMAN,CLONED,,306.0,"Egan C, et.al., 2000",http://www.ncbi.nlm.nih.gov/entrez/query.fcgi?cmd=Retrieve&db=PubMed&list_uids=10611640&dopt=Abstract,dom
27911,5-HT2A,HTR2A,722,DOM,CC1=CC(=C(C=C1OC)CC(C)N)OC,15588-95-1,,3H-DOB,HUMAN,CLONED,,21.0,"Egan C, et.al., 2000",http://www.ncbi.nlm.nih.gov/entrez/query.fcgi?cmd=Retrieve&db=PubMed&list_uids=10611640&dopt=Abstract,dom
27914,5-HT2A,HTR2A,719,DOI,CC(CC1=CC(=C(C=C1OC)I)OC)N,82830-44-2,,3H-KETANSERIN,HUMAN,CLONED,,52.0,"Egan C, et.al., 2000",http://www.ncbi.nlm.nih.gov/entrez/query.fcgi?cmd=Retrieve&db=PubMed&list_uids=10611640&dopt=Abstract,doi
27915,5-HT2A,HTR2A,719,DOI,CC(CC1=CC(=C(C=C1OC)I)OC)N,82830-44-2,,3H-DOB,HUMAN,CLONED,,3.1,"Egan C, et.al., 2000",http://www.ncbi.nlm.nih.gov/entrez/query.fcgi?cmd=Retrieve&db=PubMed&list_uids=10611640&dopt=Abstract,doi
27918,5-HT2A,HTR2A,706,DOB,CC(CC1=CC(=C(C=C1OC)Br)OC)N,32156-26-6,,3H-KETANSERIN,HUMAN,CLONED,,81.0,"Egan C, et.al., 2000",http://www.ncbi.nlm.nih.gov/entrez/query.fcgi?cmd=Retrieve&db=PubMed&list_uids=10611640&dopt=Abstract,dob
27919,5-HT2A,HTR2A,706,DOB,CC(CC1=CC(=C(C=C1OC)Br)OC)N,32156-26-6,,3H-DOB,HUMAN,CLONED,,3.3,"Egan C, et.al., 2000",http://www.ncbi.nlm.nih.gov/entrez/query.fcgi?cmd=Retrieve&db=PubMed&list_uids=10611640&dopt=Abstract,dob
27926,5-HT2C,HTR2C,1091,LSD,CCN(CC)C(=O)C1CN(C2CC3=CNC4=CC=CC(=C34)C2=C1)C,50-37-3,,3H-MESULERGINE,RAT,CLONED,,7.0,"Egan C, et.al., 2000",http://www.ncbi.nlm.nih.gov/entrez/query.fcgi?cmd=Retrieve&db=PubMed&list_uids=10611640&dopt=Abstract,lsd
27927,5-HT2C,HTR2C,1091,LSD,CCN(CC)C(=O)C1CN(C2CC3=CNC4=CC=CC(=C34)C2=C1)C,50-37-3,,3H-5HT,RAT,CLONED,,2.8,"Egan C, et.al., 2000",http://www.ncbi.nlm.nih.gov/entrez/query.fcgi?cmd=Retrieve&db=PubMed&list_uids=10611640&dopt=Abstract,lsd
27930,5-HT2C,HTR2C,719,DOI,CC(CC1=CC(=C(C=C1OC)I)OC)N,82830-44-2,,3H-MESULERGINE,RAT,CLONED,,60.0,"Egan C, et.al., 2000",http://www.ncbi.nlm.nih.gov/entrez/query.fcgi?cmd=Retrieve&db=PubMed&list_uids=10611640&dopt=Abstract,doi
27931,5-HT2C,HTR2C,719,DOI,CC(CC1=CC(=C(C=C1OC)I)OC)N,82830-44-2,,3H-5HT,RAT,CLONED,,9.3,"Egan C, et.al., 2000",http://www.ncbi.nlm.nih.gov/entrez/query.fcgi?cmd=Retrieve&db=PubMed&list_uids=10611640&dopt=Abstract,doi
27936,5-HT2C,HTR2C,1920,TRYPTAMINE,C1=CC=C2C(=C1)C(=CN2)CCN,61-54-1,165212.0,3H-MESULERGINE,RAT,CLONED,,772.0,"Egan C, et.al., 2000",http://www.ncbi.nlm.nih.gov/entrez/query.fcgi?cmd=Retrieve&db=PubMed&list_uids=10611640&dopt=Abstract,tryptamine
27937,5-HT2C,HTR2C,1920,TRYPTAMINE,C1=CC=C2C(=C1)C(=CN2)CCN,61-54-1,165212.0,3H-5HT,RAT,CLONED,,62.0,"Egan C, et.al., 2000",http://www.ncbi.nlm.nih.gov/entrez/query.fcgi?cmd=Retrieve&db=PubMed&list_uids=10611640&dopt=Abstract,tryptamine
27940,5-HT2C,HTR2C,706,DOB,CC(CC1=CC(=C(C=C1OC)Br)OC)N,32156-26-6,,3H-MESULERGINE,RAT,CLONED,,152.0,"Egan C, et.al., 2000",http://www.ncbi.nlm.nih.gov/entrez/query.fcgi?cmd=Retrieve&db=PubMed&list_uids=10611640&dopt=Abstract,dob
27941,5-HT2C,HTR2C,706,DOB,CC(CC1=CC(=C(C=C1OC)Br)OC)N,32156-26-6,,3H-5HT,RAT,CLONED,,10.0,"Egan C, et.al., 2000",http://www.ncbi.nlm.nih.gov/entrez/query.fcgi?cmd=Retrieve&db=PubMed&list_uids=10611640&dopt=Abstract,dob
31057,5-HT4,HTR4,1920,TRYPTAMINE,C1=CC=C2C(=C1)C(=CN2)CCN,61-54-1,165212.0,3H-5HT,MOUSE,Colliculus Neurons,>,10000.0,"BARD JA, ET AL., 1993",http://www.ncbi.nlm.nih.gov/entrez/query.fcgi?cmd=Retrieve&db=PubMed&list_uids=8226867&dopt=Abstract,tryptamine
31360,5-HT7,HTR7,1091,LSD,CCN(CC)C(=O)C1CN(C2CC3=CNC4=CC=CC(=C34)C2=C1)C,50-37-3,,3H-MESULERGINE,RAT,BRAIN,,7.9432823472428,"Hemedah M, et al., 1999",http://www.ncbi.nlm.nih.gov/entrez/query.fcgi?cmd=Retrieve&db=pubmed&dopt=Abstract&list_uids=10051134,lsd
31371,5-HT7,HTR7,1091,LSD,CCN(CC)C(=O)C1CN(C2CC3=CNC4=CC=CC(=C34)C2=C1)C,50-37-3,,3H-MESULERGINE,GUINEA PIG,ILEUM,,0.3981071705535,"Hemedah M, et al., 1999",http://www.ncbi.nlm.nih.gov/entrez/query.fcgi?cmd=Retrieve&db=pubmed&dopt=Abstract&list_uids=10051134,lsd
32541,5-HT2C,HTR2C,1091,LSD,CCN(CC)C(=O)C1CN(C2CC3=CNC4=CC=CC(=C34)C2=C1)C,50-37-3,,3H-MESULERGINE,PIG,CORTEX,,7.9432823472428,"PAZOS ET AL, 1984",,lsd
32555,5-HT2C,HTR2C,1091,LSD,CCN(CC)C(=O)C1CN(C2CC3=CNC4=CC=CC(=C34)C2=C1)C,50-37-3,,3H-MESULERGINE,PIG,Choroid Plexus,,7.9432823472428,"PAZOS ET AL, 1984",,lsd
32569,5-HT2C,HTR2C,1091,LSD,CCN(CC)C(=O)C1CN(C2CC3=CNC4=CC=CC(=C34)C2=C1)C,50-37-3,,3H-5HT,PIG,CORTEX,,6.3095734448019,"PAZOS ET AL, 1984",,lsd
32583,5-HT2C,HTR2C,1091,LSD,CCN(CC)C(=O)C1CN(C2CC3=CNC4=CC=CC(=C34)C2=C1)C,50-37-3,,3H-5HT,PIG,Choroid Plexus,,5.0118723362727,"PAZOS ET AL, 1984",,lsd
35047,5-HT7,HTR7,1189,MELATONIN,CC(=O)NCCC1=CNC2=C1C=C(C=C2)OC,73-31-4,56423.0,3H-LSD,RAT,CLONED,,1000.0,"SHEN Y, ET AL., 1993",http://www.ncbi.nlm.nih.gov/entrez/query.fcgi?cmd=Retrieve&db=PubMed&list_uids=8394362&dopt=Abstract,melatonin
35048,5-HT7,HTR7,1189,MELATONIN,CC(=O)NCCC1=CNC2=C1C=C(C=C2)OC,73-31-4,56423.0,3H-5HT,RAT,CLONED,,1000.0,"SHEN Y, ET AL., 1993",http://www.ncbi.nlm.nih.gov/entrez/query.fcgi?cmd=Retrieve&db=PubMed&list_uids=8394362&dopt=Abstract,melatonin
39578,5-HT2A,HTR2A,1920,TRYPTAMINE,C1=CC=C2C(=C1)C(=CN2)CCN,61-54-1,165212.0,Functional,HUMAN,CLONED,,257.03957827689,"Porter RH, et.al., 1999",http://www.ncbi.nlm.nih.gov/entrez/query.fcgi?cmd=Retrieve&db=pubmed&dopt=Abstract&list_uids=10498829&query_hl=2,tryptamine
39588,5-HT2A,HTR2A,719,DOI,CC(CC1=CC(=C(C=C1OC)I)OC)N,82830-44-2,,Functional,HUMAN,CLONED,,0.89125093813374,"Porter RH, et.al., 1999",http://www.ncbi.nlm.nih.gov/entrez/query.fcgi?cmd=Retrieve&db=pubmed&dopt=Abstract&list_uids=10498829&query_hl=2,doi
39589,5-HT2A,HTR2A,706,DOB,CC(CC1=CC(=C(C=C1OC)Br)OC)N,32156-26-6,,Functional,HUMAN,CLONED,,1.5135612484362,"Porter RH, et.al., 1999",http://www.ncbi.nlm.nih.gov/entrez/query.fcgi?cmd=Retrieve&db=pubmed&dopt=Abstract&list_uids=10498829&query_hl=2,dob
39590,5-HT2A,HTR2A,1091,LSD,CCN(CC)C(=O)C1CN(C2CC3=CNC4=CC=CC(=C34)C2=C1)C,50-37-3,,Functional,HUMAN,CLONED,,21.379620895022,"Porter RH, et.al., 1999",http://www.ncbi.nlm.nih.gov/entrez/query.fcgi?cmd=Retrieve&db=pubmed&dopt=Abstract&list_uids=10498829&query_hl=2,lsd
39599,5-HT2B,HTR2B,1920,TRYPTAMINE,C1=CC=C2C(=C1)C(=CN2)CCN,61-54-1,165212.0,Functional,HUMAN,CLONED,,29.512092266664,"Porter RH, et.al., 1999",http://www.ncbi.nlm.nih.gov/entrez/query.fcgi?cmd=Retrieve&db=pubmed&dopt=Abstract&list_uids=10498829&query_hl=2,tryptamine
39610,5-HT2B,HTR2B,719,DOI,CC(CC1=CC(=C(C=C1OC)I)OC)N,82830-44-2,,Functional,HUMAN,CLONED,,1.4125375446228,"Porter RH, et.al., 1999",http://www.ncbi.nlm.nih.gov/entrez/query.fcgi?cmd=Retrieve&db=pubmed&dopt=Abstract&list_uids=10498829&query_hl=2,doi
39611,5-HT2B,HTR2B,706,DOB,CC(CC1=CC(=C(C=C1OC)Br)OC)N,32156-26-6,,Functional,HUMAN,CLONED,,2.8840315031266,"Porter RH, et.al., 1999",http://www.ncbi.nlm.nih.gov/entrez/query.fcgi?cmd=Retrieve&db=pubmed&dopt=Abstract&list_uids=10498829&query_hl=2,dob
39612,5-HT2B,HTR2B,1091,LSD,CCN(CC)C(=O)C1CN(C2CC3=CNC4=CC=CC(=C34)C2=C1)C,50-37-3,,Functional,HUMAN,CLONED,,8.9125093813374,"Porter RH, et.al., 1999",http://www.ncbi.nlm.nih.gov/entrez/query.fcgi?cmd=Retrieve&db=pubmed&dopt=Abstract&list_uids=10498829&query_hl=2,lsd
39619,5-HT2C,HTR2C,1920,TRYPTAMINE,C1=CC=C2C(=C1)C(=CN2)CCN,61-54-1,165212.0,Functional,HUMAN,CLONED,,45.708818961488,"Porter RH, et.al., 1999",http://www.ncbi.nlm.nih.gov/entrez/query.fcgi?cmd=Retrieve&db=pubmed&dopt=Abstract&list_uids=10498829&query_hl=2,tryptamine
39630,5-HT2C,HTR2C,719,DOI,CC(CC1=CC(=C(C=C1OC)I)OC)N,82830-44-2,,Functional,HUMAN,CLONED,,7.9432823472428,"Porter RH, et.al., 1999",http://www.ncbi.nlm.nih.gov/entrez/query.fcgi?cmd=Retrieve&db=pubmed&dopt=Abstract&list_uids=10498829&query_hl=2,doi
39631,5-HT2C,HTR2C,706,DOB,CC(CC1=CC(=C(C=C1OC)Br)OC)N,32156-26-6,,Functional,HUMAN,CLONED,,7.7624711662869,"Porter RH, et.al., 1999",http://www.ncbi.nlm.nih.gov/entrez/query.fcgi?cmd=Retrieve&db=pubmed&dopt=Abstract&list_uids=10498829&query_hl=2,dob
39632,5-HT2C,HTR2C,1091,LSD,CCN(CC)C(=O)C1CN(C2CC3=CNC4=CC=CC(=C34)C2=C1)C,50-37-3,,Functional,HUMAN,CLONED,,45.708818961488,"Porter RH, et.al., 1999",http://www.ncbi.nlm.nih.gov/entrez/query.fcgi?cmd=Retrieve&db=pubmed&dopt=Abstract&list_uids=10498829&query_hl=2,lsd
39655,5-HT2A,HTR2A,1091,LSD,CCN(CC)C(=O)C1CN(C2CC3=CNC4=CC=CC(=C34)C2=C1)C,50-37-3,,125I-DOI,HUMAN,CLONED,,0.75857757502919,"Knight AR, et al., 2004",http://www.ncbi.nlm.nih.gov/entrez/query.fcgi?cmd=Retrieve&db=pubmed&dopt=Abstract&list_uids=15322733&query_hl=1,lsd
39656,5-HT2A,HTR2A,706,DOB,CC(CC1=CC(=C(C=C1OC)Br)OC)N,32156-26-6,,125I-DOI,HUMAN,CLONED,,1.1748975549395,"Knight AR, et al., 2004",http://www.ncbi.nlm.nih.gov/entrez/query.fcgi?cmd=Retrieve&db=pubmed&dopt=Abstract&list_uids=15322733&query_hl=1,dob
39671,5-HT2A,HTR2A,1920,TRYPTAMINE,C1=CC=C2C(=C1)C(=CN2)CCN,61-54-1,165212.0,125I-DOI,HUMAN,CLONED,,218.77616239496,"Knight AR, et al., 2004",http://www.ncbi.nlm.nih.gov/entrez/query.fcgi?cmd=Retrieve&db=pubmed&dopt=Abstract&list_uids=15322733&query_hl=1,tryptamine
39679,5-HT2B,HTR2B,1091,LSD,CCN(CC)C(=O)C1CN(C2CC3=CNC4=CC=CC(=C34)C2=C1)C,50-37-3,,3H-5HT,HUMAN,CLONED,,0.97723722095581,"Knight AR, et al., 2004",http://www.ncbi.nlm.nih.gov/entrez/query.fcgi?cmd=Retrieve&db=pubmed&dopt=Abstract&list_uids=15322733&query_hl=1,lsd
39680,5-HT2B,HTR2B,706,DOB,CC(CC1=CC(=C(C=C1OC)Br)OC)N,32156-26-6,,3H-5HT,HUMAN,CLONED,,43.651583224017,"Knight AR, et al., 2004",http://www.ncbi.nlm.nih.gov/entrez/query.fcgi?cmd=Retrieve&db=pubmed&dopt=Abstract&list_uids=15322733&query_hl=1,dob
39695,5-HT2B,HTR2B,1920,TRYPTAMINE,C1=CC=C2C(=C1)C(=CN2)CCN,61-54-1,165212.0,3H-5HT,HUMAN,CLONED,,102.32929922808,"Knight AR, et al., 2004",http://www.ncbi.nlm.nih.gov/entrez/query.fcgi?cmd=Retrieve&db=pubmed&dopt=Abstract&list_uids=15322733&query_hl=1,tryptamine
39703,5-HT2C,HTR2C,1091,LSD,CCN(CC)C(=O)C1CN(C2CC3=CNC4=CC=CC(=C34)C2=C1)C,50-37-3,,3H-5HT,HUMAN,CLONED,,1.0964781961432,"Knight AR, et al., 2004",http://www.ncbi.nlm.nih.gov/entrez/query.fcgi?cmd=Retrieve&db=pubmed&dopt=Abstract&list_uids=15322733&query_hl=1,lsd
39704,5-HT2C,HTR2C,706,DOB,CC(CC1=CC(=C(C=C1OC)Br)OC)N,32156-26-6,,3H-5HT,HUMAN,CLONED,,6.3095734448019,"Knight AR, et al., 2004",http://www.ncbi.nlm.nih.gov/entrez/query.fcgi?cmd=Retrieve&db=pubmed&dopt=Abstract&list_uids=15322733&query_hl=1,dob
39719,5-HT2C,HTR2C,1920,TRYPTAMINE,C1=CC=C2C(=C1)C(=CN2)CCN,61-54-1,165212.0,3H-5HT,HUMAN,CLONED,,2344.2288153199,"Knight AR, et al., 2004",http://www.ncbi.nlm.nih.gov/entrez/query.fcgi?cmd=Retrieve&db=pubmed&dopt=Abstract&list_uids=15322733&query_hl=1,tryptamine
39807,5-HT2C,HTR2C,719,DOI,CC(CC1=CC(=C(C=C1OC)I)OC)N,82830-44-2,,3H-MESULERGINE,HUMAN,CLONED,,18.620871366629,"Cussac D, et al., 2002",http://www.ncbi.nlm.nih.gov/entrez/query.fcgi?cmd=Retrieve&db=pubmed&dopt=Abstract&list_uids=11882920&query_hl=1,doi
39816,5-HT2B,HTR2B,719,DOI,CC(CC1=CC(=C(C=C1OC)I)OC)N,82830-44-2,,3H-MESULERGINE,HUMAN,CLONED,,7.0794578438414,"Cussac D, et al., 2002",http://www.ncbi.nlm.nih.gov/entrez/query.fcgi?cmd=Retrieve&db=pubmed&dopt=Abstract&list_uids=11882920&query_hl=1,doi
49779,5-HT1A,HTR1A,1547,PSILOCYBIN,CN(C)CCC1=CNC2=C1C(=CC=C2)OP(=O)(O)O,520-52-5,,3H-8-OH-DPAT,HUMAN,CLONED,>,10000.0,PDSP Certified Data,http://pdsp.med.unc.edu/pdsp.php,psilocybin
49780,5-HT1B,HTR1B,1547,PSILOCYBIN,CN(C)CCC1=CNC2=C1C(=CC=C2)OP(=O)(O)O,520-52-5,,3H-GR-125743,HUMAN,CLONED,>,10000.0,PDSP Certified Data,http://pdsp.med.unc.edu/pdsp.php,psilocybin
49781,5-HT1D,HTR1D,1547,PSILOCYBIN,CN(C)CCC1=CNC2=C1C(=CC=C2)OP(=O)(O)O,520-52-5,,3H-GR-125743,HUMAN,CLONED,,2119.0,PDSP Certified Data,http://pdsp.med.unc.edu/pdsp.php,psilocybin
49782,5-HT1E,HTR1E,1547,PSILOCYBIN,CN(C)CCC1=CNC2=C1C(=CC=C2)OP(=O)(O)O,520-52-5,,3H-5HT,HUMAN,CLONED,,194.8,PDSP Certified Data,http://pdsp.med.unc.edu/pdsp.php,psilocybin
49783,5-HT2A,HTR2A,1547,PSILOCYBIN,CN(C)CCC1=CNC2=C1C(=CC=C2)OP(=O)(O)O,520-52-5,,3H-KETANSERIN,HUMAN,CLONED,>,10000.0,PDSP Certified Data,http://pdsp.med.unc.edu/pdsp.php,psilocybin
49784,5-HT2C,HTR2C,1547,PSILOCYBIN,CN(C)CCC1=CNC2=C1C(=CC=C2)OP(=O)(O)O,520-52-5,,3H-MESULERGINE,RAT,CLONED,>,10000.0,PDSP Certified Data,http://pdsp.med.unc.edu/pdsp.php,psilocybin
49785,5-HT3,HTR3A,1547,PSILOCYBIN,CN(C)CCC1=CNC2=C1C(=CC=C2)OP(=O)(O)O,520-52-5,,3H-LY 278584,HUMAN,CLONED,>,10000.0,PDSP Certified Data,http://pdsp.med.unc.edu/pdsp.php,psilocybin
49787,5-HT6,HTR6,1547,PSILOCYBIN,CN(C)CCC1=CNC2=C1C(=CC=C2)OP(=O)(O)O,520-52-5,,3H-LSD,HUMAN,CLONED,,413.5,PDSP Certified Data,http://pdsp.med.unc.edu/pdsp.php,psilocybin
49788,5-HT7,HTR7,1547,PSILOCYBIN,CN(C)CCC1=CNC2=C1C(=CC=C2)OP(=O)(O)O,520-52-5,,3H-LSD,HUMAN,CLONED,,597.9,PDSP Certified Data,http://pdsp.med.unc.edu/pdsp.php,psilocybin
49789,5-HT2B,HTR2B,1547,PSILOCYBIN,CN(C)CCC1=CNC2=C1C(=CC=C2)OP(=O)(O)O,520-52-5,,3H-LSD,HUMAN,CLONED,,98.7,PDSP Certified Data,http://pdsp.med.unc.edu/pdsp.php,psilocybin
50464,5-HT2A,HTR2A,1204,MESCALINE,COC1=CC(=CC(=C1OC)OC)CCN,54-04-6,30419.0,125I-DOI,RAT,CORTEX,,150.0,"MCKENNA & PEROUTKA, 1989",http://www.ncbi.nlm.nih.gov/pubmed/2795135?itool=EntrezSystem2.PEntrez.Pubmed.Pubmed_ResultsPanel.Pubmed_RVDocSum&ordinalpos=33,mescaline
50468,5-HT2A,HTR2A,1920,TRYPTAMINE,C1=CC=C2C(=C1)C(=CN2)CCN,61-54-1,165212.0,125I-DOI,RAT,CORTEX,,11.0,"MCKENNA & PEROUTKA, 1989",http://www.ncbi.nlm.nih.gov/pubmed/2795135?itool=EntrezSystem2.PEntrez.Pubmed.Pubmed_ResultsPanel.Pubmed_RVDocSum&ordinalpos=33,tryptamine
50476,5-HT2A,HTR2A,1547,PSILOCYBIN,CN(C)CCC1=CNC2=C1C(=CC=C2)OP(=O)(O)O,520-52-5,,125I-DOI,RAT,CORTEX,,13.0,"MCKENNA & PEROUTKA, 1989",http://www.ncbi.nlm.nih.gov/pubmed/2795135?itool=EntrezSystem2.PEntrez.Pubmed.Pubmed_ResultsPanel.Pubmed_RVDocSum&ordinalpos=33,psilocybin
50478,5-HT2A,HTR2A,1546,PSILOCIN,CN(C)CCC1=CNC2=C1C(=CC=C2)O,520-53-6,,125I-DOI,RAT,CORTEX,,12.0,"MCKENNA & PEROUTKA, 1989",http://www.ncbi.nlm.nih.gov/pubmed/2795135?itool=EntrezSystem2.PEntrez.Pubmed.Pubmed_ResultsPanel.Pubmed_RVDocSum&ordinalpos=33,psilocin
50481,5-HT2A,HTR2A,1091,LSD,CCN(CC)C(=O)C1CN(C2CC3=CNC4=CC=CC(=C34)C2=C1)C,50-37-3,,125I-DOI,RAT,CORTEX,,3.5,"MCKENNA & PEROUTKA, 1989",http://www.ncbi.nlm.nih.gov/pubmed/2795135?itool=EntrezSystem2.PEntrez.Pubmed.Pubmed_ResultsPanel.Pubmed_RVDocSum&ordinalpos=33,lsd
50490,5-HT2A,HTR2A,692,DMT,CN(C)CCC1=CNC2=CC=CC=C21,61-50-7,63795.0,125I-DOI,RAT,CORTEX,,42.0,"MCKENNA & PEROUTKA, 1989",http://www.ncbi.nlm.nih.gov/pubmed/2795135?itool=EntrezSystem2.PEntrez.Pubmed.Pubmed_ResultsPanel.Pubmed_RVDocSum&ordinalpos=33,dmt
50633,5-HT7,HTR7,1184,MDMA,CC(CC1=CC2=C(C=C1)OCO2)NC,1615,,3H-LSD,HUMAN,CLONED,>,10000.0,"Setola V, et al., 2003",http://molpharm.aspetjournals.org/cgi/content/full/63/6/1223,mdma
50634,5-HT6,HTR6,1184,MDMA,CC(CC1=CC2=C(C=C1)OCO2)NC,1615,,3H-LSD,HUMAN,CLONED,>,10000.0,"Setola V, et al., 2003",http://molpharm.aspetjournals.org/cgi/content/full/63/6/1223,mdma
50636,5-HT3,HTR3A,1184,MDMA,CC(CC1=CC2=C(C=C1)OCO2)NC,1615,,3H-ZACOPRIDE,HUMAN,CLONED,>,10000.0,"Setola V, et al., 2003",http://molpharm.aspetjournals.org/cgi/content/full/63/6/1223,mdma
50638,5-HT2A,HTR2A,1184,MDMA,CC(CC1=CC2=C(C=C1)OCO2)NC,1615,,3H-KETANSERIN,RAT,CLONED,>,10000.0,"Setola V, et al., 2003",http://molpharm.aspetjournals.org/cgi/content/full/63/6/1223,mdma
50640,5-HT1E,HTR1E,1184,MDMA,CC(CC1=CC2=C(C=C1)OCO2)NC,1615,,3H-5HT,HUMAN,CLONED,>,10000.0,"Setola V, et al., 2003",http://molpharm.aspetjournals.org/cgi/content/full/63/6/1223,mdma
50641,5-HT1D,HTR1D,1184,MDMA,CC(CC1=CC2=C(C=C1)OCO2)NC,1615,,3H-GR-125743,HUMAN,CLONED,>,10000.0,"Setola V, et al., 2003",http://molpharm.aspetjournals.org/cgi/content/full/63/6/1223,mdma
50642,5-HT1B,HTR1B,1184,MDMA,CC(CC1=CC2=C(C=C1)OCO2)NC,1615,,3H-GR-125743,HUMAN,CLONED,>,10000.0,"Setola V, et al., 2003",http://molpharm.aspetjournals.org/cgi/content/full/63/6/1223,mdma
50643,5-HT1A,HTR1A,1184,MDMA,CC(CC1=CC2=C(C=C1)OCO2)NC,1615,,3H-8-OH-DPAT,HUMAN,CLONED,>,10000.0,"Setola V, et al., 2003",http://molpharm.aspetjournals.org/cgi/content/full/63/6/1223,mdma
50651,5-HT2C,HTR2C,1184,MDMA,CC(CC1=CC2=C(C=C1)OCO2)NC,1615,,3H-MESULERGINE,RAT,CLONED,>,10000.0,"Setola V, et al., 2003",http://molpharm.aspetjournals.org/cgi/content/full/63/6/1223,mdma
54962,5-HT2A,HTR2A,719,DOI,CC(CC1=CC(=C(C=C1OC)I)OC)N,82830-44-2,,UNDEFINED,UNDEFINED,UNDEFINED,,0.920000016689301,"Runyon SP et al., 2008",https://www.ncbi.nlm.nih.gov/pubmed/18847250,doi
54974,5-HT2A,HTR2A,706,DOB,CC(CC1=CC(=C(C=C1OC)Br)OC)N,32156-26-6,,UNDEFINED,UNDEFINED,UNDEFINED,,41.0,"Runyon SP et al., 2008",https://www.ncbi.nlm.nih.gov/pubmed/18847250,dob
54983,5-HT2A,HTR2A,706,DOB,CC(CC1=CC(=C(C=C1OC)Br)OC)N,32156-26-6,,UNDEFINED,UNDEFINED,UNDEFINED,,0.28999999165535,"Runyon SP et al., 2008",https://www.ncbi.nlm.nih.gov/pubmed/18847250,dob
54984,5-HT2A,HTR2A,706,DOB,CC(CC1=CC(=C(C=C1OC)Br)OC)N,32156-26-6,,UNDEFINED,UNDEFINED,UNDEFINED,,1.89999997615814,"Runyon SP et al., 2008",https://www.ncbi.nlm.nih.gov/pubmed/18847250,dob
58163,5-HT2B,HTR2B,1091,LSD,CCN(CC)C(=O)C1CN(C2CC3=CNC4=CC=CC(=C34)C2=C1)C,50-37-3,,3H-LSD,HUMAN,CLONED,,3.7153522909717,"Wacker D, et al., 2013",http://www.ncbi.nlm.nih.gov/pubmed/23519215,lsd
78869,5-HT1A,HTR1A,692,DMT,CN(C)CCC1=CNC2=CC=CC=C21,61-50-7,63795.0,3H-WAY100635,HUMAN,CLONED,>,10000.0,Ray TS 2010 ,https://www.ncbi.nlm.nih.gov/pubmed/20126400,dmt
78889,5-HT1A,HTR1A,1091,LSD,CCN(CC)C(=O)C1CN(C2CC3=CNC4=CC=CC(=C34)C2=C1)C,50-37-3,,3H-WAY100635,HUMAN,CLONED,,7.3,Ray TS 2010 ,https://www.ncbi.nlm.nih.gov/pubmed/20126400,lsd
78895,5-HT1A,HTR1A,948,IBOGAINE,CCC1CC2CC3C1N(C2)CCC4=C3NC5=C4C=C(C=C5)OC,83-74-9,249764.0,3H-WAY100635,HUMAN,CLONED,>,10000.0,Ray TS 2010 ,https://www.ncbi.nlm.nih.gov/pubmed/20126400,ibogaine
78902,5-HT1B,HTR1B,692,DMT,CN(C)CCC1=CNC2=CC=CC=C21,61-50-7,63795.0,3H-5-CT,HUMAN,CLONED,>,10000.0,Ray TS 2010 ,https://www.ncbi.nlm.nih.gov/pubmed/20126400,dmt
78926,5-HT1B,HTR1B,948,IBOGAINE,CCC1CC2CC3C1N(C2)CCC4=C3NC5=C4C=C(C=C5)OC,83-74-9,249764.0,3H-5-CT,HUMAN,CLONED,>,10000.0,Ray TS 2010 ,https://www.ncbi.nlm.nih.gov/pubmed/20126400,ibogaine
78933,5-HT1D,HTR1D,692,DMT,CN(C)CCC1=CNC2=CC=CC=C21,61-50-7,63795.0,3H-5-CT,HUMAN,CLONED,,93.0,Ray TS 2010 ,https://www.ncbi.nlm.nih.gov/pubmed/20126400,dmt
78959,5-HT1D,HTR1D,948,IBOGAINE,CCC1CC2CC3C1N(C2)CCC4=C3NC5=C4C=C(C=C5)OC,83-74-9,249764.0,3H-5-CT,HUMAN,CLONED,>,10000.0,Ray TS 2010 ,https://www.ncbi.nlm.nih.gov/pubmed/20126400,ibogaine
78966,5-HT1E,HTR1E,692,DMT,CN(C)CCC1=CNC2=CC=CC=C21,61-50-7,63795.0,3H-5-HT,HUMAN,CLONED,,455.7,Ray TS 2010 ,https://www.ncbi.nlm.nih.gov/pubmed/20126400,dmt
78998,5-HT2A,HTR2A,692,DMT,CN(C)CCC1=CNC2=CC=CC=C21,61-50-7,63795.0,3H-KETANSERIN,HUMAN,CLONED,,2323.0,Ray TS 2010 ,https://www.ncbi.nlm.nih.gov/pubmed/20126400,dmt
79024,5-HT2A,HTR2A,948,IBOGAINE,CCC1CC2CC3C1N(C2)CCC4=C3NC5=C4C=C(C=C5)OC,83-74-9,249764.0,3H-KETANSERIN,HUMAN,CLONED,>,10000.0,Ray TS 2010 ,https://www.ncbi.nlm.nih.gov/pubmed/20126400,ibogaine
79031,5-HT2B,HTR2B,692,DMT,CN(C)CCC1=CNC2=CC=CC=C21,61-50-7,63795.0,3H-LSD,HUMAN,CLONED,,107.6,Ray TS 2010 ,https://www.ncbi.nlm.nih.gov/pubmed/20126400,dmt
79062,5-HT2C,HTR2C,692,DMT,CN(C)CCC1=CNC2=CC=CC=C21,61-50-7,63795.0,3H-MESULERGINE,HUMAN,CLONED,,334.6,Ray TS 2010 ,https://www.ncbi.nlm.nih.gov/pubmed/20126400,dmt
79087,5-HT2C,HTR2C,948,IBOGAINE,CCC1CC2CC3C1N(C2)CCC4=C3NC5=C4C=C(C=C5)OC,83-74-9,249764.0,3H-MESULERGINE,HUMAN,CLONED,>,10000.0,Ray TS 2010 ,https://www.ncbi.nlm.nih.gov/pubmed/20126400,ibogaine
79124,5-HT6,HTR6,692,DMT,CN(C)CCC1=CNC2=CC=CC=C21,61-50-7,63795.0,3H-LSD,HUMAN,CLONED,,487.4,Ray TS 2010 ,https://www.ncbi.nlm.nih.gov/pubmed/20126400,dmt
79155,5-HT7,HTR7,692,DMT,CN(C)CCC1=CNC2=CC=CC=C21,61-50-7,63795.0,3H-LSD,HUMAN,CLONED,,87.5,Ray TS 2010 ,https://www.ncbi.nlm.nih.gov/pubmed/20126400,dmt
80048,5-HT3,HTR3A,692,DMT,CN(C)CCC1=CNC2=CC=CC=C21,61-50-7,63795.0,3H-GR-65630,HUMAN,CLONED,>,10000.0,Ray TS 2010 ,https://www.ncbi.nlm.nih.gov/pubmed/20126400,dmt
80072,5-HT3,HTR3A,948,IBOGAINE,CCC1CC2CC3C1N(C2)CCC4=C3NC5=C4C=C(C=C5)OC,83-74-9,249764.0,3H-GR-65630,HUMAN,CLONED,>,10000.0,Ray TS 2010 ,https://www.ncbi.nlm.nih.gov/pubmed/20126400,ibogaine
83200,5-HT1A,HTR1A,1091,LSD,CCN(CC)C(=O)C1CN(C2CC3=CNC4=CC=CC(=C34)C2=C1)C,50-37-3,,3H-8-OH-DPAT,HUMAN,CLONED,,2.78,Janowsky A et al 2014,https://pubmed.ncbi.nlm.nih.gov/24488404/,lsd
83201,5-HT2A,HTR2A,1091,LSD,CCN(CC)C(=O)C1CN(C2CC3=CNC4=CC=CC(=C34)C2=C1)C,50-37-3,,125I-DOI,HUMAN,CLONED,,0.71,Janowsky A et al 2014,https://pubmed.ncbi.nlm.nih.gov/24488404/,lsd
83202,5-HT2C,HTR2C,1091,LSD,CCN(CC)C(=O)C1CN(C2CC3=CNC4=CC=CC(=C34)C2=C1)C,50-37-3,,125I-DOI,HUMAN,CLONED,,2.91,Janowsky A et al 2014,https://pubmed.ncbi.nlm.nih.gov/24488404/,lsd
83203,5-HT2C,HTR2C,692,DMT,CN(C)CCC1=CNC2=CC=CC=C21,61-50-7,63795.0,125I-DOI,HUMAN,CLONED,,166.0,Janowsky A et al 2014,https://pubmed.ncbi.nlm.nih.gov/24488404/,dmt
83204,5-HT2A,HTR2A,692,DMT,CN(C)CCC1=CNC2=CC=CC=C21,61-50-7,63795.0,125I-DOI,HUMAN,CLONED,,210.0,Janowsky A et al 2014,https://pubmed.ncbi.nlm.nih.gov/24488404/,dmt
83205,5-HT1A,HTR1A,692,DMT,CN(C)CCC1=CNC2=CC=CC=C21,61-50-7,63795.0,3H-8-OH-DPAT,HUMAN,CLONED,,450.0,Janowsky A et al 2014,https://pubmed.ncbi.nlm.nih.gov/24488404/,dmt
83206,5-HT1A,HTR1A,722,DOM,CC1=CC(=C(C=C1OC)CC(C)N)OC,15588-95-1,,3H-8-OH-DPAT,HUMAN,CLONED,,14200.0,Janowsky A et al 2014,https://pubmed.ncbi.nlm.nih.gov/24488404/,dom
83207,5-HT2A,HTR2A,722,DOM,CC1=CC(=C(C=C1OC)CC(C)N)OC,15588-95-1,,125I-DOI,HUMAN,CLONED,,4.3,Janowsky A et al 2014,https://pubmed.ncbi.nlm.nih.gov/24488404/,dom
83208,5-HT2C,HTR2C,722,DOM,CC1=CC(=C(C=C1OC)CC(C)N)OC,15588-95-1,,125I-DOI,HUMAN,CLONED,,25.7,Janowsky A et al 2014,https://pubmed.ncbi.nlm.nih.gov/24488404/,dom
83225,5-HT2A,HTR2A,1091,LSD,CCN(CC)C(=O)C1CN(C2CC3=CNC4=CC=CC(=C34)C2=C1)C,50-37-3,,125I-DOI,HUMAN,CLONED,,0.72,Janowsky A et al 2014,https://pubmed.ncbi.nlm.nih.gov/24488404/,lsd
83226,5-HT2A,HTR2A,722,DOM,CC1=CC(=C(C=C1OC)CC(C)N)OC,15588-95-1,,125I-DOI,HUMAN,CLONED,,2.06,Janowsky A et al 2014,https://pubmed.ncbi.nlm.nih.gov/24488404/,dom
83227,5-HT2A,HTR2A,692,DMT,CN(C)CCC1=CNC2=CC=CC=C21,61-50-7,63795.0,125I-DOI,HUMAN,CLONED,,53.0,Janowsky A et al 2014,https://pubmed.ncbi.nlm.nih.gov/24488404/,dmt
83232,5-HT2A,HTR2A,692,DMT,CN(C)CCC1=CNC2=CC=CC=C21,61-50-7,63795.0,3H-KETANSERIN,HUMAN,CLONED,,175.0,Janowsky A et al 2014,https://pubmed.ncbi.nlm.nih.gov/24488404/,dmt
83233,5-HT2A,HTR2A,722,DOM,CC1=CC(=C(C=C1OC)CC(C)N)OC,15588-95-1,,3H-KETANSERIN,HUMAN,CLONED,,13.7,Janowsky A et al 2014,https://pubmed.ncbi.nlm.nih.gov/24488404/,dom
83234,5-HT2A,HTR2A,1091,LSD,CCN(CC)C(=O)C1CN(C2CC3=CNC4=CC=CC(=C34)C2=C1)C,50-37-3,,3H-KETANSERIN,HUMAN,CLONED,,0.475,Janowsky A et al 2014,https://pubmed.ncbi.nlm.nih.gov/24488404/,lsd
83486,5-HT1A,HTR1A,1184,MDMA,CC(CC1=CC2=C(C=C1)OCO2)NC,1615,,3H-8-OH-DPAT,HUMAN,HEK293 cells,,12200.0,Simmler LD et al 2013,https://pubmed.ncbi.nlm.nih.gov/22897747/,mdma
83487,5-HT2A,HTR2A,1184,MDMA,CC(CC1=CC2=C(C=C1)OCO2)NC,1615,,3H-KETANSERIN,HUMAN,HEK293 cells,,7800.0,Simmler LD et al 2013,https://pubmed.ncbi.nlm.nih.gov/22897747/,mdma
83488,5-HT2C,HTR2C,1184,MDMA,CC(CC1=CC2=C(C=C1)OCO2)NC,1615,,3H-MESULERGINE,HUMAN,HEK293 cells,>,13000.0,Simmler LD et al 2013,https://pubmed.ncbi.nlm.nih.gov/22897747/,mdma
83513,5-HT1A,HTR1A,13330,MDEA,,,,3H-8-OH-DPAT,HUMAN,HEK293 cells,,18800.0,Simmler LD et al 2013,https://pubmed.ncbi.nlm.nih.gov/22897747/,mdea
83514,5-HT2A,HTR2A,13330,MDEA,,,,3H-KETANSERIN,HUMAN,HEK293 cells,>,13000.0,Simmler LD et al 2013,https://pubmed.ncbi.nlm.nih.gov/22897747/,mdea
83515,5-HT2C,HTR2C,13330,MDEA,,,,3H-MESULERGINE,HUMAN,HEK293 cells,>,13000.0,Simmler LD et al 2013,https://pubmed.ncbi.nlm.nih.gov/22897747/,mdea
89986,5-HT1A,HTR1A,1204,MESCALINE,COC1=CC(=CC(=C1OC)OC)CCN,54-04-6,30419.0,3H-8-OH-DPAT,HUMAN,CLONED,,4600.0,Rickli A et al 2015,https://www.ncbi.nlm.nih.gov/pubmed/26318099,mescaline
89999,5-HT1A,HTR1A,1091,LSD,CCN(CC)C(=O)C1CN(C2CC3=CNC4=CC=CC(=C34)C2=C1)C,50-37-3,,3H-8-OH-DPAT,HUMAN,CLONED,,3.0,Rickli A et al 2015,https://www.ncbi.nlm.nih.gov/pubmed/26318099,lsd
90011,5-HT2A,HTR2A,1204,MESCALINE,COC1=CC(=CC(=C1OC)OC)CCN,54-04-6,30419.0,3H-KETANSERIN,HUMAN,CLONED,,6300.0,Rickli A et al 2015,https://www.ncbi.nlm.nih.gov/pubmed/26318099,mescaline
90024,5-HT2A,HTR2A,1091,LSD,CCN(CC)C(=O)C1CN(C2CC3=CNC4=CC=CC(=C34)C2=C1)C,50-37-3,,3H-KETANSERIN,HUMAN,CLONED,,4.2,Rickli A et al 2015,https://www.ncbi.nlm.nih.gov/pubmed/26318099,lsd
90036,5-HT2C,HTR2C,1204,MESCALINE,COC1=CC(=CC(=C1OC)OC)CCN,54-04-6,30419.0,3H-MESULERGINE,HUMAN,CLONED,,17000.0,Rickli A et al 2015,https://www.ncbi.nlm.nih.gov/pubmed/26318099,mescaline
90049,5-HT2C,HTR2C,1091,LSD,CCN(CC)C(=O)C1CN(C2CC3=CNC4=CC=CC(=C34)C2=C1)C,50-37-3,,3H-MESULERGINE,HUMAN,CLONED,,15.0,Rickli A et al 2015,https://www.ncbi.nlm.nih.gov/pubmed/26318099,lsd
1,5-HT2C,HTR2C,172,5-Methoxytryptamine,COC1=CC2=C(C=C1)NC=C2CCN,608-07-1,56422.0,3H-MESULERGINE,PIG,Choroid Plexus,,23.4,"HOYER, 1989 (J.R.R.)",,5-methoxytryptamine
2,5-HT2C,HTR2C,172,5-Methoxytryptamine,COC1=CC2=C(C=C1)NC=C2CCN,608-07-1,56422.0,3H-MESULERGINE,PIG,Choroid Plexus,,23.4,"HOYER, 1988",,5-methoxytryptamine
3,5-HT2C,HTR2C,172,5-Methoxytryptamine,COC1=CC2=C(C=C1)NC=C2CCN,608-07-1,56422.0,3H-MESULERGINE,PIG,Choroid Plexus,,25.1,"HOYER, 1988 or 9 (book)",,5-methoxytryptamine
4,5-HT2C,HTR2C,172,5-Methoxytryptamine,COC1=CC2=C(C=C1)NC=C2CCN,608-07-1,56422.0,3H-MESULERGINE,PIG,Choroid Plexus,,43.7,"MARKSTEIN ET AL, 1986",,5-methoxytryptamine
5,5-HT2C,HTR2C,172,5-Methoxytryptamine,COC1=CC2=C(C=C1)NC=C2CCN,608-07-1,56422.0,3H-MESULERGINE,PIG,Choroid Plexus,,43.8,"ENGEL ET AL, 1986",,5-methoxytryptamine
6,5-HT2C,HTR2C,694,"DMT,5-Me",CN(C)CCC1=CNC2=C1C=C(C=C2)OC,1832,,3H-MESULERGINE,PIG,Choroid Plexus,,100.0,"HOYER, 1988 or 9 (book)",,"dmt,5-me"
7,5-HT2C,HTR2C,172,5-Methoxytryptamine,COC1=CC2=C(C=C1)NC=C2CCN,608-07-1,56422.0,3H-MESULERGINE,PIG,Choroid Plexus,,7.9,"HOYER, 1988 or 9 (book)",,5-methoxytryptamine
37,5-HT2C,HTR2C,437,"DMT,5-OH",CN(C)CCC1=CNC2=C1C=C(C=C2)O,487-93-4,89593.0,3H-MESULERGINE,PIG,Choroid Plexus,,63.1,"HOYER, 1988 or 9 (book)",,"dmt,5-oh"
38,5-HT2C,HTR2C,437,"DMT,5-OH",CN(C)CCC1=CNC2=C1C=C(C=C2)O,487-93-4,89593.0,3H-MESULERGINE,PIG,Choroid Plexus,,70.8,"ENGEL ET AL, 1986",,"dmt,5-oh"
39,5-HT2C,HTR2C,437,"DMT,5-OH",CN(C)CCC1=CNC2=C1C=C(C=C2)O,487-93-4,89593.0,3H-MESULERGINE,PIG,Choroid Plexus,,70.8,"HOYER, 1988",,"dmt,5-oh"
40,5-HT2C,HTR2C,437,"DMT,5-OH",CN(C)CCC1=CNC2=C1C=C(C=C2)O,487-93-4,89593.0,3H-MESULERGINE,PIG,Choroid Plexus,,70.8,"HOYER ET AL., 1989",,"dmt,5-oh"
41,5-HT2C,HTR2C,437,"DMT,5-OH",CN(C)CCC1=CNC2=C1C=C(C=C2)O,487-93-4,89593.0,3H-MESULERGINE,PIG,Choroid Plexus,,70.8,"HOYER, 1989 (J.R.R.)",,"dmt,5-oh"
46,5-HT2C,HTR2C,150,5-Hydroxy Tryptamine,C1=CC2=C(C=C1O)C(=CN2)CCN,50-67-9,58241.0,125I-SCH 23982,PIG,Choroid Plexus,,4.68,"HOYER & KARPF, 1988",,5-hydroxy tryptamine
47,5-HT2C,HTR2C,150,5-Hydroxy Tryptamine,C1=CC2=C(C=C1O)C(=CN2)CCN,50-67-9,58241.0,125I-SCH 23982,RAT,Choroid Plexus,,7.1,"YAMAMOTO & KEBABIAN, 1989",,5-hydroxy tryptamine
48,5-HT2C,HTR2C,150,5-Hydroxy Tryptamine,C1=CC2=C(C=C1O)C(=CN2)CCN,50-67-9,58241.0,3H-MESULERGINE,PIG,CORTEX,,9.5,"TITELER ET AL., 1987",,5-hydroxy tryptamine
49,5-HT2C,HTR2C,150,5-Hydroxy Tryptamine,C1=CC2=C(C=C1O)C(=CN2)CCN,50-67-9,58241.0,3H-MESULERGINE,RAT,CORTEX,,15.8,"HOYER ET AL., 1985",,5-hydroxy tryptamine
50,5-HT2C,HTR2C,150,5-Hydroxy Tryptamine,C1=CC2=C(C=C1O)C(=CN2)CCN,50-67-9,58241.0,3H-5HT,PIG,Choroid Plexus,,20.0,"PAZOS ET AL, 1984",,5-hydroxy tryptamine
51,5-HT2C,HTR2C,150,5-Hydroxy Tryptamine,C1=CC2=C(C=C1O)C(=CN2)CCN,50-67-9,58241.0,3H-MESULERGINE,PIG,Choroid Plexus,,25.0,"PAZOS ET AL, 1984",,5-hydroxy tryptamine
52,5-HT2C,HTR2C,150,5-Hydroxy Tryptamine,C1=CC2=C(C=C1O)C(=CN2)CCN,50-67-9,58241.0,3H-MESULERGINE,PIG,Choroid Plexus,,30.2,"HOYER ET AL., 1986",,5-hydroxy tryptamine
53,5-HT2C,HTR2C,150,5-Hydroxy Tryptamine,C1=CC2=C(C=C1O)C(=CN2)CCN,50-67-9,58241.0,3H-MESULERGINE,PIG,Choroid Plexus,,31.6,"HOYER, 1988 or 9 (book)",,5-hydroxy tryptamine
54,5-HT2C,HTR2C,150,5-Hydroxy Tryptamine,C1=CC2=C(C=C1O)C(=CN2)CCN,50-67-9,58241.0,3H-MESULERGINE,PIG,Choroid Plexus,,33.1,"HOYER, 1988",,5-hydroxy tryptamine
55,5-HT2C,HTR2C,150,5-Hydroxy Tryptamine,C1=CC2=C(C=C1O)C(=CN2)CCN,50-67-9,58241.0,3H-MESULERGINE,PIG,Choroid Plexus,,33.1,"MARKSTEIN ET AL, 1986",,5-hydroxy tryptamine
56,5-HT2C,HTR2C,150,5-Hydroxy Tryptamine,C1=CC2=C(C=C1O)C(=CN2)CCN,50-67-9,58241.0,3H-MESULERGINE,PIG,Choroid Plexus,,33.1,"SCHOEFFTER & HOYER, 1989",,5-hydroxy tryptamine
57,5-HT2C,HTR2C,150,5-Hydroxy Tryptamine,C1=CC2=C(C=C1O)C(=CN2)CCN,50-67-9,58241.0,3H-MESULERGINE,PIG,Choroid Plexus,,33.1,"HOYER & KARPF, 1988",,5-hydroxy tryptamine
58,5-HT2C,HTR2C,150,5-Hydroxy Tryptamine,C1=CC2=C(C=C1O)C(=CN2)CCN,50-67-9,58241.0,3H-MESULERGINE,PIG,Choroid Plexus,,33.1,"ENGEL ET AL, 1986",,5-hydroxy tryptamine
59,5-HT2C,HTR2C,150,5-Hydroxy Tryptamine,C1=CC2=C(C=C1O)C(=CN2)CCN,50-67-9,58241.0,3H-MESULERGINE,PIG,Choroid Plexus,,33.1,"HOYER ET AL., 1985",,5-hydroxy tryptamine
60,5-HT2C,HTR2C,150,5-Hydroxy Tryptamine,C1=CC2=C(C=C1O)C(=CN2)CCN,50-67-9,58241.0,3H-MESULERGINE,PIG,Choroid Plexus,,33.1,"HOYER ET AL., 1985",,5-hydroxy tryptamine
61,5-HT2C,HTR2C,150,5-Hydroxy Tryptamine,C1=CC2=C(C=C1O)C(=CN2)CCN,50-67-9,58241.0,3H-MESULERGINE,PIG,Choroid Plexus,,33.1,"HOYER ET AL., 1989",,5-hydroxy tryptamine
62,5-HT2C,HTR2C,150,5-Hydroxy Tryptamine,C1=CC2=C(C=C1O)C(=CN2)CCN,50-67-9,58241.0,3H-MESULERGINE,PIG,Choroid Plexus,,33.1,"SCHLICKER ET AL., 1989",,5-hydroxy tryptamine
63,5-HT2C,HTR2C,150,5-Hydroxy Tryptamine,C1=CC2=C(C=C1O)C(=CN2)CCN,50-67-9,58241.0,3H-MESULERGINE,PIG,CORTEX,,40.0,"PAZOS ET AL, 1984",,5-hydroxy tryptamine
64,5-HT2C,HTR2C,150,5-Hydroxy Tryptamine,C1=CC2=C(C=C1O)C(=CN2)CCN,50-67-9,58241.0,125I-LSD,PIG,Choroid Plexus,,81.3,"HOYER ET AL., 1986",,5-hydroxy tryptamine
65,5-HT2C,HTR2C,150,5-Hydroxy Tryptamine,C1=CC2=C(C=C1O)C(=CN2)CCN,50-67-9,58241.0,125I-LSD,MOUSE,C. PLEXUS TUM,,115.0,"YAGALOFF ET AL., 1986",,5-hydroxy tryptamine
86,5-HT2C,HTR2C,150,5-Hydroxy Tryptamine,C1=CC2=C(C=C1O)C(=CN2)CCN,50-67-9,58241.0,3H-SCH23390,CANINE,Choroid Plexus,,165.0,"NICKLAUS ET AL., 1988",http://www.ncbi.nlm.nih.gov:80/entrez/query.fcgi?cmd=Retrieve&db=PubMed&list_uids=2971798&dopt=Abstract#http://www.ncbi.nlm.nih.gov:80/entrez/query.fcgi?cmd=Retrieve&db=PubMed&list_uids=2971798&dopt=Abstract#,5-hydroxy tryptamine
87,5-HT2C,HTR2C,150,5-Hydroxy Tryptamine,C1=CC2=C(C=C1O)C(=CN2)CCN,50-67-9,58241.0,3H-MESULERGINE,HUMAN,Choroid Plexus,,166.0,"HOYER ET AL., 1986",,5-hydroxy tryptamine
88,5-HT2C,HTR2C,150,5-Hydroxy Tryptamine,C1=CC2=C(C=C1O)C(=CN2)CCN,50-67-9,58241.0,125I-LSD,RAT,Choroid Plexus,,318.0,"YAMAMOTO & KEBABIAN, 1989",,5-hydroxy tryptamine
102,5-HT2C,HTR2C,172,5-Methoxytryptamine,COC1=CC2=C(C=C1)NC=C2CCN,608-07-1,56422.0,3H-MESULERGINE,PIG,Choroid Plexus,,23.4,"HOYER ET AL., 1989",,5-methoxytryptamine
111,5-HT1A,HTR1A,38,"2,4,5-TMA",,,,3H-8-OH-DPAT,RAT,HIPPOCAMPUS,>,10000.0,"TITELER ET AL., 1988",,"2,4,5-tma"
116,5-HT1A,HTR1A,87,3-AMTBI,C1CC2=C3C(=CC=C2)NC=C3C1CN,194894,,3H-8-OH-DPAT,RAT,CORTEX,,369.0,"TAYLOR ET AL,. 1987",,3-amtbi
133,5-HT1A,HTR1A,150,5-Hydroxy Tryptamine,C1=CC2=C(C=C1O)C(=CN2)CCN,50-67-9,58241.0,3H-8-OH-DPAT,C0S-7,CELLS,,0.27,"RAYMOND ET AL., 1989",,5-hydroxy tryptamine
134,5-HT1A,HTR1A,150,5-Hydroxy Tryptamine,C1=CC2=C(C=C1O)C(=CN2)CCN,50-67-9,58241.0,3H-8-OH-DPAT,RAT,HIPPOCAMPUS,,1.0,"HALL ET AL., 1986",,5-hydroxy tryptamine
135,5-HT1A,HTR1A,150,5-Hydroxy Tryptamine,C1=CC2=C(C=C1O)C(=CN2)CCN,50-67-9,58241.0,3H-8-OH-DPAT,RAT,CORTEX,,1.2,"SCHLEGEL & PEROUTKA, 1986",,5-hydroxy tryptamine
136,5-HT1A,HTR1A,150,5-Hydroxy Tryptamine,C1=CC2=C(C=C1O)C(=CN2)CCN,50-67-9,58241.0,3H-8-OH-DPAT,RAT,HIPPOCAMPUS,,1.37,"COSSERY ET AL.,1986",,5-hydroxy tryptamine
137,5-HT1A,HTR1A,150,5-Hydroxy Tryptamine,C1=CC2=C(C=C1O)C(=CN2)CCN,50-67-9,58241.0,3H-5-MeO-DPAC,RAT,CORTEX,,1.4,"COSSERY ET AL., 1987",,5-hydroxy tryptamine
138,5-HT1A,HTR1A,150,5-Hydroxy Tryptamine,C1=CC2=C(C=C1O)C(=CN2)CCN,50-67-9,58241.0,3H-WB4101,RAT,HIPPO:LESIONED,,1.54,"MORROW ET AL., 1985",,5-hydroxy tryptamine
139,5-HT1A,HTR1A,150,5-Hydroxy Tryptamine,C1=CC2=C(C=C1O)C(=CN2)CCN,50-67-9,58241.0,3H-8-OH-DPAT,RAT,CORTEX,,1.65,"HOYER ET AL., 1985",,5-hydroxy tryptamine
140,5-HT1A,HTR1A,150,5-Hydroxy Tryptamine,C1=CC2=C(C=C1O)C(=CN2)CCN,50-67-9,58241.0,3H-8-OH-DPAT,HUMAN,CORTEX,,1.68,"HOYER ET AL., 1986",,5-hydroxy tryptamine
141,5-HT1A,HTR1A,150,5-Hydroxy Tryptamine,C1=CC2=C(C=C1O)C(=CN2)CCN,50-67-9,58241.0,3H-8-OH-DPAT,RAT,HIPPOCAMPUS,,1.7,"TITELER ET AL., 1987",,5-hydroxy tryptamine
142,5-HT1A,HTR1A,150,5-Hydroxy Tryptamine,C1=CC2=C(C=C1O)C(=CN2)CCN,50-67-9,58241.0,3H-8-OH-DPAT,HUMAN,HIPPOCAMPUS,,1.75,"HOYER ET AL., 1986",,5-hydroxy tryptamine
143,5-HT1A,HTR1A,150,5-Hydroxy Tryptamine,C1=CC2=C(C=C1O)C(=CN2)CCN,50-67-9,58241.0,3H-8-OH-DPAT,BOVINE,HIPPOCAMPUS,,2.0,"PEROUTKA, 1985",,5-hydroxy tryptamine
144,5-HT1A,HTR1A,150,5-Hydroxy Tryptamine,C1=CC2=C(C=C1O)C(=CN2)CCN,50-67-9,58241.0,3H-8-OH-DPAT,RAT,CORTEX,,2.2,"PEROUTKA, 1986",,5-hydroxy tryptamine
145,5-HT1A,HTR1A,150,5-Hydroxy Tryptamine,C1=CC2=C(C=C1O)C(=CN2)CCN,50-67-9,58241.0,3H-8-OH-DPAT,PIG,CORTEX,,2.41,"HOYER ET AL., 1985",,5-hydroxy tryptamine
146,5-HT1A,HTR1A,150,5-Hydroxy Tryptamine,C1=CC2=C(C=C1O)C(=CN2)CCN,50-67-9,58241.0,3H-WB4101,RAT,CORTEX,,2.51,"NORMAN ET AL., 1985",,5-hydroxy tryptamine
147,5-HT1A,HTR1A,150,5-Hydroxy Tryptamine,C1=CC2=C(C=C1O)C(=CN2)CCN,50-67-9,58241.0,3H-8-OH-DPAT,PIG,CORTEX,,3.09,"SCHOEFFTER & HOYER, 1989",,5-hydroxy tryptamine
148,5-HT1A,HTR1A,150,5-Hydroxy Tryptamine,C1=CC2=C(C=C1O)C(=CN2)CCN,50-67-9,58241.0,3H-8-OH-DPAT,PIG,CORTEX,,3.09,"SCHOEFFTER AND HOYER,1988",,5-hydroxy tryptamine
149,5-HT1A,HTR1A,150,5-Hydroxy Tryptamine,C1=CC2=C(C=C1O)C(=CN2)CCN,50-67-9,58241.0,3H-8-OH-DPAT,PIG,CORTEX,,3.09,"MARKSTEIN ET AL, 1986",,5-hydroxy tryptamine
150,5-HT1A,HTR1A,150,5-Hydroxy Tryptamine,C1=CC2=C(C=C1O)C(=CN2)CCN,50-67-9,58241.0,3H-8-OH-DPAT,PIG,CORTEX,,3.09,"ENGEL ET AL, 1986",,5-hydroxy tryptamine
151,5-HT1A,HTR1A,150,5-Hydroxy Tryptamine,C1=CC2=C(C=C1O)C(=CN2)CCN,50-67-9,58241.0,3H-8-OH-DPAT,PIG,CORTEX,,3.09,"SCHOEFFTER ET AL., 1989",,5-hydroxy tryptamine
152,5-HT1A,HTR1A,150,5-Hydroxy Tryptamine,C1=CC2=C(C=C1O)C(=CN2)CCN,50-67-9,58241.0,3H-8-OH-DPAT,RAT,CORTEX,,3.2,"Kilpatrick et al., 1989",,5-hydroxy tryptamine
154,5-HT1A,HTR1A,150,5-Hydroxy Tryptamine,C1=CC2=C(C=C1O)C(=CN2)CCN,50-67-9,58241.0,3H-8-OH-DPAT,PIG,CORTEX,,3.31,"SCHLICKER ET AL., 1989",,5-hydroxy tryptamine
155,5-HT1A,HTR1A,150,5-Hydroxy Tryptamine,C1=CC2=C(C=C1O)C(=CN2)CCN,50-67-9,58241.0,3H-8-OH-DPAT,RAT,HIPPOCAMPUS,,3.89,"HALL ET AL., 1985",,5-hydroxy tryptamine
156,5-HT1A,HTR1A,150,5-Hydroxy Tryptamine,C1=CC2=C(C=C1O)C(=CN2)CCN,50-67-9,58241.0,3H-8-OH-DPAT,RAT,HIPPOCAMPUS,,3.89,"SCHOEMAKER AND LANGER., 1986",,5-hydroxy tryptamine
157,5-HT1A,HTR1A,150,5-Hydroxy Tryptamine,C1=CC2=C(C=C1O)C(=CN2)CCN,50-67-9,58241.0,3H-IPSAPIRONE,BOVINE,HIPPOCAMPUS,,4.3,"DOMPERT ET AL., 1985",,5-hydroxy tryptamine
158,5-HT1A,HTR1A,150,5-Hydroxy Tryptamine,C1=CC2=C(C=C1O)C(=CN2)CCN,50-67-9,58241.0,125I-BH-8-MeO-N-PA,RAT,HIPPOCAMPUS,,4.78,"GOZLAN ET AL., 1988",,5-hydroxy tryptamine
159,5-HT1A,HTR1A,172,5-Methoxytryptamine,COC1=CC2=C(C=C1)NC=C2CCN,608-07-1,56422.0,3H-8-OH-DPAT,RAT,CORTEX,,2.5,"PEROUTKA, 1986",,5-methoxytryptamine
160,5-HT1A,HTR1A,172,5-Methoxytryptamine,COC1=CC2=C(C=C1)NC=C2CCN,608-07-1,56422.0,3H-8-OH-DPAT,RAT,HIPPOCAMPUS,,6.4,"HALL ET AL., 1986",,5-methoxytryptamine
161,5-HT1A,HTR1A,172,5-Methoxytryptamine,COC1=CC2=C(C=C1)NC=C2CCN,608-07-1,56422.0,3H-8-OH-DPAT,RAT,HIPPOCAMPUS,,31.94,"COSSERY ET AL.,1986",,5-methoxytryptamine
162,5-HT1A,HTR1A,172,5-Methoxytryptamine,COC1=CC2=C(C=C1)NC=C2CCN,608-07-1,56422.0,3H-WB4101,RAT,CORTEX,,35.14,"NORMAN ET AL., 1985",,5-methoxytryptamine
164,5-HT1A,HTR1A,172,5-Methoxytryptamine,COC1=CC2=C(C=C1)NC=C2CCN,608-07-1,56422.0,3H-8-OH-DPAT,RAT,HIPPOCAMPUS,,224.0,"GOZLAN ET AL., 1983",,5-methoxytryptamine
165,5-HT1A,HTR1A,172,5-Methoxytryptamine,COC1=CC2=C(C=C1)NC=C2CCN,608-07-1,56422.0,3H-8-OH-DPAT,RAT,HIPPOCAMPUS,,227.42,"HALL ET AL., 1985",,5-methoxytryptamine
192,5-HT1A,HTR1A,437,"DMT,5-OH",CN(C)CCC1=CNC2=C1C=C(C=C2)O,487-93-4,89593.0,3H-8-OH-DPAT,BOVINE,HIPPOCAMPUS,,2.52,"PEROUTKA, 1985",,"dmt,5-oh"
193,5-HT1A,HTR1A,437,"DMT,5-OH",CN(C)CCC1=CNC2=C1C=C(C=C2)O,487-93-4,89593.0,125I-BH-8-MeO-N-PA,RAT,HIPPOCAMPUS,,3.31,"GOZLAN ET AL., 1988",,"dmt,5-oh"
194,5-HT1A,HTR1A,437,"DMT,5-OH",CN(C)CCC1=CNC2=C1C=C(C=C2)O,487-93-4,89593.0,3H-8-OH-DPAT,RAT,CORTEX,,5.0,"PEROUTKA, 1986",,"dmt,5-oh"
195,5-HT1A,HTR1A,437,"DMT,5-OH",CN(C)CCC1=CNC2=C1C=C(C=C2)O,487-93-4,89593.0,3H-8-OH-DPAT,RAT,HIPPOCAMPUS,,5.68,"COSSERY ET AL.,1986",,"dmt,5-oh"
196,5-HT1A,HTR1A,437,"DMT,5-OH",CN(C)CCC1=CNC2=C1C=C(C=C2)O,487-93-4,89593.0,3H-8-OH-DPAT,RAT,HIPPOCAMPUS,,16.64,"GOZLAN ET AL., 1983",,"dmt,5-oh"
198,5-HT1A,HTR1A,437,"DMT,5-OH",CN(C)CCC1=CNC2=C1C=C(C=C2)O,487-93-4,89593.0,3H-8-OH-DPAT,PIG,CORTEX,,25.1,"ENGEL ET AL, 1986",,"dmt,5-oh"
199,5-HT1A,HTR1A,437,"DMT,5-OH",CN(C)CCC1=CNC2=C1C=C(C=C2)O,487-93-4,89593.0,3H-8-OH-DPAT,PIG,CORTEX,,25.1,"HOYER, 1989 (J.R.R.)",,"dmt,5-oh"
266,5-HT1A,HTR1A,709,"DOB,R(-)",CC(C1=CC=CC2=NC3=C(C=CC=C3N=C21)C(=O)O)OC(=O)C(CO)OC,3035990,,3H-8-OH-DPAT,RAT,HIPPOCAMPUS,,2332.0,"TITELER ET AL., 1988",,"dob,r(-)"
267,5-HT1A,HTR1A,710,"DOB,S(+)",,,,3H-8-OH-DPAT,RAT,HIPPOCAMPUS,,4041.0,"TITELER ET AL., 1988",,"dob,s(+)"
268,5-HT1A,HTR1A,711,DOBU,,64638-09-1,,3H-8-OH-DPAT,RAT,HIPPOCAMPUS,,4178.0,"TITELER ET AL., 1988",,dobu
363,5-HT1A,HTR1A,1098,"LSD,l-",CCN(CC)C(=O)C1CN(C2CC3=CNC4=CC=CC(=C34)C2=C1)C,5761,,3H-WB4101,RAT,HIPPO:LESIONED,,5.47,"MORROW ET AL., 1985",,"lsd,l-"
364,5-HT1A,HTR1A,1098,"LSD,l-",CCN(CC)C(=O)C1CN(C2CC3=CNC4=CC=CC(=C34)C2=C1)C,5761,,3H-8-OH-DPAT,RAT,CORTEX,>,10000.0,"PEROUTKA, 1986",,"lsd,l-"
591,5-HT1B,HTR1B,150,5-Hydroxy Tryptamine,C1=CC2=C(C=C1O)C(=CN2)CCN,50-67-9,58241.0,3H-5HT,RAT,STRIATUM,,5.4,"TITELER ET AL., 1987",,5-hydroxy tryptamine
592,5-HT1B,HTR1B,150,5-Hydroxy Tryptamine,C1=CC2=C(C=C1O)C(=CN2)CCN,50-67-9,58241.0,3H-5HT,RAT,CORTEX,,7.6,"PEROUTKA, 1986",,5-hydroxy tryptamine
593,5-HT1B,HTR1B,150,5-Hydroxy Tryptamine,C1=CC2=C(C=C1O)C(=CN2)CCN,50-67-9,58241.0,125I-ICYP,RAT,CORTEX,,9.0,"OFFORD ET AL., 1988",,5-hydroxy tryptamine
595,5-HT1B,HTR1B,150,5-Hydroxy Tryptamine,C1=CC2=C(C=C1O)C(=CN2)CCN,50-67-9,58241.0,3H-5HT,RAT,CORTEX,,23.4,"HOYER ET AL., 1985",,5-hydroxy tryptamine
596,5-HT1B,HTR1B,150,5-Hydroxy Tryptamine,C1=CC2=C(C=C1O)C(=CN2)CCN,50-67-9,58241.0,125I-CYP,RAT,CORTEX,,23.4,"MARKSTEIN ET AL, 1986",,5-hydroxy tryptamine
597,5-HT1B,HTR1B,150,5-Hydroxy Tryptamine,C1=CC2=C(C=C1O)C(=CN2)CCN,50-67-9,58241.0,125I-CYP,RAT,CORTEX,,23.4,"ENGEL ET AL, 1986",,5-hydroxy tryptamine
598,5-HT1B,HTR1B,150,5-Hydroxy Tryptamine,C1=CC2=C(C=C1O)C(=CN2)CCN,50-67-9,58241.0,125I-CYP,RAT,CORTEX,,23.4,"SCHOEFFTER & HOYER, 1989",,5-hydroxy tryptamine
599,5-HT1B,HTR1B,150,5-Hydroxy Tryptamine,C1=CC2=C(C=C1O)C(=CN2)CCN,50-67-9,58241.0,3H-5HT,RAT,CORTEX,,24.5,"HOYER ET AL., 1985",,5-hydroxy tryptamine
600,5-HT1B,HTR1B,150,5-Hydroxy Tryptamine,C1=CC2=C(C=C1O)C(=CN2)CCN,50-67-9,58241.0,125I-CYP,RAT,CORTEX,,24.5,"SCHLICKER ET AL., 1989",,5-hydroxy tryptamine
602,5-HT1B,HTR1B,150,5-Hydroxy Tryptamine,C1=CC2=C(C=C1O)C(=CN2)CCN,50-67-9,58241.0,125I-ICYP,RAT,STRIATUM,,32.38,"GARRICK ET AL., 1989",,5-hydroxy tryptamine
626,5-HT1B,HTR1B,172,5-Methoxytryptamine,COC1=CC2=C(C=C1)NC=C2CCN,608-07-1,56422.0,3H-5HT,RAT,CORTEX,,398.0,"HOYER ET AL., 1985",,5-methoxytryptamine
627,5-HT1B,HTR1B,172,5-Methoxytryptamine,COC1=CC2=C(C=C1)NC=C2CCN,608-07-1,56422.0,125I-CYP,RAT,CORTEX,,398.0,"MARKSTEIN ET AL, 1986",,5-methoxytryptamine
628,5-HT1B,HTR1B,172,5-Methoxytryptamine,COC1=CC2=C(C=C1)NC=C2CCN,608-07-1,56422.0,125I-CYP,RAT,CORTEX,,398.0,"ENGEL ET AL, 1986",,5-methoxytryptamine
629,5-HT1B,HTR1B,172,5-Methoxytryptamine,COC1=CC2=C(C=C1)NC=C2CCN,608-07-1,56422.0,125I-CYP,RAT,CORTEX,,398.0,"HOYER, 1989 (J.R.R.)",,5-methoxytryptamine
631,5-HT1B,HTR1B,172,5-Methoxytryptamine,COC1=CC2=C(C=C1)NC=C2CCN,608-07-1,56422.0,125I-CYP,RAT,CORTEX,,398.0,"SCHLICKER ET AL., 1989",,5-methoxytryptamine
633,5-HT1B,HTR1B,172,5-Methoxytryptamine,COC1=CC2=C(C=C1)NC=C2CCN,608-07-1,56422.0,3H-5HT,RAT,CORTEX,,15.0,"PEROUTKA, 1986",,5-methoxytryptamine
664,5-HT1B,HTR1B,437,"DMT,5-OH",CN(C)CCC1=CNC2=C1C=C(C=C2)O,487-93-4,89593.0,3H-5HT,RAT,CORTEX,,52.0,"PEROUTKA, 1986",,"dmt,5-oh"
665,5-HT1B,HTR1B,437,"DMT,5-OH",CN(C)CCC1=CNC2=C1C=C(C=C2)O,487-93-4,89593.0,125I-CYP,RAT,CORTEX,,912.0,"ENGEL ET AL, 1986",,"dmt,5-oh"
666,5-HT1B,HTR1B,437,"DMT,5-OH",CN(C)CCC1=CNC2=C1C=C(C=C2)O,487-93-4,89593.0,125I-CYP,RAT,CORTEX,,912.0,"HOYER, 1989 (J.R.R.)",,"dmt,5-oh"
705,5-HT2C,HTR2C,695,"DMT,5-MeO",CN(C)CCC1=CNC2=C1C=C(C=C2)OC,1832,,3H-MESULERGINE,PIG,Choroid Plexus,,87.1,"HOYER, 1988",,"dmt,5-meo"
706,5-HT2C,HTR2C,695,"DMT,5-MeO",CN(C)CCC1=CNC2=C1C=C(C=C2)OC,1832,,3H-MESULERGINE,PIG,Choroid Plexus,,100.0,"HOYER ET AL., 1989",,"dmt,5-meo"
709,5-HT2C,HTR2C,709,"DOB,R(-)",CC(C1=CC=CC2=NC3=C(C=CC=C3N=C21)C(=O)O)OC(=O)C(CO)OC,3035990,,3H-MESULERGINE,PIG,CORTEX,,47.0,"TITELER ET AL., 1988",,"dob,r(-)"
710,5-HT2C,HTR2C,710,"DOB,S(+)",,,,3H-MESULERGINE,PIG,CORTEX,,81.0,"TITELER ET AL., 1988",,"dob,s(+)"
711,5-HT2C,HTR2C,711,DOBU,,64638-09-1,,3H-MESULERGINE,PIG,CORTEX,,26.0,"TITELER ET AL., 1988",,dobu
719,5-HT2C,HTR2C,724,"DOM,R(-)",CC1=CC(=C(C=C1OC)CC(C)N)OC,85875,,3H-MESULERGINE,PIG,CORTEX,,94.0,"TITELER ET AL., 1988",,"dom,r(-)"
720,5-HT2C,HTR2C,726,DOMPERIDONE,C1CN(CCC1N2C3=C(C=C(C=C3)Cl)NC2=O)CCCN4C5=CC=CC=C5NC4=O,57808-66-9,299589.0,3H-MESULERGINE,PIG,Choroid Plexus,>,10000.0,"HOYER, 1988 or 9 (book)",,domperidone
721,5-HT2C,HTR2C,726,DOMPERIDONE,C1CN(CCC1N2C3=C(C=C(C=C3)Cl)NC2=O)CCCN4C5=CC=CC=C5NC4=O,57808-66-9,299589.0,3H-MESULERGINE,PIG,Choroid Plexus,>,10000.0,"HOYER, 1989 (J.R.R.)",,domperidone
807,5-HT2C,HTR2C,1094,"LSD,(+)",CCN(CC)C(=O)C1CN(C2CC3=CNC4=CC=CC(=C34)C2=C1)C,5761,,125I-LSD,MOUSE,C. PLEXUS TUM,,6.2,"YAGALOFF ET AL., 1986",,"lsd,(+)"
808,5-HT2C,HTR2C,1095,"LSD,2-Bromo",,,,3H-MESULERGINE,PIG,Choroid Plexus,,50.0,"HOYER, 1988 or 9 (book)",,"lsd,2-bromo"
809,5-HT2C,HTR2C,1096,"LSD,2-iodo",,,,3H-MESULERGINE,PIG,Choroid Plexus,,3980.0,"HOYER, 1988 or 9 (book)",,"lsd,2-iodo"
813,5-HT2C,HTR2C,1098,"LSD,l-",CCN(CC)C(=O)C1CN(C2CC3=CNC4=CC=CC(=C34)C2=C1)C,5761,,125I-LSD,MOUSE,C. PLEXUS TUM,,5000.0,"YAGALOFF ET AL., 1986",,"lsd,l-"
824,5-HT2C,HTR2C,1170,"MDA,R(-)",CC(CC1=CC2=C(C=C1)OCO2)N,3046161,,3H-MESULERGINE,PIG,CORTEX,,2079.0,"TITELER ET AL., 1988",,"mda,r(-)"
875,5-HT2C,HTR2C,172,5-Methoxytryptamine,COC1=CC2=C(C=C1)NC=C2CCN,608-07-1,56422.0,3H-MESULERGINE,PIG,Choroid Plexus,,23.4,"SCHLICKER ET AL., 1989",,5-methoxytryptamine
1013,5-HT1B,HTR1B,694,"DMT,5-Me",CN(C)CCC1=CNC2=C1C=C(C=C2)OC,1832,,3H-5HT,RAT,CORTEX,,320.0,"PEROUTKA, 1986",,"dmt,5-me"
1014,5-HT1B,HTR1B,695,"DMT,5-MeO",CN(C)CCC1=CNC2=C1C=C(C=C2)OC,1832,,125I-ICYP,RAT,CORTEX,,351.0,"OFFORD ET AL., 1988",,"dmt,5-meo"
1018,5-HT1B,HTR1B,709,"DOB,R(-)",CC(C1=CC=CC2=NC3=C(C=CC=C3N=C21)C(=O)O)OC(=O)C(CO)OC,3035990,,3H-5HT,RAT,STRIATUM,,683.0,"TITELER ET AL., 1988",,"dob,r(-)"
1019,5-HT1B,HTR1B,710,"DOB,S(+)",,,,3H-5HT,RAT,STRIATUM,,883.0,"TITELER ET AL., 1988",,"dob,s(+)"
1020,5-HT1B,HTR1B,711,DOBU,,64638-09-1,,3H-5HT,RAT,STRIATUM,,1211.0,"TITELER ET AL., 1988",,dobu
1024,5-HT1B,HTR1B,724,"DOM,R(-)",CC1=CC(=C(C=C1OC)CC(C)N)OC,85875,,3H-5HT,RAT,STRIATUM,,1840.0,"TITELER ET AL., 1988",,"dom,r(-)"
1025,5-HT1B,HTR1B,726,DOMPERIDONE,C1CN(CCC1N2C3=C(C=C(C=C3)Cl)NC2=O)CCCN4C5=CC=CC=C5NC4=O,57808-66-9,299589.0,125I-CYP,RAT,CORTEX,,6030.0,"HOYER, 1988(9) (J.R.R.)",,domperidone
1142,5-HT2C,HTR2C,1865,"TMA,2,3,5-",,,,3H-MESULERGINE,PIG,CORTEX,,5710.0,"TITELER ET AL., 1988",,"tma,2,3,5-"
1143,5-HT2C,HTR2C,1865,"TMA,2,3,5-",,,,3H-MESULERGINE,PIG,CORTEX,,2666.0,"TITELER ET AL., 1988",,"tma,2,3,5-"
1173,5-HT1D,HTR1D,150,5-Hydroxy Tryptamine,C1=CC2=C(C=C1O)C(=CN2)CCN,50-67-9,58241.0,3H-5HT,HUMAN,CORTEX,,1.2,"PEROUTKA ET AL., 1989",,5-hydroxy tryptamine
1174,5-HT1D,HTR1D,150,5-Hydroxy Tryptamine,C1=CC2=C(C=C1O)C(=CN2)CCN,50-67-9,58241.0,3H-5HT,RAT,STRIATUM,,1.8,"HERRICK-DAVIS & TITELER, 198",,5-hydroxy tryptamine
1175,5-HT1D,HTR1D,150,5-Hydroxy Tryptamine,C1=CC2=C(C=C1O)C(=CN2)CCN,50-67-9,58241.0,3H-5HT,RAT,CORTEX,,2.1,"HERRICK-DAVIS & TITELER, 198",,5-hydroxy tryptamine
1176,5-HT1D,HTR1D,150,5-Hydroxy Tryptamine,C1=CC2=C(C=C1O)C(=CN2)CCN,50-67-9,58241.0,3H-5HT,BOVINE,STRIATUM,,2.14,"PEROUTKA, 1985",,5-hydroxy tryptamine
1177,5-HT1D,HTR1D,150,5-Hydroxy Tryptamine,C1=CC2=C(C=C1O)C(=CN2)CCN,50-67-9,58241.0,3H-5HT,BOVINE,STRIATUM,,3.2,"HEURING & PEROUTKA, 1987",,5-hydroxy tryptamine
1178,5-HT1D,HTR1D,150,5-Hydroxy Tryptamine,C1=CC2=C(C=C1O)C(=CN2)CCN,50-67-9,58241.0,3H-5HT,COW,CAUDATE,,3.63,"HOYER, 1987",,5-hydroxy tryptamine
1179,5-HT1D,HTR1D,150,5-Hydroxy Tryptamine,C1=CC2=C(C=C1O)C(=CN2)CCN,50-67-9,58241.0,3H-5HT,CALF,CAUDATE,,3.63,"SCHOEFFTER & HOYER, 1989b",,5-hydroxy tryptamine
1180,5-HT1D,HTR1D,150,5-Hydroxy Tryptamine,C1=CC2=C(C=C1O)C(=CN2)CCN,50-67-9,58241.0,3H-5HT,CALF,CAUDATE,,3.63,"WAEBER ET AL., 1988",,5-hydroxy tryptamine
1181,5-HT1D,HTR1D,150,5-Hydroxy Tryptamine,C1=CC2=C(C=C1O)C(=CN2)CCN,50-67-9,58241.0,3H-5HT,HUMAN,CAUDATE,,6.46,"WAEBER ET AL., 1988",,5-hydroxy tryptamine
1182,5-HT1D,HTR1D,150,5-Hydroxy Tryptamine,C1=CC2=C(C=C1O)C(=CN2)CCN,50-67-9,58241.0,3H-5HT,PIG,CAUDATE,,11.7,"SCHLICKER ET AL., 1989",,5-hydroxy tryptamine
1183,5-HT1D,HTR1D,150,5-Hydroxy Tryptamine,C1=CC2=C(C=C1O)C(=CN2)CCN,50-67-9,58241.0,3H-5HT,PIG,CAUDATE,,11.7,"WAEBER ET AL., 1988",,5-hydroxy tryptamine
1184,5-HT1D,HTR1D,150,5-Hydroxy Tryptamine,C1=CC2=C(C=C1O)C(=CN2)CCN,50-67-9,58241.0,3H-5HT,CALF,CAUDATE,,398.0,"HOYER, 1988 or 9 (book)",,5-hydroxy tryptamine
1185,5-HT1D,HTR1D,694,"DMT,5-Me",CN(C)CCC1=CNC2=C1C=C(C=C2)OC,1832,,3H-5HT,BOVINE,STRIATUM,,77.14,"PEROUTKA, 1985",,"dmt,5-me"
1186,5-HT1D,HTR1D,694,"DMT,5-Me",CN(C)CCC1=CNC2=C1C=C(C=C2)OC,1832,,3H-5HT,CALF,CAUDATE,,28.8,"WAEBER ET AL., 1988",,"dmt,5-me"
1188,5-HT1D,HTR1D,694,"DMT,5-Me",CN(C)CCC1=CNC2=C1C=C(C=C2)OC,1832,,3H-5HT,PIG,CAUDATE,,66.1,"WAEBER ET AL., 1988",,"dmt,5-me"
1189,5-HT1D,HTR1D,172,5-Methoxytryptamine,COC1=CC2=C(C=C1)NC=C2CCN,608-07-1,56422.0,3H-5HT,BOVINE,STRIATUM,,2.5,"HEURING & PEROUTKA, 1987",,5-methoxytryptamine
1190,5-HT1D,HTR1D,172,5-Methoxytryptamine,COC1=CC2=C(C=C1)NC=C2CCN,608-07-1,56422.0,3H-5HT,COW,CAUDATE,,3.98,"HOYER, 1987",,5-methoxytryptamine
1191,5-HT1D,HTR1D,172,5-Methoxytryptamine,COC1=CC2=C(C=C1)NC=C2CCN,608-07-1,56422.0,3H-5HT,CALF,CAUDATE,,3.98,"HOYER, 1988 or 9 (book)",,5-methoxytryptamine
1192,5-HT1D,HTR1D,172,5-Methoxytryptamine,COC1=CC2=C(C=C1)NC=C2CCN,608-07-1,56422.0,3H-5HT,CALF,CAUDATE,,3.98,"HOYER, 1989 (J.R.R.)",,5-methoxytryptamine
1193,5-HT1D,HTR1D,172,5-Methoxytryptamine,COC1=CC2=C(C=C1)NC=C2CCN,608-07-1,56422.0,3H-5HT,CALF,CAUDATE,,3.98,"WAEBER ET AL., 1988",,5-methoxytryptamine
1194,5-HT1D,HTR1D,172,5-Methoxytryptamine,COC1=CC2=C(C=C1)NC=C2CCN,608-07-1,56422.0,3H-5HT,HUMAN,CAUDATE,,6.17,"WAEBER ET AL., 1988",,5-methoxytryptamine
1195,5-HT1D,HTR1D,172,5-Methoxytryptamine,COC1=CC2=C(C=C1)NC=C2CCN,608-07-1,56422.0,3H-5HT,PIG,CAUDATE,,7.08,"SCHLICKER ET AL., 1989",,5-methoxytryptamine
1196,5-HT1D,HTR1D,172,5-Methoxytryptamine,COC1=CC2=C(C=C1)NC=C2CCN,608-07-1,56422.0,3H-5HT,PIG,CAUDATE,,7.08,"WAEBER ET AL., 1988",,5-methoxytryptamine
1197,5-HT1D,HTR1D,172,5-Methoxytryptamine,COC1=CC2=C(C=C1)NC=C2CCN,608-07-1,56422.0,3H-5HT,RAT,CORTEX,,70.0,"HERRICK-DAVIS & TITELER, 198",,5-methoxytryptamine
1198,5-HT1D,HTR1D,172,5-Methoxytryptamine,COC1=CC2=C(C=C1)NC=C2CCN,608-07-1,56422.0,3H-5HT,RAT,STRIATUM,,72.0,"HERRICK-DAVIS & TITELER, 198",,5-methoxytryptamine
1199,5-HT1D,HTR1D,172,5-Methoxytryptamine,COC1=CC2=C(C=C1)NC=C2CCN,608-07-1,56422.0,3H-5HT,HUMAN,CORTEX,,7.3,"PEROUTKA ET AL., 1989",,5-methoxytryptamine
1212,5-HT1D,HTR1D,437,"DMT,5-OH",CN(C)CCC1=CNC2=C1C=C(C=C2)O,487-93-4,89593.0,3H-5HT,BOVINE,STRIATUM,,3.71,"PEROUTKA, 1985",,"dmt,5-oh"
1213,5-HT1D,HTR1D,437,"DMT,5-OH",CN(C)CCC1=CNC2=C1C=C(C=C2)O,487-93-4,89593.0,3H-5HT,COW,CAUDATE,,7.24,"HOYER, 1987",,"dmt,5-oh"
1214,5-HT1D,HTR1D,437,"DMT,5-OH",CN(C)CCC1=CNC2=C1C=C(C=C2)O,487-93-4,89593.0,3H-5HT,CALF,CAUDATE,,7.24,"HOYER, 1989 (J.R.R.)",,"dmt,5-oh"
1215,5-HT1D,HTR1D,437,"DMT,5-OH",CN(C)CCC1=CNC2=C1C=C(C=C2)O,487-93-4,89593.0,3H-5HT,CALF,CAUDATE,,7.94,"HOYER, 1988 or 9 (book)",,"dmt,5-oh"
1216,5-HT1D,HTR1D,437,"DMT,5-OH",CN(C)CCC1=CNC2=C1C=C(C=C2)O,487-93-4,89593.0,3H-5HT,CALF,CAUDATE,,20.4,"WAEBER ET AL., 1988",,"dmt,5-oh"
1265,5-HT1D,HTR1D,726,DOMPERIDONE,C1CN(CCC1N2C3=C(C=C(C=C3)Cl)NC2=O)CCCN4C5=CC=CC=C5NC4=O,57808-66-9,299589.0,3H-5HT,CALF,CAUDATE,>,10000.0,"HOYER, 1988 or 9 (book)",,domperidone
1266,5-HT1D,HTR1D,726,DOMPERIDONE,C1CN(CCC1N2C3=C(C=C(C=C3)Cl)NC2=O)CCCN4C5=CC=CC=C5NC4=O,57808-66-9,299589.0,3H-5HT,COW,CAUDATE,>,10000.0,"HOYER, 1987",,domperidone
1267,5-HT1D,HTR1D,726,DOMPERIDONE,C1CN(CCC1N2C3=C(C=C(C=C3)Cl)NC2=O)CCCN4C5=CC=CC=C5NC4=O,57808-66-9,299589.0,3H-5HT,CALF,CAUDATE,>,10000.0,"HOYER, 1989 (J.R.R.)",,domperidone
1268,5-HT1D,HTR1D,726,DOMPERIDONE,C1CN(CCC1N2C3=C(C=C(C=C3)Cl)NC2=O)CCCN4C5=CC=CC=C5NC4=O,57808-66-9,299589.0,3H-5HT,CALF,CAUDATE,>,10000.0,"WAEBER ET AL., 1988",,domperidone
1330,5-HT1D,HTR1D,1098,"LSD,l-",CCN(CC)C(=O)C1CN(C2CC3=CNC4=CC=CC(=C34)C2=C1)C,5761,,3H-5HT,BOVINE,STRIATUM,>,10000.0,"HEURING & PEROUTKA, 1987",,"lsd,l-"
1428,5-HT1B,HTR1B,1098,"LSD,l-",CCN(CC)C(=O)C1CN(C2CC3=CNC4=CC=CC(=C34)C2=C1)C,5761,,3H-5HT,RAT,CORTEX,>,10000.0,"PEROUTKA, 1986",,"lsd,l-"
1439,5-HT1B,HTR1B,1170,"MDA,R(-)",CC(CC1=CC2=C(C=C1)OCO2)N,3046161,,3H-5HT,RAT,STRIATUM,>,10000.0,"TITELER ET AL., 1988",,"mda,r(-)"
1559,5-HT2A,HTR2A,87,3-AMTBI,C1CC2=C3C(=CC=C2)NC=C3C1CN,194894,,3H-KETANSERIN,RAT,CORTEX,,555.0,"TAYLOR ET AL,. 1987",,3-amtbi
1577,5-HT2A,HTR2A,150,5-Hydroxy Tryptamine,C1=CC2=C(C=C1O)C(=CN2)CCN,50-67-9,58241.0,3H-KETANSERIN,RAT,CORTEX,,69.44,"NEALE ET AL., 1987",,5-hydroxy tryptamine
1578,5-HT2A,HTR2A,150,5-Hydroxy Tryptamine,C1=CC2=C(C=C1O)C(=CN2)CCN,50-67-9,58241.0,3H-KETANSERIN,RAT,CORTEX,,79.4,"HOYER, 1988 (TIPS)",,5-hydroxy tryptamine
1579,5-HT2A,HTR2A,150,5-Hydroxy Tryptamine,C1=CC2=C(C=C1O)C(=CN2)CCN,50-67-9,58241.0,3H-KETANSERIN,HUMAN,CORTEX,,174.0,"HOYER ET AL., 1987",,5-hydroxy tryptamine
1580,5-HT2A,HTR2A,150,5-Hydroxy Tryptamine,C1=CC2=C(C=C1O)C(=CN2)CCN,50-67-9,58241.0,3H-KETANSERIN,RAT,CORTEX,,180.0,"BATTAGLIA ET AL., 1983",,5-hydroxy tryptamine
1581,5-HT2A,HTR2A,150,5-Hydroxy Tryptamine,C1=CC2=C(C=C1O)C(=CN2)CCN,50-67-9,58241.0,3H-KETANSERIN,PIG,CORTEX,,214.0,"HOYER ET AL., 1987",,5-hydroxy tryptamine
1582,5-HT2A,HTR2A,150,5-Hydroxy Tryptamine,C1=CC2=C(C=C1O)C(=CN2)CCN,50-67-9,58241.0,3H-KETANSERIN,RAT,CORTEX,,320.0,"PAZOS ET AL, 1984",,5-hydroxy tryptamine
1583,5-HT2A,HTR2A,150,5-Hydroxy Tryptamine,C1=CC2=C(C=C1O)C(=CN2)CCN,50-67-9,58241.0,125I-MIL,RAT,CORTEX,,510.36,"HOFFMAN ET AL., 1987",,5-hydroxy tryptamine
1584,5-HT2A,HTR2A,150,5-Hydroxy Tryptamine,C1=CC2=C(C=C1O)C(=CN2)CCN,50-67-9,58241.0,3H-KETANSERIN,RAT,CORTEX,,560.0,"LYON ET AL., 1988",,5-hydroxy tryptamine
1585,5-HT2A,HTR2A,150,5-Hydroxy Tryptamine,C1=CC2=C(C=C1O)C(=CN2)CCN,50-67-9,58241.0,3H-KETANSERIN,RAT,CORTEX,,560.0,"LYON ET AL., 1988",,5-hydroxy tryptamine
1586,5-HT2A,HTR2A,150,5-Hydroxy Tryptamine,C1=CC2=C(C=C1O)C(=CN2)CCN,50-67-9,58241.0,3H-KETANSERIN,RAT,CORTEX,,560.06,"TITELER ET AL., 1984",,5-hydroxy tryptamine
1587,5-HT2A,HTR2A,150,5-Hydroxy Tryptamine,C1=CC2=C(C=C1O)C(=CN2)CCN,50-67-9,58241.0,3H-KETANSERIN,RAT,CORTEX,,562.0,"BATTAGLIA ET AL., 1984",,5-hydroxy tryptamine
1588,5-HT2A,HTR2A,150,5-Hydroxy Tryptamine,C1=CC2=C(C=C1O)C(=CN2)CCN,50-67-9,58241.0,3H-SPIPERONE,RAT,CORTEX,,608.91,"LEYSEN ET AL., 1978",,5-hydroxy tryptamine
1589,5-HT2A,HTR2A,150,5-Hydroxy Tryptamine,C1=CC2=C(C=C1O)C(=CN2)CCN,50-67-9,58241.0,125I-LSD,RAT,CORTEX,,633.96,"HARTIG ET AL., 1983",,5-hydroxy tryptamine
1590,5-HT2A,HTR2A,150,5-Hydroxy Tryptamine,C1=CC2=C(C=C1O)C(=CN2)CCN,50-67-9,58241.0,3H-MESULERGINE,RAT,CORTEX,,682.0,"CLOSSE, 1983",,5-hydroxy tryptamine
1591,5-HT2B,HTR2B,150,5-Hydroxy Tryptamine,C1=CC2=C(C=C1O)C(=CN2)CCN,50-67-9,58241.0,3H-KETANSERIN,BOVINE,CORTEX,,750.0,"MCKENNA & PEROUTKA, 1989",http://www.ncbi.nlm.nih.gov/pubmed/2795135?itool=EntrezSystem2.PEntrez.Pubmed.Pubmed_ResultsPanel.Pubmed_RVDocSum&ordinalpos=33,5-hydroxy tryptamine
1592,5-HT2A,HTR2A,150,5-Hydroxy Tryptamine,C1=CC2=C(C=C1O)C(=CN2)CCN,50-67-9,58241.0,3H-KETANSERIN,RAT,CORTEX,,928.0,"LYON ET AL., 1987",,5-hydroxy tryptamine
1593,5-HT2A,HTR2A,150,5-Hydroxy Tryptamine,C1=CC2=C(C=C1O)C(=CN2)CCN,50-67-9,58241.0,3H-KETANSERIN,RAT,CORTEX,,930.0,"GLENNON ET AL., 1988",,5-hydroxy tryptamine
1594,5-HT2A,HTR2A,150,5-Hydroxy Tryptamine,C1=CC2=C(C=C1O)C(=CN2)CCN,50-67-9,58241.0,125I-LSD,RAT,CORTEX,,1118.38,"KADAN ET AL., 1984",,5-hydroxy tryptamine
1595,5-HT2A,HTR2A,150,5-Hydroxy Tryptamine,C1=CC2=C(C=C1O)C(=CN2)CCN,50-67-9,58241.0,125I-AZIK,RAT,CORTEX,,1240.61,"WOUTERS ET AL., 1987",,5-hydroxy tryptamine
1596,5-HT2A,HTR2A,150,5-Hydroxy Tryptamine,C1=CC2=C(C=C1O)C(=CN2)CCN,50-67-9,58241.0,3H-NMSP,RAT,CORTEX,,1679.0,"LYON ET AL., 1986",,5-hydroxy tryptamine
1597,5-HT2A,HTR2A,150,5-Hydroxy Tryptamine,C1=CC2=C(C=C1O)C(=CN2)CCN,50-67-9,58241.0,3H-KETANSERIN,RAT,CORTEX,,1840.0,"GLASER & TRABER, 1985",,5-hydroxy tryptamine
1598,5-HT2A,HTR2A,150,5-Hydroxy Tryptamine,C1=CC2=C(C=C1O)C(=CN2)CCN,50-67-9,58241.0,125I-LSD,BOVINE,CAUDATE,,2050.0,"HARTIG ET AL., 1985",,5-hydroxy tryptamine
1599,5-HT2A,HTR2A,150,5-Hydroxy Tryptamine,C1=CC2=C(C=C1O)C(=CN2)CCN,50-67-9,58241.0,3H-SPIROPERIDOL,RAT,CORTEX,,2700.0,"PEROUTKA & SNYDER, 1979",,5-hydroxy tryptamine
1600,5-HT2A,HTR2A,150,5-Hydroxy Tryptamine,C1=CC2=C(C=C1O)C(=CN2)CCN,50-67-9,58241.0,3H-SPIPERONE,RAT,CORTEX,,2912.68,"CREESE & SNYDER, 1978",,5-hydroxy tryptamine
1601,5-HT2A,HTR2A,150,5-Hydroxy Tryptamine,C1=CC2=C(C=C1O)C(=CN2)CCN,50-67-9,58241.0,3H-KETANSERIN,RAT,CORTEX,,2950.0,"HOYER ET AL., 1985",,5-hydroxy tryptamine
1602,5-HT2A,HTR2A,150,5-Hydroxy Tryptamine,C1=CC2=C(C=C1O)C(=CN2)CCN,50-67-9,58241.0,3H-KETANSERIN,RAT,CORTEX,,2950.0,"MARKSTEIN ET AL, 1986",,5-hydroxy tryptamine
1603,5-HT2A,HTR2A,150,5-Hydroxy Tryptamine,C1=CC2=C(C=C1O)C(=CN2)CCN,50-67-9,58241.0,3H-KETANSERIN,RAT,CORTEX,,2950.0,"ENGEL ET AL, 1986",,5-hydroxy tryptamine
1605,5-HT2A,HTR2A,150,5-Hydroxy Tryptamine,C1=CC2=C(C=C1O)C(=CN2)CCN,50-67-9,58241.0,3H-SPIPERONE,HUMAN,CORTEX,,3170.75,"ANDORN ET AL., 1984",,5-hydroxy tryptamine
1607,5-HT2A,HTR2A,150,5-Hydroxy Tryptamine,C1=CC2=C(C=C1O)C(=CN2)CCN,50-67-9,58241.0,3H-SPIPERONE,RAT,CORTEX,,4068.66,"FULLER ET AL., 1986",,5-hydroxy tryptamine
1608,5-HT2A,HTR2A,150,5-Hydroxy Tryptamine,C1=CC2=C(C=C1O)C(=CN2)CCN,50-67-9,58241.0,125I-LSD,HUMAN,FR. CORTEX,,4396.0,"ELLIOT & KENT, 1989",,5-hydroxy tryptamine
1622,5-HT2A,HTR2A,172,5-Methoxytryptamine,COC1=CC2=C(C=C1)NC=C2CCN,608-07-1,56422.0,3H-KETANSERIN,PIG,CORTEX,,50.1,"HOYER ET AL., 1987",,5-methoxytryptamine
1623,5-HT2A,HTR2A,172,5-Methoxytryptamine,COC1=CC2=C(C=C1)NC=C2CCN,608-07-1,56422.0,3H-KETANSERIN,RAT,CORTEX,,143.33,"BATTAGLIA ET AL., 1983",,5-methoxytryptamine
1624,5-HT2A,HTR2A,172,5-Methoxytryptamine,COC1=CC2=C(C=C1)NC=C2CCN,608-07-1,56422.0,3H-KETANSERIN,HUMAN,CORTEX,,295.0,"HOYER ET AL., 1987",,5-methoxytryptamine
1625,5-HT2A,HTR2A,172,5-Methoxytryptamine,COC1=CC2=C(C=C1)NC=C2CCN,608-07-1,56422.0,3H-KETANSERIN,RAT,CORTEX,,300.0,"LYON ET AL., 1988",,5-methoxytryptamine
1626,5-HT2A,HTR2A,172,5-Methoxytryptamine,COC1=CC2=C(C=C1)NC=C2CCN,608-07-1,56422.0,3H-KETANSERIN,RAT,CORTEX,,300.0,"LYON ET AL., 1988",,5-methoxytryptamine
1627,5-HT2A,HTR2A,172,5-Methoxytryptamine,COC1=CC2=C(C=C1)NC=C2CCN,608-07-1,56422.0,3H-KETANSERIN,RAT,CORTEX,,305.0,"LYON ET AL., 1987",,5-methoxytryptamine
1628,5-HT2A,HTR2A,172,5-Methoxytryptamine,COC1=CC2=C(C=C1)NC=C2CCN,608-07-1,56422.0,3H-KETANSERIN,RAT,CORTEX,,305.0,"GLENNON ET AL., 1988",,5-methoxytryptamine
1629,5-HT2A,HTR2A,172,5-Methoxytryptamine,COC1=CC2=C(C=C1)NC=C2CCN,608-07-1,56422.0,3H-KETANSERIN,RAT,CORTEX,,617.0,"HOYER, 1988 (TIPS)",,5-methoxytryptamine
1630,5-HT2A,HTR2A,172,5-Methoxytryptamine,COC1=CC2=C(C=C1)NC=C2CCN,608-07-1,56422.0,3H-KETANSERIN,RAT,CORTEX,,686.0,"BATTAGLIA ET AL., 1984",,5-methoxytryptamine
1631,5-HT2A,HTR2A,172,5-Methoxytryptamine,COC1=CC2=C(C=C1)NC=C2CCN,608-07-1,56422.0,3H-KETANSERIN,RAT,CORTEX,,1382.0,"TAYLOR ET AL,. 1987",,5-methoxytryptamine
1633,5-HT2A,HTR2A,172,5-Methoxytryptamine,COC1=CC2=C(C=C1)NC=C2CCN,608-07-1,56422.0,3H-KETANSERIN,RAT,CORTEX,,2570.0,"MARKSTEIN ET AL, 1986",,5-methoxytryptamine
1634,5-HT2A,HTR2A,172,5-Methoxytryptamine,COC1=CC2=C(C=C1)NC=C2CCN,608-07-1,56422.0,3H-KETANSERIN,RAT,CORTEX,,2570.0,"ENGEL ET AL, 1986",,5-methoxytryptamine
1635,5-HT2A,HTR2A,172,5-Methoxytryptamine,COC1=CC2=C(C=C1)NC=C2CCN,608-07-1,56422.0,3H-SPIROPERIDOL,RAT,CORTEX,,2700.0,"PEROUTKA & SNYDER, 1979",,5-methoxytryptamine
1636,5-HT2A,HTR2A,172,5-Methoxytryptamine,COC1=CC2=C(C=C1)NC=C2CCN,608-07-1,56422.0,3H-KETANSERIN,RAT,CORTEX,,2950.0,"HOYER, 1989 (J.R.R.)",,5-methoxytryptamine
1637,5-HT2A,HTR2A,172,5-Methoxytryptamine,COC1=CC2=C(C=C1)NC=C2CCN,608-07-1,56422.0,3H-MESULERGINE,RAT,CORTEX,,3100.0,"CLOSSE, 1983",,5-methoxytryptamine
1639,5-HT2A,HTR2A,172,5-Methoxytryptamine,COC1=CC2=C(C=C1)NC=C2CCN,608-07-1,56422.0,3H-SPIPERONE,RAT,CORTEX,,4832.39,"CREESE & SNYDER, 1978",,5-methoxytryptamine
1642,5-HT2A,HTR2A,172,5-Methoxytryptamine,COC1=CC2=C(C=C1)NC=C2CCN,608-07-1,56422.0,3H-KETANSERIN,RAT,CORTEX,,684.44,"TITELER ET AL., 1984",,5-methoxytryptamine
1646,5-HT2A,HTR2A,183,5-OBzlTRYPTAMINE,,,,3H-KETANSERIN,RAT,CORTEX,,360.0,"LYON ET AL., 1988",,5-obzltryptamine
1676,5-HT2A,HTR2A,298,"AMT,(+)",CC(CC1=CNC2=CC=CC=C21)N,,,3H-KETANSERIN,BOVINE,CORTEX,,890.0,"MCKENNA, ET AL., 1989",,"amt,(+)"
1677,5-HT2A,HTR2A,297,"AMT,(-)",CC(CC1=CNC2=CC=CC=C21)N,1121-91-1,,3H-KETANSERIN,BOVINE,CORTEX,,3500.0,"MCKENNA, ET AL., 1989",,"amt,(-)"
1702,5-HT2A,HTR2A,437,"DMT,5-OH",CN(C)CCC1=CNC2=C1C=C(C=C2)O,487-93-4,89593.0,3H-KETANSERIN,RAT,CORTEX,,121.33,"BATTAGLIA ET AL., 1983",,"dmt,5-oh"
1703,5-HT2A,HTR2A,437,"DMT,5-OH",CN(C)CCC1=CNC2=C1C=C(C=C2)O,487-93-4,89593.0,3H-MESULERGINE,RAT,CORTEX,,230.0,"CLOSSE, 1983",,"dmt,5-oh"
1704,5-HT2A,HTR2A,437,"DMT,5-OH",CN(C)CCC1=CNC2=C1C=C(C=C2)O,487-93-4,89593.0,3H-SPIPERONE,RAT,CORTEX,,304.45,"LEYSEN ET AL., 1978",,"dmt,5-oh"
1705,5-HT2A,HTR2A,437,"DMT,5-OH",CN(C)CCC1=CNC2=C1C=C(C=C2)O,487-93-4,89593.0,3H-KETANSERIN,BOVINE,CORTEX,,330.0,"MCKENNA, ET AL., 1989",,"dmt,5-oh"
1706,5-HT2A,HTR2A,437,"DMT,5-OH",CN(C)CCC1=CNC2=C1C=C(C=C2)O,487-93-4,89593.0,3H-KETANSERIN,RAT,CORTEX,,380.0,"ENGEL ET AL, 1986",,"dmt,5-oh"
1707,5-HT2A,HTR2A,437,"DMT,5-OH",CN(C)CCC1=CNC2=C1C=C(C=C2)O,487-93-4,89593.0,3H-KETANSERIN,RAT,CORTEX,,380.0,"HOYER, 1989 (J.R.R.)",,"dmt,5-oh"
1710,5-HT2A,HTR2A,437,"DMT,5-OH",CN(C)CCC1=CNC2=C1C=C(C=C2)O,487-93-4,89593.0,125I-AZIK,RAT,CORTEX,,420.27,"WOUTERS ET AL., 1987",,"dmt,5-oh"
1711,5-HT2A,HTR2A,437,"DMT,5-OH",CN(C)CCC1=CNC2=C1C=C(C=C2)O,487-93-4,89593.0,3H-KETANSERIN,RAT,CORTEX,,477.8,"TITELER ET AL., 1984",,"dmt,5-oh"
1712,5-HT2A,HTR2A,437,"DMT,5-OH",CN(C)CCC1=CNC2=C1C=C(C=C2)O,487-93-4,89593.0,3H-KETANSERIN,RAT,CORTEX,,479.0,"BATTAGLIA ET AL., 1984",,"dmt,5-oh"
1713,5-HT2A,HTR2A,437,"DMT,5-OH",CN(C)CCC1=CNC2=C1C=C(C=C2)O,487-93-4,89593.0,3H-SPIROPERIDOL,RAT,CORTEX,,840.0,"PEROUTKA & SNYDER, 1979",,"dmt,5-oh"
1714,5-HT2A,HTR2A,437,"DMT,5-OH",CN(C)CCC1=CNC2=C1C=C(C=C2)O,487-93-4,89593.0,3H-SPIPERONE,RAT,CORTEX,,1522.54,"CREESE & SNYDER, 1978",,"dmt,5-oh"
1715,5-HT2A,HTR2A,437,"DMT,5-OH",CN(C)CCC1=CNC2=C1C=C(C=C2)O,487-93-4,89593.0,3H-KETANSERIN,RAT,CORTEX,>,10000.0,"HOYER, 1988 (TIPS)",,"dmt,5-oh"
1831,5-HT2A,HTR2A,640,"DET,4-OH",,,,3H-KETANSERIN,BOVINE,CORTEX,,580.0,"MCKENNA, ET AL., 1989",,"det,4-oh"
1832,5-HT2A,HTR2A,641,"DET,5-MeO",,,,3H-KETANSERIN,RAT,CORTEX,,1120.0,"LYON ET AL., 1988",,"det,5-meo"
1833,5-HT2A,HTR2A,641,"DET,5-MeO",,,,3H-KETANSERIN,RAT,CORTEX,,1120.0,"LYON ET AL., 1988",,"det,5-meo"
1842,5-HT2A,HTR2A,678,"DIPT,5-OH",,,,3H-KETANSERIN,BOVINE,CORTEX,,615.0,"MCKENNA, ET AL., 1989",,"dipt,5-oh"
1853,5-HT2A,HTR2A,693,"DMT,4-MeO",,,,3H-KETANSERIN,RAT,CORTEX,,1300.0,"LYON ET AL., 1988",,"dmt,4-meo"
1854,5-HT2A,HTR2A,693,"DMT,4-MeO",,,,3H-KETANSERIN,RAT,CORTEX,,1300.0,"LYON ET AL., 1988",,"dmt,4-meo"
1855,5-HT2A,HTR2A,695,"DMT,5-MeO",CN(C)CCC1=CNC2=C1C=C(C=C2)OC,1832,,3H-KETANSERIN,HUMAN,CORTEX,,207.0,"SADZOT ET AL., 1989",,"dmt,5-meo"
1856,5-HT2A,HTR2A,695,"DMT,5-MeO",CN(C)CCC1=CNC2=C1C=C(C=C2)OC,1832,,3H-KETANSERIN,BOVINE,CORTEX,,390.0,"MCKENNA, ET AL., 1989",,"dmt,5-meo"
1857,5-HT2A,HTR2A,695,"DMT,5-MeO",CN(C)CCC1=CNC2=C1C=C(C=C2)OC,1832,,3H-KETANSERIN,RAT,CORTEX,,600.0,"LYON ET AL., 1988",,"dmt,5-meo"
1858,5-HT2A,HTR2A,695,"DMT,5-MeO",CN(C)CCC1=CNC2=C1C=C(C=C2)OC,1832,,3H-KETANSERIN,RAT,CORTEX,,600.0,"LYON ET AL., 1988",,"dmt,5-meo"
1859,5-HT2A,HTR2A,695,"DMT,5-MeO",CN(C)CCC1=CNC2=C1C=C(C=C2)OC,1832,,3H-KETANSERIN,RAT,CORTEX,,616.0,"LYON ET AL., 1987",,"dmt,5-meo"
1860,5-HT2A,HTR2A,695,"DMT,5-MeO",CN(C)CCC1=CNC2=C1C=C(C=C2)OC,1832,,3H-KETANSERIN,RAT,CORTEX,,617.0,"HOYER, 1988 (TIPS)",,"dmt,5-meo"
1861,5-HT2A,HTR2A,695,"DMT,5-MeO",CN(C)CCC1=CNC2=C1C=C(C=C2)OC,1832,,3H-KETANSERIN,RAT,CORTEX,,620.0,"GLENNON ET AL., 1988",,"dmt,5-meo"
1862,5-HT2B,HTR2B,695,"DMT,5-MeO",CN(C)CCC1=CNC2=C1C=C(C=C2)OC,1832,,3H-KETANSERIN,BOVINE,CORTEX,,1300.0,"MCKENNA & PEROUTKA, 1989",http://www.ncbi.nlm.nih.gov/pubmed/2795135?itool=EntrezSystem2.PEntrez.Pubmed.Pubmed_ResultsPanel.Pubmed_RVDocSum&ordinalpos=33,"dmt,5-meo"
1863,5-HT2A,HTR2A,696,"DMT,5-MeO-7-M",,,,3H-KETANSERIN,RAT,CORTEX,,360.0,"LYON ET AL., 1988",,"dmt,5-meo-7-m"
1864,5-HT2A,HTR2A,696,"DMT,5-MeO-7-M",,,,3H-KETANSERIN,RAT,CORTEX,,360.0,"LYON ET AL., 1988",,"dmt,5-meo-7-m"
1865,5-HT2A,HTR2A,437,"DMT,5-OH",CN(C)CCC1=CNC2=C1C=C(C=C2)O,487-93-4,89593.0,3H-KETANSERIN,RAT,CORTEX,,297.0,"LYON ET AL., 1987",,"dmt,5-oh"
1866,5-HT2A,HTR2A,437,"DMT,5-OH",CN(C)CCC1=CNC2=C1C=C(C=C2)O,487-93-4,89593.0,3H-KETANSERIN,RAT,CORTEX,,480.0,"LYON ET AL., 1988",,"dmt,5-oh"
1867,5-HT2A,HTR2A,437,"DMT,5-OH",CN(C)CCC1=CNC2=C1C=C(C=C2)O,487-93-4,89593.0,3H-KETANSERIN,RAT,CORTEX,,480.0,"LYON ET AL., 1988",,"dmt,5-oh"
1868,5-HT2A,HTR2A,698,"DMT,6-MeO",,,,3H-KETANSERIN,RAT,CORTEX,,7300.0,"LYON ET AL., 1988",,"dmt,6-meo"
1869,5-HT2A,HTR2A,698,"DMT,6-MeO",,,,3H-KETANSERIN,RAT,CORTEX,,7300.0,"LYON ET AL., 1988",,"dmt,6-meo"
1870,5-HT2A,HTR2A,699,"DMT,7-Br",,,,3H-KETANSERIN,RAT,CORTEX,,170.0,"LYON ET AL., 1988",,"dmt,7-br"
1871,5-HT2A,HTR2A,699,"DMT,7-Br",,,,3H-KETANSERIN,RAT,CORTEX,,170.0,"LYON ET AL., 1988",,"dmt,7-br"
1872,5-HT2A,HTR2A,700,"DMT,7-MeO",,,,3H-KETANSERIN,RAT,CORTEX,,5400.0,"LYON ET AL., 1988",,"dmt,7-meo"
1873,5-HT2A,HTR2A,700,"DMT,7-MeO",,,,3H-KETANSERIN,RAT,CORTEX,,5400.0,"LYON ET AL., 1988",,"dmt,7-meo"
1874,5-HT2A,HTR2A,701,"DMT,7-OH",,,,3H-KETANSERIN,RAT,CORTEX,>,10000.0,"LYON ET AL., 1988",,"dmt,7-oh"
1875,5-HT2A,HTR2A,701,"DMT,7-OH",,,,3H-KETANSERIN,RAT,CORTEX,>,10000.0,"LYON ET AL., 1988",,"dmt,7-oh"
1878,5-HT2A,HTR2A,710,"DOB,S(+)",,,,3H-KETANSERIN,HUMAN,CORTEX,,55.0,"SADZOT ET AL., 1989",,"dob,s(+)"
1879,5-HT2B,HTR2B,710,"DOB,S(+)",,,,3H-KETANSERIN,BOVINE,CORTEX,,125.0,"MCKENNA & PEROUTKA, 1989",http://www.ncbi.nlm.nih.gov/pubmed/2795135?itool=EntrezSystem2.PEntrez.Pubmed.Pubmed_ResultsPanel.Pubmed_RVDocSum&ordinalpos=33,"dob,s(+)"
1880,5-HT2A,HTR2A,710,"DOB,S(+)",,,,3H-KETANSERIN,RAT,CORTEX,,146.0,"LYON ET AL., 1987",,"dob,s(+)"
1881,5-HT2A,HTR2A,709,"DOB,R(-)",CC(C1=CC=CC2=NC3=C(C=CC=C3N=C21)C(=O)O)OC(=O)C(CO)OC,3035990,,3H-KETANSERIN,HUMAN,CORTEX,,17.0,"SADZOT ET AL., 1989",,"dob,r(-)"
1882,5-HT2A,HTR2A,709,"DOB,R(-)",CC(C1=CC=CC2=NC3=C(C=CC=C3N=C21)C(=O)O)OC(=O)C(CO)OC,3035990,,3H-KETANSERIN,RAT,CORTEX,,24.0,"LYON ET AL., 1987",,"dob,r(-)"
1883,5-HT2B,HTR2B,709,"DOB,R(-)",CC(C1=CC=CC2=NC3=C(C=CC=C3N=C21)C(=O)O)OC(=O)C(CO)OC,3035990,,3H-KETANSERIN,BOVINE,CORTEX,,60.0,"MCKENNA & PEROUTKA, 1989",http://www.ncbi.nlm.nih.gov/pubmed/2795135?itool=EntrezSystem2.PEntrez.Pubmed.Pubmed_ResultsPanel.Pubmed_RVDocSum&ordinalpos=33,"dob,r(-)"
1884,5-HT2A,HTR2A,707,"DOB,BENZYLOXY-",CC(CC1=CC(=C(C=C1OC)Br)OC)N.Br,62064,,3H-KETANSERIN,RAT,CORTEX,,140.0,"LYON ET AL., 1988",,"dob,benzyloxy-"
1885,5-HT2A,HTR2A,708,"DOB,OH-",,,,3H-KETANSERIN,RAT,CORTEX,,210.0,"LYON ET AL., 1988",,"dob,oh-"
1887,5-HT2B,HTR2B,716,"DOET,(-)",CCC1=CC(=C(C=C1OC)CC(C)N)OC.Cl,62066,,3H-KETANSERIN,BOVINE,CORTEX,,80.0,"MCKENNA & PEROUTKA, 1989",http://www.ncbi.nlm.nih.gov/pubmed/2795135?itool=EntrezSystem2.PEntrez.Pubmed.Pubmed_ResultsPanel.Pubmed_RVDocSum&ordinalpos=33,"doet,(-)"
1891,5-HT2B,HTR2B,721,"DOI,(+)",CC(CC1=CC(=C(C=C1OC)I)OC)N,99665-05-1,,3H-KETANSERIN,BOVINE,CORTEX,,100.0,"MCKENNA & PEROUTKA, 1989",http://www.ncbi.nlm.nih.gov/pubmed/2795135?itool=EntrezSystem2.PEntrez.Pubmed.Pubmed_ResultsPanel.Pubmed_RVDocSum&ordinalpos=33,"doi,(+)"
1892,5-HT2B,HTR2B,720,"DOI,(-)",CC(CC1=CC(=C(C=C1OC)I)OC)N,82864-02-6,,3H-KETANSERIN,BOVINE,CORTEX,,55.0,"MCKENNA & PEROUTKA, 1989",http://www.ncbi.nlm.nih.gov/pubmed/2795135?itool=EntrezSystem2.PEntrez.Pubmed.Pubmed_ResultsPanel.Pubmed_RVDocSum&ordinalpos=33,"doi,(-)"
1896,5-HT2B,HTR2B,724,"DOM,R(-)",CC1=CC(=C(C=C1OC)CC(C)N)OC,85875,,3H-KETANSERIN,BOVINE,CORTEX,,400.0,"MCKENNA & PEROUTKA, 1989",http://www.ncbi.nlm.nih.gov/pubmed/2795135?itool=EntrezSystem2.PEntrez.Pubmed.Pubmed_ResultsPanel.Pubmed_RVDocSum&ordinalpos=33,"dom,r(-)"
1897,5-HT2A,HTR2A,723,"DOM,iso",,,,3H-KETANSERIN,HUMAN,CORTEX,,6299.0,"SADZOT ET AL., 1989",,"dom,iso"
1898,5-HT2A,HTR2A,726,DOMPERIDONE,C1CN(CCC1N2C3=C(C=C(C=C3)Cl)NC2=O)CCCN4C5=CC=CC=C5NC4=O,57808-66-9,299589.0,125I-AZIK,RAT,CORTEX,,66.56,"WOUTERS ET AL., 1987",,domperidone
1899,5-HT2A,HTR2A,726,DOMPERIDONE,C1CN(CCC1N2C3=C(C=C(C=C3)Cl)NC2=O)CCCN4C5=CC=CC=C5NC4=O,57808-66-9,299589.0,3H-KETANSERIN,RAT,CORTEX,,78.0,"LEYSON ET AL., 1982",,domperidone
1900,5-HT2A,HTR2A,726,DOMPERIDONE,C1CN(CCC1N2C3=C(C=C(C=C3)Cl)NC2=O)CCCN4C5=CC=CC=C5NC4=O,57808-66-9,299589.0,125I-MIL,RAT,CORTEX,,120.04,"HOFFMAN ET AL., 1987",,domperidone
1902,5-HT2A,HTR2A,726,DOMPERIDONE,C1CN(CCC1N2C3=C(C=C(C=C3)Cl)NC2=O)CCCN4C5=CC=CC=C5NC4=O,57808-66-9,299589.0,3H-KETANSERIN,RAT,CORTEX,,162.0,"HOYER, 1989 (J.R.R.)",,domperidone
1903,5-HT2A,HTR2A,726,DOMPERIDONE,C1CN(CCC1N2C3=C(C=C(C=C3)Cl)NC2=O)CCCN4C5=CC=CC=C5NC4=O,57808-66-9,299589.0,3H-MESULERGINE,RAT,CORTEX,,278.0,"CLOSSE, 1983",,domperidone
1904,5-HT2A,HTR2A,726,DOMPERIDONE,C1CN(CCC1N2C3=C(C=C(C=C3)Cl)NC2=O)CCCN4C5=CC=CC=C5NC4=O,57808-66-9,299589.0,125I-LSD,BOVINE,CAUDATE,,313.0,"HARTIG ET AL., 1983",,domperidone
1905,5-HT2A,HTR2A,726,DOMPERIDONE,C1CN(CCC1N2C3=C(C=C(C=C3)Cl)NC2=O)CCCN4C5=CC=CC=C5NC4=O,57808-66-9,299589.0,125I-LSD,RAT,CORTEX,,480.76,"HARTIG ET AL., 1983",,domperidone
1906,5-HT2A,HTR2A,726,DOMPERIDONE,C1CN(CCC1N2C3=C(C=C(C=C3)Cl)NC2=O)CCCN4C5=CC=CC=C5NC4=O,57808-66-9,299589.0,125I-LSD,RAT,CORTEX,,482.33,"KADAN ET AL., 1984",,domperidone
2204,5-HT1B,HTR1B,1866,"TMA,2,4,5-",,,,3H-5HT,RAT,STRIATUM,>,10000.0,"TITELER ET AL., 1988",,"tma,2,4,5-"
2205,5-HT1B,HTR1B,1867,"TMA,3,4,5-",,,,3H-5HT,RAT,STRIATUM,>,10000.0,"TITELER ET AL., 1988",,"tma,3,4,5-"
2212,5-HT3,HTR3A,150,5-Hydroxy Tryptamine,C1=CC2=C(C=C1O)C(=CN2)CCN,50-67-9,58241.0,3H-LY 278584,RAT,CORTEX,,39.3,"WONG ET AL., 1989",,5-hydroxy tryptamine
2214,5-HT3,HTR3A,150,5-Hydroxy Tryptamine,C1=CC2=C(C=C1O)C(=CN2)CCN,50-67-9,58241.0,3H-GR-65630,RAT,AREA POSTREMA,,71.46,"Kilpatrick et al., 1989",,5-hydroxy tryptamine
2215,5-HT3,HTR3A,150,5-Hydroxy Tryptamine,C1=CC2=C(C=C1O)C(=CN2)CCN,50-67-9,58241.0,3H-GR-65630,RAT,VAGUS NERVE,,72.86,"Kilpatrick et al., 1989",,5-hydroxy tryptamine
2216,5-HT3,HTR3A,150,5-Hydroxy Tryptamine,C1=CC2=C(C=C1O)C(=CN2)CCN,50-67-9,58241.0,3H-ICS 205-930,RAT,CORTEX,,121.0,"GIRALDO ET AL., 1989",,5-hydroxy tryptamine
2219,5-HT3,HTR3A,150,5-Hydroxy Tryptamine,C1=CC2=C(C=C1O)C(=CN2)CCN,50-67-9,58241.0,3H-GR-65630,RAT,ENTO CORTEX,,128.0,"Kilpatrick et al., 1987",,5-hydroxy tryptamine
2221,5-HT3,HTR3A,150,5-Hydroxy Tryptamine,C1=CC2=C(C=C1O)C(=CN2)CCN,50-67-9,58241.0,3H-QUIPAZINE,RAT,CORTEX,,130.0,"MILBURN & PEROUTKA, 1989",,5-hydroxy tryptamine
2222,5-HT3,HTR3A,150,5-Hydroxy Tryptamine,C1=CC2=C(C=C1O)C(=CN2)CCN,50-67-9,58241.0,3H-QICS 205-930,RAT,CORTEX,,134.23,"WATLING ET AL., 1988",,5-hydroxy tryptamine
2224,5-HT3,HTR3A,150,5-Hydroxy Tryptamine,C1=CC2=C(C=C1O)C(=CN2)CCN,50-67-9,58241.0,3H-BRL 43694,RAT,CORTEX,,160.0,"NELSON & THOMAS, 1989",,5-hydroxy tryptamine
2226,5-HT3,HTR3A,150,5-Hydroxy Tryptamine,C1=CC2=C(C=C1O)C(=CN2)CCN,50-67-9,58241.0,3H-QUIPAZINE,RAT,CORTEX,,160.0,"PEROUTKA, 1988",,5-hydroxy tryptamine
2227,5-HT3,HTR3A,150,5-Hydroxy Tryptamine,C1=CC2=C(C=C1O)C(=CN2)CCN,50-67-9,58241.0,3H-QUIPAZINE,PIG,CORTEX,,160.0,"PEROUTKA, 1988",,5-hydroxy tryptamine
2228,5-HT3,HTR3A,150,5-Hydroxy Tryptamine,C1=CC2=C(C=C1O)C(=CN2)CCN,50-67-9,58241.0,3H-QUIPAZINE,RAT,CORTEX,,190.0,"PEROUTKA & HAMIK, 1988",,5-hydroxy tryptamine
2231,5-HT3,HTR3A,150,5-Hydroxy Tryptamine,C1=CC2=C(C=C1O)C(=CN2)CCN,50-67-9,58241.0,3H-ICS 205-930,N1E-115,CELLS,,380.0,"HOYER & NEIJT, 1988",,5-hydroxy tryptamine
2232,5-HT3,HTR3A,150,5-Hydroxy Tryptamine,C1=CC2=C(C=C1O)C(=CN2)CCN,50-67-9,58241.0,3H-ZACOPRIDE,HUMAN,AMYGDALA,,427.0,"BARNES ET AL., 1989",,5-hydroxy tryptamine
2234,5-HT3,HTR3A,150,5-Hydroxy Tryptamine,C1=CC2=C(C=C1O)C(=CN2)CCN,50-67-9,58241.0,3H-ZACOPRIDE,RAT,ENTO CORTEX,,642.0,"BARNES ET AL., 1988",,5-hydroxy tryptamine
2235,5-HT3,HTR3A,150,5-Hydroxy Tryptamine,C1=CC2=C(C=C1O)C(=CN2)CCN,50-67-9,58241.0,3H-ZACOPRIDE,HUMAN,AMYGDALA,,759.0,"BARNES ET AL., 1988",,5-hydroxy tryptamine
2236,5-HT3,HTR3A,150,5-Hydroxy Tryptamine,C1=CC2=C(C=C1O)C(=CN2)CCN,50-67-9,58241.0,3H-ICS 205-930,NG,NG108-15,,891.0,"HOYER & NEIJT, 1987",,5-hydroxy tryptamine
2237,5-HT3,HTR3A,150,5-Hydroxy Tryptamine,C1=CC2=C(C=C1O)C(=CN2)CCN,50-67-9,58241.0,3H-ICS 205-930,NG,NG108-15,,912.0,"NEIJT ET AL, 1988",,5-hydroxy tryptamine
2238,5-HT3,HTR3A,150,5-Hydroxy Tryptamine,C1=CC2=C(C=C1O)C(=CN2)CCN,50-67-9,58241.0,3H-ZACOPRIDE,HUMAN,HIPPOCAMPUS,,1550.0,"BARNES ET AL., 1989",,5-hydroxy tryptamine
2239,5-HT3,HTR3A,150,5-Hydroxy Tryptamine,C1=CC2=C(C=C1O)C(=CN2)CCN,50-67-9,58241.0,3H-ZACOPRIDE,HUMAN,HIPPOCAMPUS,,2090.0,"BARNES ET AL., 1988",,5-hydroxy tryptamine
2261,5-HT3,HTR3A,172,5-Methoxytryptamine,COC1=CC2=C(C=C1)NC=C2CCN,608-07-1,56422.0,3H-ICS 205-930,N1E-115,CELLS,>,10000.0,"HOYER & NEIJT, 1988",,5-methoxytryptamine
2276,5-HT3,HTR3A,437,"DMT,5-OH",CN(C)CCC1=CNC2=C1C=C(C=C2)O,487-93-4,89593.0,3H-QUIPAZINE,RAT,CORTEX,,34.0,"MILBURN & PEROUTKA, 1989",,"dmt,5-oh"
2302,5-HT3,HTR3A,726,DOMPERIDONE,C1CN(CCC1N2C3=C(C=C(C=C3)Cl)NC2=O)CCCN4C5=CC=CC=C5NC4=O,57808-66-9,299589.0,3H-BRL 43694,RAT,CORTEX,,3900.0,"NELSON & THOMAS, 1989",,domperidone
2566,5-HT2B,HTR2B,1867,"TMA,3,4,5-",,,,3H-KETANSERIN,BOVINE,CORTEX,,7800.0,"MCKENNA & PEROUTKA, 1989",http://www.ncbi.nlm.nih.gov/pubmed/2795135?itool=EntrezSystem2.PEntrez.Pubmed.Pubmed_ResultsPanel.Pubmed_RVDocSum&ordinalpos=33,"tma,3,4,5-"
2567,5-HT2A,HTR2A,1867,"TMA,3,4,5-",,,,3H-KETANSERIN,HUMAN,CORTEX,>,10000.0,"SADZOT ET AL., 1989",,"tma,3,4,5-"
2585,5-HT2A,HTR2A,1921,"TRYPTAMINE,5-MeO,a-",,,,3H-KETANSERIN,RAT,CORTEX,,310.0,"LYON ET AL., 1988",,"tryptamine,5-meo,a-"
2586,5-HT2A,HTR2A,1921,"TRYPTAMINE,5-MeO,a-",,,,3H-KETANSERIN,RAT,CORTEX,,320.0,"LYON ET AL., 1988",,"tryptamine,5-meo,a-"
2587,5-HT2A,HTR2A,1921,"TRYPTAMINE,5-MeO,a-",,,,3H-KETANSERIN,RAT,CORTEX,,320.0,"LYON ET AL., 1988",,"tryptamine,5-meo,a-"
2588,5-HT2A,HTR2A,1921,"TRYPTAMINE,5-MeO,a-",,,,3H-KETANSERIN,RAT,CORTEX,,310.0,"LYON ET AL., 1988",,"tryptamine,5-meo,a-"
2589,5-HT2A,HTR2A,1922,"TRYPTAMINE,a-Me",,,,3H-KETANSERIN,RAT,CORTEX,,2500.0,"LYON ET AL., 1988",,"tryptamine,a-me"
2590,5-HT2A,HTR2A,1922,"TRYPTAMINE,a-Me",,,,3H-KETANSERIN,RAT,CORTEX,,2500.0,"LYON ET AL., 1988",,"tryptamine,a-me"
2591,5-HT2A,HTR2A,1924,"TRYPTAMINE,a-Me(+)",,,,3H-KETANSERIN,RAT,CORTEX,,3100.0,"LYON ET AL., 1988",,"tryptamine,a-me(+)"
2592,5-HT2A,HTR2A,1924,"TRYPTAMINE,a-Me(+)",,,,3H-KETANSERIN,RAT,CORTEX,,3100.0,"LYON ET AL., 1988",,"tryptamine,a-me(+)"
2593,5-HT2A,HTR2A,1923,"TRYPTAMINE,a-Me(-)",,,,3H-KETANSERIN,RAT,CORTEX,,5000.0,"LYON ET AL., 1988",,"tryptamine,a-me(-)"
2594,5-HT2A,HTR2A,1923,"TRYPTAMINE,a-Me(-)",,,,3H-KETANSERIN,RAT,CORTEX,,5000.0,"LYON ET AL., 1988",,"tryptamine,a-me(-)"
2595,5-HT2A,HTR2A,1925,"TRYPTAMINE,a-MeISO",,,,3H-KETANSERIN,RAT,CORTEX,,5000.0,"LYON ET AL., 1988",,"tryptamine,a-meiso"
2596,5-HT2A,HTR2A,1925,"TRYPTAMINE,a-MeISO",,,,3H-KETANSERIN,RAT,CORTEX,,5000.0,"LYON ET AL., 1988",,"tryptamine,a-meiso"
2885,5-HT2A,HTR2A,1094,"LSD,(+)",CCN(CC)C(=O)C1CN(C2CC3=CNC4=CC=CC(=C34)C2=C1)C,5761,,125I-MIL,RAT,CORTEX,,0.98,"HOFFMAN ET AL., 1987",,"lsd,(+)"
2886,5-HT2A,HTR2A,1094,"LSD,(+)",CCN(CC)C(=O)C1CN(C2CC3=CNC4=CC=CC(=C34)C2=C1)C,5761,,125I-LSD,RAT,CORTEX,,2.91,"HARTIG ET AL., 1983",,"lsd,(+)"
2887,5-HT2A,HTR2A,1094,"LSD,(+)",CCN(CC)C(=O)C1CN(C2CC3=CNC4=CC=CC(=C34)C2=C1)C,5761,,125I-LSD,RAT,CORTEX,,2.92,"KADAN ET AL., 1984",,"lsd,(+)"
2888,5-HT2A,HTR2A,1094,"LSD,(+)",CCN(CC)C(=O)C1CN(C2CC3=CNC4=CC=CC(=C34)C2=C1)C,5761,,125I-LSD,BOVINE,CAUDATE,,3.8,"HARTIG ET AL., 1985",,"lsd,(+)"
2889,5-HT2A,HTR2A,1093,"LSD,(-)",CCN(CC)C(=O)C1CN(C2CC3=CNC4=CC=CC(=C34)C2=C1)C,5761,,125I-LSD,RAT,CORTEX,,528.3,"HARTIG ET AL., 1983",,"lsd,(-)"
2890,5-HT2A,HTR2A,1093,"LSD,(-)",CCN(CC)C(=O)C1CN(C2CC3=CNC4=CC=CC(=C34)C2=C1)C,5761,,125I-MIL,RAT,CORTEX,,4082.84,"HOFFMAN ET AL., 1987",,"lsd,(-)"
2891,5-HT2A,HTR2A,1093,"LSD,(-)",CCN(CC)C(=O)C1CN(C2CC3=CNC4=CC=CC(=C34)C2=C1)C,5761,,125I-LSD,BOVINE,CAUDATE,,5000.0,"HARTIG ET AL., 1985",,"lsd,(-)"
2892,5-HT2A,HTR2A,1093,"LSD,(-)",CCN(CC)C(=O)C1CN(C2CC3=CNC4=CC=CC(=C34)C2=C1)C,5761,,125I-LSD,RAT,CORTEX,,5300.35,"KADAN ET AL., 1984",,"lsd,(-)"
2893,5-HT2A,HTR2A,1095,"LSD,2-Bromo",,,,3H-SPIROPERIDOL,RAT,CORTEX,,2.5,"PEROUTKA & SNYDER, 1979",,"lsd,2-bromo"
2894,5-HT2A,HTR2A,1095,"LSD,2-Bromo",,,,125I-LSD,HUMAN,FR. CORTEX,,2.8,"ELLIOT & KENT, 1989",,"lsd,2-bromo"
2904,5-HT2A,HTR2A,1092,"LSD, IODO",CCN(CC)C(=O)C1CN(C2CC3=C(NC4=CC=CC(=C34)C2=C1)I)C,151142,,125I-LSD,RAT,CORTEX,,1.51,"ENGEL ET AL, 1984",,"lsd, iodo"
2905,5-HT2A,HTR2A,1098,"LSD,l-",CCN(CC)C(=O)C1CN(C2CC3=CNC4=CC=CC(=C34)C2=C1)C,5761,,125I-LSD,RAT,CORTEX,,3.75,"HARTIG ET AL., 1983",,"lsd,l-"
2919,5-HT2A,HTR2A,1170,"MDA,R(-)",CC(CC1=CC2=C(C=C1)OCO2)N,3046161,,3H-KETANSERIN,RAT,CORTEX,,3425.0,"LYON ET AL., 1986",,"mda,r(-)"
2920,5-HT2A,HTR2A,1171,"MDA,S(+)",CC(CC1=CC2=C(C=C1)OCO2)N,3050061,,3H-KETANSERIN,RAT,CORTEX,>,10000.0,"LYON ET AL., 1986",,"mda,s(+)"
2927,5-HT2A,HTR2A,1185,"MDMA, R(-)",,,,3H-KETANSERIN,RAT,CORTEX,,3310.0,"LYON ET AL., 1986",,"mdma, r(-)"
2928,5-HT2A,HTR2A,1186,"MDMA,S(+)",CC(CC1=CC2=C(C=C1O)OCO2)NC,64057-70-1,168383.0,3H-KETANSERIN,RAT,CORTEX,>,10000.0,"LYON ET AL., 1986",,"mdma,s(+)"
3131,5-HT6,HTR6,1599,RISPERIDONE,CC1=C(C(=O)N2CCCCC2=N1)CCN3CCC(CC3)C4=NOC5=C4C=CC(=C5)F,106266-06-2,,3H-LSD,RAT,CLONED,,425.0,"ROTH ET AL., 1993",http://www.ncbi.nlm.nih.gov/entrez/query.fcgi?cmd=Retrieve&db=PubMed&list_uids=7908055&dopt=Abstract,risperidone
3137,5-HT6,HTR6,1247,MOLINDONE,CCC1=C(NC2=C1C(=O)C(CC2)CN3CCOCC3)C,7416-34-4,,3H-LSD,RAT,CLONED,,5000.0,"ROTH ET AL., 1993",http://www.ncbi.nlm.nih.gov/entrez/query.fcgi?cmd=Retrieve&db=PubMed&list_uids=7908055&dopt=Abstract,molindone
3171,5-HT7,HTR7,1599,RISPERIDONE,CC1=C(C(=O)N2CCCCC2=N1)CCN3CCC(CC3)C4=NOC5=C4C=CC(=C5)F,106266-06-2,,3H-LSD,RAT,CLONED,,1.39,"ROTH ET AL., 1993",http://www.ncbi.nlm.nih.gov/entrez/query.fcgi?cmd=Retrieve&db=PubMed&list_uids=7908055&dopt=Abstract,risperidone
3176,5-HT7,HTR7,1247,MOLINDONE,CCC1=C(NC2=C1C(=O)C(CC2)CN3CCOCC3)C,7416-34-4,,3H-LSD,RAT,CLONED,,265.0,"ROTH ET AL., 1993",http://www.ncbi.nlm.nih.gov/entrez/query.fcgi?cmd=Retrieve&db=PubMed&list_uids=7908055&dopt=Abstract,molindone
3361,5-HT1A,HTR1A,1170,"MDA,R(-)",CC(CC1=CC2=C(C=C1)OCO2)N,3046161,,3H-8-OH-DPAT,HUMAN,CLONED,>,10000.0,"TOLL L, et. al., 1998",http://www.ncbi.nlm.nih.gov/entrez/query.fcgi?cmd=Retrieve&db=PubMed&list_uids=9686407&dopt=Abstract,"mda,r(-)"
3362,5-HT1A,HTR1A,1185,"MDMA, R(-)",,,,3H-8-OH-DPAT,HUMAN,CLONED,>,10000.0,"TOLL L, et. al., 1998",http://www.ncbi.nlm.nih.gov/entrez/query.fcgi?cmd=Retrieve&db=PubMed&list_uids=9686407&dopt=Abstract,"mdma, r(-)"
3380,5-HT1A,HTR1A,150,5-Hydroxy Tryptamine,C1=CC2=C(C=C1O)C(=CN2)CCN,50-67-9,58241.0,3H-8-OH-DPAT,HUMAN,CLONED,,1.3,"TOLL L, et. al., 1998",http://www.ncbi.nlm.nih.gov/entrez/query.fcgi?cmd=Retrieve&db=PubMed&list_uids=9686407&dopt=Abstract,5-hydroxy tryptamine
3433,5-HT2A,HTR2A,1247,MOLINDONE,CCC1=C(NC2=C1C(=O)C(CC2)CN3CCOCC3)C,7416-34-4,,3H-KETANSERIN,HUMAN,CORTEX,,5000.0,"WANDER ET AL., 1987",,molindone
3437,5-HT2A,HTR2A,1247,MOLINDONE,CCC1=C(NC2=C1C(=O)C(CC2)CN3CCOCC3)C,7416-34-4,,3H-SPIPERONE,HUMAN,CORTEX,,6032.84,"ANDORN ET AL., 1984",,molindone
3513,5-HT2A,HTR2A,1170,"MDA,R(-)",CC(CC1=CC2=C(C=C1)OCO2)N,3046161,,3H-KETANSERIN,RAT,CLONED,,3296.0,"TOLL L, et. al., 1998",http://www.ncbi.nlm.nih.gov/entrez/query.fcgi?cmd=Retrieve&db=PubMed&list_uids=9686407&dopt=Abstract,"mda,r(-)"
3514,5-HT2A,HTR2A,1185,"MDMA, R(-)",,,,3H-KETANSERIN,RAT,CLONED,,3911.0,"TOLL L, et. al., 1998",http://www.ncbi.nlm.nih.gov/entrez/query.fcgi?cmd=Retrieve&db=PubMed&list_uids=9686407&dopt=Abstract,"mdma, r(-)"
3532,5-HT2A,HTR2A,150,5-Hydroxy Tryptamine,C1=CC2=C(C=C1O)C(=CN2)CCN,50-67-9,58241.0,3H-KETANSERIN,RAT,CLONED,,96.0,"TOLL L, et. al., 1998",http://www.ncbi.nlm.nih.gov/entrez/query.fcgi?cmd=Retrieve&db=PubMed&list_uids=9686407&dopt=Abstract,5-hydroxy tryptamine
3572,5-HT2C,HTR2C,1170,"MDA,R(-)",CC(CC1=CC2=C(C=C1)OCO2)N,3046161,,3H-MESULERGINE,RAT,CLONED,,2598.0,"TOLL L, et. al., 1998",http://www.ncbi.nlm.nih.gov/entrez/query.fcgi?cmd=Retrieve&db=PubMed&list_uids=9686407&dopt=Abstract,"mda,r(-)"
3591,5-HT2C,HTR2C,150,5-Hydroxy Tryptamine,C1=CC2=C(C=C1O)C(=CN2)CCN,50-67-9,58241.0,3H-MESULERGINE,RAT,CLONED,,44.0,"TOLL L, et. al., 1998",http://www.ncbi.nlm.nih.gov/entrez/query.fcgi?cmd=Retrieve&db=PubMed&list_uids=9686407&dopt=Abstract,5-hydroxy tryptamine
3630,5-HT3,HTR3A,1170,"MDA,R(-)",CC(CC1=CC2=C(C=C1)OCO2)N,3046161,,3H-GR-65630,MOUSE,NG108-15,>,10000.0,"TOLL L, et. al., 1998",http://www.ncbi.nlm.nih.gov/entrez/query.fcgi?cmd=Retrieve&db=PubMed&list_uids=9686407&dopt=Abstract,"mda,r(-)"
3631,5-HT3,HTR3A,1185,"MDMA, R(-)",,,,3H-GR-65630,MOUSE,NG108-15,>,10000.0,"TOLL L, et. al., 1998",http://www.ncbi.nlm.nih.gov/entrez/query.fcgi?cmd=Retrieve&db=PubMed&list_uids=9686407&dopt=Abstract,"mdma, r(-)"
3648,5-HT3,HTR3A,150,5-Hydroxy Tryptamine,C1=CC2=C(C=C1O)C(=CN2)CCN,50-67-9,58241.0,3H-GR-65630,MOUSE,NG108-15,,292.0,"TOLL L, et. al., 1998",http://www.ncbi.nlm.nih.gov/entrez/query.fcgi?cmd=Retrieve&db=PubMed&list_uids=9686407&dopt=Abstract,5-hydroxy tryptamine
3850,5-HT2A,HTR2A,964,ILOPERIDONE,CC(=O)C1=CC(=C(C=C1)OCCCN2CCC(CC2)C3=NOC4=C3C=CC(=C4)F)OC,133454-47-4,,3H-SPIPERONE,RAT,CLONED,,3.1,"KONGSAMUT S, ET AL., 1996",http://www.ncbi.nlm.nih.gov/entrez/query.fcgi?cmd=Retrieve&db=PubMed&list_uids=8997630&dopt=Abstract,iloperidone
3851,5-HT2A,HTR2A,1599,RISPERIDONE,CC1=C(C(=O)N2CCCCC2=N1)CCN3CCC(CC3)C4=NOC5=C4C=CC(=C5)F,106266-06-2,,3H-SPIPERONE,RAT,CLONED,,1.4,"KONGSAMUT S, ET AL., 1996",http://www.ncbi.nlm.nih.gov/entrez/query.fcgi?cmd=Retrieve&db=PubMed&list_uids=8997630&dopt=Abstract,risperidone
3856,5-HT6,HTR6,964,ILOPERIDONE,CC(=O)C1=CC(=C(C=C1)OCCCN2CCC(CC2)C3=NOC4=C3C=CC(=C4)F)OC,133454-47-4,,3H-LSD,RAT,CLONED,,42.7,"KONGSAMUT S, ET AL., 1996",http://www.ncbi.nlm.nih.gov/entrez/query.fcgi?cmd=Retrieve&db=PubMed&list_uids=8997630&dopt=Abstract,iloperidone
3857,5-HT6,HTR6,1599,RISPERIDONE,CC1=C(C(=O)N2CCCCC2=N1)CCN3CCC(CC3)C4=NOC5=C4C=CC(=C5)F,106266-06-2,,3H-LSD,RAT,CLONED,,1122.0,"KONGSAMUT S, ET AL., 1996",http://www.ncbi.nlm.nih.gov/entrez/query.fcgi?cmd=Retrieve&db=PubMed&list_uids=8997630&dopt=Abstract,risperidone
3862,5-HT7,HTR7,964,ILOPERIDONE,CC(=O)C1=CC(=C(C=C1)OCCCN2CCC(CC2)C3=NOC4=C3C=CC(=C4)F)OC,133454-47-4,,3H-LSD,RAT,CLONED,,21.6,"KONGSAMUT S, ET AL., 1996",http://www.ncbi.nlm.nih.gov/entrez/query.fcgi?cmd=Retrieve&db=PubMed&list_uids=8997630&dopt=Abstract,iloperidone
3863,5-HT7,HTR7,1599,RISPERIDONE,CC1=C(C(=O)N2CCCCC2=N1)CCN3CCC(CC3)C4=NOC5=C4C=CC(=C5)F,106266-06-2,,3H-LSD,RAT,CLONED,,0.93,"KONGSAMUT S, ET AL., 1996",http://www.ncbi.nlm.nih.gov/entrez/query.fcgi?cmd=Retrieve&db=PubMed&list_uids=8997630&dopt=Abstract,risperidone
3904,5-HT2A,HTR2A,964,ILOPERIDONE,CC(=O)C1=CC(=C(C=C1)OCCCN2CCC(CC2)C3=NOC4=C3C=CC(=C4)F)OC,133454-47-4,,3H-RP 62203,HUMAN,CLONED,,5.6,"KONGSAMUT S, ET AL., 1996",http://www.ncbi.nlm.nih.gov/entrez/query.fcgi?cmd=Retrieve&db=PubMed&list_uids=8997630&dopt=Abstract,iloperidone
3905,5-HT2A,HTR2A,1599,RISPERIDONE,CC1=C(C(=O)N2CCCCC2=N1)CCN3CCC(CC3)C4=NOC5=C4C=CC(=C5)F,106266-06-2,,3H-RP 62203,HUMAN,CLONED,,1.1,"KONGSAMUT S, ET AL., 1996",http://www.ncbi.nlm.nih.gov/entrez/query.fcgi?cmd=Retrieve&db=PubMed&list_uids=8997630&dopt=Abstract,risperidone
3910,5-HT2C,HTR2C,964,ILOPERIDONE,CC(=O)C1=CC(=C(C=C1)OCCCN2CCC(CC2)C3=NOC4=C3C=CC(=C4)F)OC,133454-47-4,,3H-MESULERGINE,HUMAN,CLONED,,42.8,"KONGSAMUT S, ET AL., 1996",http://www.ncbi.nlm.nih.gov/entrez/query.fcgi?cmd=Retrieve&db=PubMed&list_uids=8997630&dopt=Abstract,iloperidone
3911,5-HT2C,HTR2C,1599,RISPERIDONE,CC1=C(C(=O)N2CCCCC2=N1)CCN3CCC(CC3)C4=NOC5=C4C=CC(=C5)F,106266-06-2,,3H-MESULERGINE,HUMAN,CLONED,,12.0,"KONGSAMUT S, ET AL., 1996",http://www.ncbi.nlm.nih.gov/entrez/query.fcgi?cmd=Retrieve&db=PubMed&list_uids=8997630&dopt=Abstract,risperidone
3935,5-HT6,HTR6,437,"DMT,5-OH",CN(C)CCC1=CNC2=C1C=C(C=C2)O,487-93-4,89593.0,3H-LSD,RAT,CLONED,,112.2,"BOESS FG, ET AL., 1996",http://www.ncbi.nlm.nih.gov/entrez/query.fcgi?cmd=Retrieve&db=PubMed&list_uids=9225298&dopt=Abstract,"dmt,5-oh"
3936,5-HT6,HTR6,172,5-Methoxytryptamine,COC1=CC2=C(C=C1)NC=C2CCN,608-07-1,56422.0,3H-LSD,RAT,CLONED,,128.82,"BOESS FG, ET AL., 1996",http://www.ncbi.nlm.nih.gov/entrez/query.fcgi?cmd=Retrieve&db=PubMed&list_uids=9225298&dopt=Abstract,5-methoxytryptamine
3937,5-HT6,HTR6,150,5-Hydroxy Tryptamine,C1=CC2=C(C=C1O)C(=CN2)CCN,50-67-9,58241.0,3H-LSD,RAT,CLONED,,234.42,"BOESS FG, ET AL., 1996",http://www.ncbi.nlm.nih.gov/entrez/query.fcgi?cmd=Retrieve&db=PubMed&list_uids=9225298&dopt=Abstract,5-hydroxy tryptamine
3955,5-HT6,HTR6,437,"DMT,5-OH",CN(C)CCC1=CNC2=C1C=C(C=C2)O,487-93-4,89593.0,3H-5HT,RAT,CLONED,,4.46,"BOESS FG, ET AL., 1996",http://www.ncbi.nlm.nih.gov/entrez/query.fcgi?cmd=Retrieve&db=PubMed&list_uids=9225298&dopt=Abstract,"dmt,5-oh"
3956,5-HT6,HTR6,172,5-Methoxytryptamine,COC1=CC2=C(C=C1)NC=C2CCN,608-07-1,56422.0,3H-5HT,RAT,CLONED,,3.71,"BOESS FG, ET AL., 1996",http://www.ncbi.nlm.nih.gov/entrez/query.fcgi?cmd=Retrieve&db=PubMed&list_uids=9225298&dopt=Abstract,5-methoxytryptamine
3957,5-HT6,HTR6,150,5-Hydroxy Tryptamine,C1=CC2=C(C=C1O)C(=CN2)CCN,50-67-9,58241.0,3H-5HT,RAT,CLONED,,12.58,"BOESS FG, ET AL., 1996",http://www.ncbi.nlm.nih.gov/entrez/query.fcgi?cmd=Retrieve&db=PubMed&list_uids=9225298&dopt=Abstract,5-hydroxy tryptamine
4156,5-HT1D,HTR1D,172,5-Methoxytryptamine,COC1=CC2=C(C=C1)NC=C2CCN,608-07-1,56422.0,3H-5HT,HUMAN,CLONED,,2.2,"HAMBLIN AND METCALF, 1991",http://www.ncbi.nlm.nih.gov/entrez/query.fcgi?cmd=Retrieve&db=PubMed&list_uids=1652050&dopt=Abstract,5-methoxytryptamine
4159,5-HT1D,HTR1D,150,5-Hydroxy Tryptamine,C1=CC2=C(C=C1O)C(=CN2)CCN,50-67-9,58241.0,3H-5HT,HUMAN,CLONED,,8.9,"HAMBLIN AND METCALF, 1991",http://www.ncbi.nlm.nih.gov/entrez/query.fcgi?cmd=Retrieve&db=PubMed&list_uids=1652050&dopt=Abstract,5-hydroxy tryptamine
4170,5-HT1D,HTR1D,150,5-Hydroxy Tryptamine,C1=CC2=C(C=C1O)C(=CN2)CCN,50-67-9,58241.0,3H-5HT,HUMAN,CLONED,,2.1,"HAMBLIN AND METCALF, 1991",http://www.ncbi.nlm.nih.gov/entrez/query.fcgi?cmd=Retrieve&db=PubMed&list_uids=1652050&dopt=Abstract,5-hydroxy tryptamine
4178,5-HT1B,HTR1B,150,5-Hydroxy Tryptamine,C1=CC2=C(C=C1O)C(=CN2)CCN,50-67-9,58241.0,3H-5HT,HUMAN,CLONED,,0.59,"HAMBLIN MW, ET AL., 1992",http://www.ncbi.nlm.nih.gov/entrez/query.fcgi?cmd=Retrieve&db=PubMed&list_uids=1315531&dopt=Abstract,5-hydroxy tryptamine
4179,5-HT1B,HTR1B,172,5-Methoxytryptamine,COC1=CC2=C(C=C1)NC=C2CCN,608-07-1,56422.0,3H-5HT,HUMAN,CLONED,,0.75,"HAMBLIN MW, ET AL., 1992",http://www.ncbi.nlm.nih.gov/entrez/query.fcgi?cmd=Retrieve&db=PubMed&list_uids=1315531&dopt=Abstract,5-methoxytryptamine
4195,5-HT6,HTR6,1095,"LSD,2-Bromo",,,,125I-LSD,RAT,CLONED,,17.1,"MONSMA FJ Jr. ET AL., 1993",http://www.ncbi.nlm.nih.gov/entrez/query.fcgi?cmd=Retrieve&db=PubMed&list_uids=7680751&dopt=Abstract,"lsd,2-bromo"
4200,5-HT6,HTR6,172,5-Methoxytryptamine,COC1=CC2=C(C=C1)NC=C2CCN,608-07-1,56422.0,125I-LSD,RAT,CLONED,,38.9,"MONSMA FJ Jr. ET AL., 1993",http://www.ncbi.nlm.nih.gov/entrez/query.fcgi?cmd=Retrieve&db=PubMed&list_uids=7680751&dopt=Abstract,5-methoxytryptamine
4212,5-HT6,HTR6,150,5-Hydroxy Tryptamine,C1=CC2=C(C=C1O)C(=CN2)CCN,50-67-9,58241.0,125I-LSD,RAT,CLONED,,151.0,"MONSMA FJ Jr. ET AL., 1993",http://www.ncbi.nlm.nih.gov/entrez/query.fcgi?cmd=Retrieve&db=PubMed&list_uids=7680751&dopt=Abstract,5-hydroxy tryptamine
4230,5-HT6,HTR6,172,5-Methoxytryptamine,COC1=CC2=C(C=C1)NC=C2CCN,608-07-1,56422.0,3H-5HT,RAT,CLONED,,18.0,"MONSMA FJ Jr. ET AL., 1993",http://www.ncbi.nlm.nih.gov/entrez/query.fcgi?cmd=Retrieve&db=PubMed&list_uids=7680751&dopt=Abstract,5-methoxytryptamine
4235,5-HT6,HTR6,150,5-Hydroxy Tryptamine,C1=CC2=C(C=C1O)C(=CN2)CCN,50-67-9,58241.0,3H-5HT,RAT,CLONED,,56.0,"MONSMA FJ Jr. ET AL., 1993",http://www.ncbi.nlm.nih.gov/entrez/query.fcgi?cmd=Retrieve&db=PubMed&list_uids=7680751&dopt=Abstract,5-hydroxy tryptamine
4294,5-HT7,HTR7,172,5-Methoxytryptamine,COC1=CC2=C(C=C1)NC=C2CCN,608-07-1,56422.0,125I-LSD,RAT,CLONED,,1.78,"SHEN Y, ET AL., 1993",http://www.ncbi.nlm.nih.gov/entrez/query.fcgi?cmd=Retrieve&db=PubMed&list_uids=8394362&dopt=Abstract,5-methoxytryptamine
4295,5-HT7,HTR7,150,5-Hydroxy Tryptamine,C1=CC2=C(C=C1O)C(=CN2)CCN,50-67-9,58241.0,125I-LSD,RAT,CLONED,,1.83,"SHEN Y, ET AL., 1993",http://www.ncbi.nlm.nih.gov/entrez/query.fcgi?cmd=Retrieve&db=PubMed&list_uids=8394362&dopt=Abstract,5-hydroxy tryptamine
4302,5-HT7,HTR7,694,"DMT,5-Me",CN(C)CCC1=CNC2=C1C=C(C=C2)OC,1832,,125I-LSD,RAT,CLONED,,20.9,"SHEN Y, ET AL., 1993",http://www.ncbi.nlm.nih.gov/entrez/query.fcgi?cmd=Retrieve&db=PubMed&list_uids=8394362&dopt=Abstract,"dmt,5-me"
4319,5-HT7,HTR7,172,5-Methoxytryptamine,COC1=CC2=C(C=C1)NC=C2CCN,608-07-1,56422.0,3H-5HT,RAT,CLONED,,0.57,"SHEN Y, ET AL., 1993",http://www.ncbi.nlm.nih.gov/entrez/query.fcgi?cmd=Retrieve&db=PubMed&list_uids=8394362&dopt=Abstract,5-methoxytryptamine
4320,5-HT7,HTR7,150,5-Hydroxy Tryptamine,C1=CC2=C(C=C1O)C(=CN2)CCN,50-67-9,58241.0,3H-5HT,RAT,CLONED,,1.52,"SHEN Y, ET AL., 1993",http://www.ncbi.nlm.nih.gov/entrez/query.fcgi?cmd=Retrieve&db=PubMed&list_uids=8394362&dopt=Abstract,5-hydroxy tryptamine
4327,5-HT7,HTR7,694,"DMT,5-Me",CN(C)CCC1=CNC2=C1C=C(C=C2)OC,1832,,3H-5HT,RAT,CLONED,,8.26,"SHEN Y, ET AL., 1993",http://www.ncbi.nlm.nih.gov/entrez/query.fcgi?cmd=Retrieve&db=PubMed&list_uids=8394362&dopt=Abstract,"dmt,5-me"
4343,5-HT6,HTR6,172,5-Methoxytryptamine,COC1=CC2=C(C=C1)NC=C2CCN,608-07-1,56422.0,3H-LSD,HUMAN,CLONED,,43.0,"KOHEN R, ET AL., 1996",http://www.ncbi.nlm.nih.gov/entrez/query.fcgi?cmd=Retrieve&db=PubMed&list_uids=8522988&dopt=Abstract,5-methoxytryptamine
4348,5-HT6,HTR6,150,5-Hydroxy Tryptamine,C1=CC2=C(C=C1O)C(=CN2)CCN,50-67-9,58241.0,3H-LSD,HUMAN,CLONED,,65.0,"KOHEN R, ET AL., 1996",http://www.ncbi.nlm.nih.gov/entrez/query.fcgi?cmd=Retrieve&db=PubMed&list_uids=8522988&dopt=Abstract,5-hydroxy tryptamine
4372,5-HT6,HTR6,1599,RISPERIDONE,CC1=C(C(=O)N2CCCCC2=N1)CCN3CCC(CC3)C4=NOC5=C4C=CC(=C5)F,106266-06-2,,3H-LSD,HUMAN,CLONED,,2400.0,"KOHEN R, ET AL., 1996",http://www.ncbi.nlm.nih.gov/entrez/query.fcgi?cmd=Retrieve&db=PubMed&list_uids=8522988&dopt=Abstract,risperidone
4386,5-HT1B,HTR1B,150,5-Hydroxy Tryptamine,C1=CC2=C(C=C1O)C(=CN2)CCN,50-67-9,58241.0,3H-5HT,RAT,CLONED,,0.58,"HAMBLIN MW, ET AL., 5/1992",,5-hydroxy tryptamine
4389,5-HT1B,HTR1B,172,5-Methoxytryptamine,COC1=CC2=C(C=C1)NC=C2CCN,608-07-1,56422.0,3H-5HT,RAT,CLONED,,1.71,"HAMBLIN MW, ET AL., 5/1992",,5-methoxytryptamine
4406,5-HT1D,HTR1D,150,5-Hydroxy Tryptamine,C1=CC2=C(C=C1O)C(=CN2)CCN,50-67-9,58241.0,3H-5HT,RAT,CLONED,,2.5,"HAMBLIN MW, ET AL., 5/1992",,5-hydroxy tryptamine
4409,5-HT1D,HTR1D,172,5-Methoxytryptamine,COC1=CC2=C(C=C1)NC=C2CCN,608-07-1,56422.0,3H-5HT,RAT,CLONED,,2.4,"HAMBLIN MW, ET AL., 5/1992",,5-methoxytryptamine
4422,5-HT6,HTR6,694,"DMT,5-Me",CN(C)CCC1=CNC2=C1C=C(C=C2)OC,1832,,125I-LSD,RAT,CLONED,,79.8,"MONSMA FJ Jr. ET AL., 1993",http://www.ncbi.nlm.nih.gov/entrez/query.fcgi?cmd=Retrieve&db=PubMed&list_uids=7680751&dopt=Abstract,"dmt,5-me"
4440,5-HT2C,HTR2C,1905,TRAZODONE,C1CN(CCN1CCCN2C(=O)N3C=CC=CC3=N2)C4=CC(=CC=C4)Cl,19794-93-5,,3H-MESULERGINE,RAT,CLONED,,193.0,"PALVIMAKI EP, ET AL., 1996",http://www.ncbi.nlm.nih.gov/entrez/query.fcgi?cmd=Retrieve&db=PubMed&list_uids=8876023&dopt=Abstract,trazodone
4458,5-HT2A,HTR2A,1905,TRAZODONE,C1CN(CCN1CCCN2C(=O)N3C=CC=CC3=N2)C4=CC(=CC=C4)Cl,19794-93-5,,3H-KETANSERIN,RAT,CLONED,,6.0,"PALVIMAKI EP, ET AL., 1996",http://www.ncbi.nlm.nih.gov/entrez/query.fcgi?cmd=Retrieve&db=PubMed&list_uids=8876023&dopt=Abstract,trazodone
4542,5-HT2A,HTR2A,1599,RISPERIDONE,CC1=C(C(=O)N2CCCCC2=N1)CCN3CCC(CC3)C4=NOC5=C4C=CC(=C5)F,106266-06-2,,3H-SPIPERONE,RAT,BRAIN,,0.26,"ROTH BL, ET AL., 1995",http://www.ncbi.nlm.nih.gov/entrez/query.fcgi?cmd=Retrieve&db=PubMed&list_uids=8524985&dopt=Abstract,risperidone
4556,5-HT2C,HTR2C,1599,RISPERIDONE,CC1=C(C(=O)N2CCCCC2=N1)CCN3CCC(CC3)C4=NOC5=C4C=CC(=C5)F,106266-06-2,,125I-LSD,RAT,CLONED,,32.0,"ROTH BL, ET AL., 1992",http://www.ncbi.nlm.nih.gov/entrez/query.fcgi?cmd=Retrieve&db=PubMed&list_uids=1347569&dopt=Abstract,risperidone
4569,5-HT2C,HTR2C,726,DOMPERIDONE,C1CN(CCC1N2C3=C(C=C(C=C3)Cl)NC2=O)CCCN4C5=CC=CC=C5NC4=O,57808-66-9,299589.0,125I-LSD,RAT,CLONED,>,10000.0,"ROTH BL, ET AL., 1992",http://www.ncbi.nlm.nih.gov/entrez/query.fcgi?cmd=Retrieve&db=PubMed&list_uids=1347569&dopt=Abstract,domperidone
4583,5-HT2A,HTR2A,1599,RISPERIDONE,CC1=C(C(=O)N2CCCCC2=N1)CCN3CCC(CC3)C4=NOC5=C4C=CC(=C5)F,106266-06-2,,3H-KETANSERIN,RAT,BRAIN,,0.2,"ROTH BL, ET AL., 1992",http://www.ncbi.nlm.nih.gov/entrez/query.fcgi?cmd=Retrieve&db=PubMed&list_uids=1347569&dopt=Abstract,risperidone
4595,5-HT2A,HTR2A,726,DOMPERIDONE,C1CN(CCC1N2C3=C(C=C(C=C3)Cl)NC2=O)CCCN4C5=CC=CC=C5NC4=O,57808-66-9,299589.0,3H-KETANSERIN,RAT,BRAIN,,294.0,"ROTH BL, ET AL., 1992",http://www.ncbi.nlm.nih.gov/entrez/query.fcgi?cmd=Retrieve&db=PubMed&list_uids=1347569&dopt=Abstract,domperidone
4679,5-HT1B,HTR1B,150,5-Hydroxy Tryptamine,C1=CC2=C(C=C1O)C(=CN2)CCN,50-67-9,58241.0,3H-5HT,HUMAN,CLONED,,3.9,"WEINSHANK RL, ET AL., 1992",http://www.ncbi.nlm.nih.gov/entrez/query.fcgi?cmd=Retrieve&db=PubMed&list_uids=1565658&dopt=Abstract,5-hydroxy tryptamine
4680,5-HT1B,HTR1B,172,5-Methoxytryptamine,COC1=CC2=C(C=C1)NC=C2CCN,608-07-1,56422.0,3H-5HT,HUMAN,CLONED,,4.8,"WEINSHANK RL, ET AL., 1992",http://www.ncbi.nlm.nih.gov/entrez/query.fcgi?cmd=Retrieve&db=PubMed&list_uids=1565658&dopt=Abstract,5-methoxytryptamine
4703,5-HT1D,HTR1D,150,5-Hydroxy Tryptamine,C1=CC2=C(C=C1O)C(=CN2)CCN,50-67-9,58241.0,3H-5HT,HUMAN,CLONED,,4.3,"WEINSHANK RL, ET AL., 1992",http://www.ncbi.nlm.nih.gov/entrez/query.fcgi?cmd=Retrieve&db=PubMed&list_uids=1565658&dopt=Abstract,5-hydroxy tryptamine
4704,5-HT1D,HTR1D,172,5-Methoxytryptamine,COC1=CC2=C(C=C1)NC=C2CCN,608-07-1,56422.0,3H-5HT,HUMAN,CLONED,,34.0,"WEINSHANK RL, ET AL., 1992",http://www.ncbi.nlm.nih.gov/entrez/query.fcgi?cmd=Retrieve&db=PubMed&list_uids=1565658&dopt=Abstract,5-methoxytryptamine
4724,5-HT1D,HTR1D,150,5-Hydroxy Tryptamine,C1=CC2=C(C=C1O)C(=CN2)CCN,50-67-9,58241.0,3H-5HT,BOVINE,CLONED,,4.0,"WEINSHANK RL, ET AL., 1992",http://www.ncbi.nlm.nih.gov/entrez/query.fcgi?cmd=Retrieve&db=PubMed&list_uids=1565658&dopt=Abstract,5-hydroxy tryptamine
4725,5-HT1D,HTR1D,172,5-Methoxytryptamine,COC1=CC2=C(C=C1)NC=C2CCN,608-07-1,56422.0,3H-5HT,BOVINE,CLONED,,4.0,"WEINSHANK RL, ET AL., 1992",http://www.ncbi.nlm.nih.gov/entrez/query.fcgi?cmd=Retrieve&db=PubMed&list_uids=1565658&dopt=Abstract,5-methoxytryptamine
4743,5-HT2C,HTR2C,150,5-Hydroxy Tryptamine,C1=CC2=C(C=C1O)C(=CN2)CCN,50-67-9,58241.0,3H-5HT,RAT,CLONED,,11.0,"HERRICK-DAVIS K, ET AL., 1998",http://www.ncbi.nlm.nih.gov/entrez/query.fcgi?cmd=Retrieve&db=PubMed&list_uids=9928251&dopt=Abstract,5-hydroxy tryptamine
4745,5-HT2C,HTR2C,172,5-Methoxytryptamine,COC1=CC2=C(C=C1)NC=C2CCN,608-07-1,56422.0,3H-5HT,RAT,CLONED,,14.0,"HERRICK-DAVIS K, ET AL., 1998",http://www.ncbi.nlm.nih.gov/entrez/query.fcgi?cmd=Retrieve&db=PubMed&list_uids=9928251&dopt=Abstract,5-methoxytryptamine
4759,5-HT2C,HTR2C,150,5-Hydroxy Tryptamine,C1=CC2=C(C=C1O)C(=CN2)CCN,50-67-9,58241.0,3H-MESULERGINE,RAT,CLONED,,159.0,"HERRICK-DAVIS K, ET AL., 1998",http://www.ncbi.nlm.nih.gov/entrez/query.fcgi?cmd=Retrieve&db=PubMed&list_uids=9928251&dopt=Abstract,5-hydroxy tryptamine
4760,5-HT2C,HTR2C,172,5-Methoxytryptamine,COC1=CC2=C(C=C1)NC=C2CCN,608-07-1,56422.0,3H-MESULERGINE,RAT,CLONED,,215.0,"HERRICK-DAVIS K, ET AL., 1998",http://www.ncbi.nlm.nih.gov/entrez/query.fcgi?cmd=Retrieve&db=PubMed&list_uids=9928251&dopt=Abstract,5-methoxytryptamine
4800,5-HT4,HTR4,150,5-Hydroxy Tryptamine,C1=CC2=C(C=C1O)C(=CN2)CCN,50-67-9,58241.0,3H-GR-113808,MOUSE,Colliculus Neurons,,79.43,"ANSANAY H, ET AL.,1996",http://www.ncbi.nlm.nih.gov/entrez/query.fcgi?cmd=Retrieve&db=PubMed&list_uids=8867105&dopt=Abstract,5-hydroxy tryptamine
4801,5-HT4,HTR4,172,5-Methoxytryptamine,COC1=CC2=C(C=C1)NC=C2CCN,608-07-1,56422.0,3H-GR-113808,MOUSE,Colliculus Neurons,,524.8,"ANSANAY H, ET AL.,1996",http://www.ncbi.nlm.nih.gov/entrez/query.fcgi?cmd=Retrieve&db=PubMed&list_uids=8867105&dopt=Abstract,5-methoxytryptamine
4835,5-HT4,HTR4,150,5-Hydroxy Tryptamine,C1=CC2=C(C=C1O)C(=CN2)CCN,50-67-9,58241.0,3H-GR-113808,MOUSE,Colliculus Neurons,,79.43,"ANSANAY H, ET AL.,1996",http://www.ncbi.nlm.nih.gov/entrez/query.fcgi?cmd=Retrieve&db=PubMed&list_uids=8867105&dopt=Abstract,5-hydroxy tryptamine
4838,5-HT4,HTR4,172,5-Methoxytryptamine,COC1=CC2=C(C=C1)NC=C2CCN,608-07-1,56422.0,3H-GR-113808,MOUSE,Colliculus Neurons,,524.8,"ANSANAY H, ET AL.,1996",http://www.ncbi.nlm.nih.gov/entrez/query.fcgi?cmd=Retrieve&db=PubMed&list_uids=8867105&dopt=Abstract,5-methoxytryptamine
4845,5-HT4,HTR4,150,5-Hydroxy Tryptamine,C1=CC2=C(C=C1O)C(=CN2)CCN,50-67-9,58241.0,3H-GR-113808,HUMAN,CAUDATE,,316.22,"ANSANAY H, ET AL.,1996",http://www.ncbi.nlm.nih.gov/entrez/query.fcgi?cmd=Retrieve&db=PubMed&list_uids=8867105&dopt=Abstract,5-hydroxy tryptamine
4848,5-HT4,HTR4,172,5-Methoxytryptamine,COC1=CC2=C(C=C1)NC=C2CCN,608-07-1,56422.0,3H-GR-113808,HUMAN,CAUDATE,,501.18,"ANSANAY H, ET AL.,1996",http://www.ncbi.nlm.nih.gov/entrez/query.fcgi?cmd=Retrieve&db=PubMed&list_uids=8867105&dopt=Abstract,5-methoxytryptamine
4854,5-HT4,HTR4,150,5-Hydroxy Tryptamine,C1=CC2=C(C=C1O)C(=CN2)CCN,50-67-9,58241.0,3H-GR-113808,GUINEA PIG,STRIATUM,,50.11,"ANSANAY H, ET AL.,1996",http://www.ncbi.nlm.nih.gov/entrez/query.fcgi?cmd=Retrieve&db=PubMed&list_uids=8867105&dopt=Abstract,5-hydroxy tryptamine
4857,5-HT4,HTR4,172,5-Methoxytryptamine,COC1=CC2=C(C=C1)NC=C2CCN,608-07-1,56422.0,3H-GR-113808,GUINEA PIG,STRIATUM,,316.22,"ANSANAY H, ET AL.,1996",http://www.ncbi.nlm.nih.gov/entrez/query.fcgi?cmd=Retrieve&db=PubMed&list_uids=8867105&dopt=Abstract,5-methoxytryptamine
4858,5-HT2B,HTR2B,1095,"LSD,2-Bromo",,,,3H-5HT,HUMAN,CLONED,,8.09,"WAINSCOTT DB, ET AL., 1998",http://www.ncbi.nlm.nih.gov/entrez/query.fcgi?cmd=Retrieve&db=PubMed&list_uids=9459568&dopt=Abstract,"lsd,2-bromo"
4875,5-HT2B,HTR2B,1095,"LSD,2-Bromo",,,,3H-RAUWOLSCINE,HUMAN,CLONED,,7.47,"WAINSCOTT DB, ET AL., 1998",http://www.ncbi.nlm.nih.gov/entrez/query.fcgi?cmd=Retrieve&db=PubMed&list_uids=9459568&dopt=Abstract,"lsd,2-bromo"
4956,5-HT2A,HTR2A,172,5-Methoxytryptamine,COC1=CC2=C(C=C1)NC=C2CCN,608-07-1,56422.0,3H-KETANSERIN,RAT,CLONED,,141.25,"BONHAUS DW, ET AL., 1997",http://www.ncbi.nlm.nih.gov/entrez/query.fcgi?cmd=Retrieve&db=PubMed&list_uids=9225287&dopt=Abstract,5-methoxytryptamine
4979,5-HT2A,HTR2A,150,5-Hydroxy Tryptamine,C1=CC2=C(C=C1O)C(=CN2)CCN,50-67-9,58241.0,3H-KETANSERIN,RAT,CLONED,,120.22,"BONHAUS DW, ET AL., 1997",http://www.ncbi.nlm.nih.gov/entrez/query.fcgi?cmd=Retrieve&db=PubMed&list_uids=9225287&dopt=Abstract,5-hydroxy tryptamine
4984,5-HT2C,HTR2C,172,5-Methoxytryptamine,COC1=CC2=C(C=C1)NC=C2CCN,608-07-1,56422.0,3H-MESULERGINE,RAT,CLONED,,63.09,"BONHAUS DW, ET AL., 1997",http://www.ncbi.nlm.nih.gov/entrez/query.fcgi?cmd=Retrieve&db=PubMed&list_uids=9225287&dopt=Abstract,5-methoxytryptamine
5007,5-HT2C,HTR2C,150,5-Hydroxy Tryptamine,C1=CC2=C(C=C1O)C(=CN2)CCN,50-67-9,58241.0,3H-MESULERGINE,RAT,CLONED,,87.09,"BONHAUS DW, ET AL., 1997",http://www.ncbi.nlm.nih.gov/entrez/query.fcgi?cmd=Retrieve&db=PubMed&list_uids=9225287&dopt=Abstract,5-hydroxy tryptamine
5012,5-HT2A,HTR2A,172,5-Methoxytryptamine,COC1=CC2=C(C=C1)NC=C2CCN,608-07-1,56422.0,3H-KETANSERIN,HUMAN,CLONED,,61.65,"BONHAUS DW, ET AL., 1997",http://www.ncbi.nlm.nih.gov/entrez/query.fcgi?cmd=Retrieve&db=PubMed&list_uids=9225287&dopt=Abstract,5-methoxytryptamine
5038,5-HT2A,HTR2A,150,5-Hydroxy Tryptamine,C1=CC2=C(C=C1O)C(=CN2)CCN,50-67-9,58241.0,3H-KETANSERIN,HUMAN,CLONED,,218.77,"BONHAUS DW, ET AL., 1997",http://www.ncbi.nlm.nih.gov/entrez/query.fcgi?cmd=Retrieve&db=PubMed&list_uids=9225287&dopt=Abstract,5-hydroxy tryptamine
5043,5-HT2B,HTR2B,172,5-Methoxytryptamine,COC1=CC2=C(C=C1)NC=C2CCN,608-07-1,56422.0,3H-5HT,HUMAN,CLONED,,0.51,"BONHAUS DW, ET AL., 1997",http://www.ncbi.nlm.nih.gov/entrez/query.fcgi?cmd=Retrieve&db=PubMed&list_uids=9225287&dopt=Abstract,5-methoxytryptamine
5069,5-HT2B,HTR2B,150,5-Hydroxy Tryptamine,C1=CC2=C(C=C1O)C(=CN2)CCN,50-67-9,58241.0,3H-5HT,HUMAN,CLONED,,1.17,"BONHAUS DW, ET AL., 1997",http://www.ncbi.nlm.nih.gov/entrez/query.fcgi?cmd=Retrieve&db=PubMed&list_uids=9225287&dopt=Abstract,5-hydroxy tryptamine
5074,5-HT2C,HTR2C,172,5-Methoxytryptamine,COC1=CC2=C(C=C1)NC=C2CCN,608-07-1,56422.0,3H-MESULERGINE,HUMAN,CLONED,,52.48,"BONHAUS DW, ET AL., 1997",http://www.ncbi.nlm.nih.gov/entrez/query.fcgi?cmd=Retrieve&db=PubMed&list_uids=9225287&dopt=Abstract,5-methoxytryptamine
5100,5-HT2C,HTR2C,150,5-Hydroxy Tryptamine,C1=CC2=C(C=C1O)C(=CN2)CCN,50-67-9,58241.0,3H-MESULERGINE,HUMAN,CLONED,,56.23,"BONHAUS DW, ET AL., 1997",http://www.ncbi.nlm.nih.gov/entrez/query.fcgi?cmd=Retrieve&db=PubMed&list_uids=9225287&dopt=Abstract,5-hydroxy tryptamine
5115,5-HT2A,HTR2A,714,DOCN,,,,125I-DOI,HUMAN,CLONED,,45.7,"NELSON DL, ET AL., 1999",http://www.ncbi.nlm.nih.gov/entrez/query.fcgi?cmd=Retrieve&db=PubMed&list_uids=9933142&dopt=Abstract,docn
5119,5-HT2A,HTR2A,712,DOBz,,,,125I-DOI,HUMAN,CLONED,,0.4,"NELSON DL, ET AL., 1999",http://www.ncbi.nlm.nih.gov/entrez/query.fcgi?cmd=Retrieve&db=PubMed&list_uids=9933142&dopt=Abstract,dobz
5122,5-HT2A,HTR2A,1567,QDOB,,,,125I-DOI,HUMAN,CLONED,,2155.0,"NELSON DL, ET AL., 1999",http://www.ncbi.nlm.nih.gov/entrez/query.fcgi?cmd=Retrieve&db=PubMed&list_uids=9933142&dopt=Abstract,qdob
5132,5-HT2B,HTR2B,714,DOCN,,,,3H-5HT,HUMAN,CLONED,,774.0,"NELSON DL, ET AL., 1999",http://www.ncbi.nlm.nih.gov/entrez/query.fcgi?cmd=Retrieve&db=PubMed&list_uids=9933142&dopt=Abstract,docn
5136,5-HT2B,HTR2B,712,DOBz,,,,3H-5HT,HUMAN,CLONED,,35.0,"NELSON DL, ET AL., 1999",http://www.ncbi.nlm.nih.gov/entrez/query.fcgi?cmd=Retrieve&db=PubMed&list_uids=9933142&dopt=Abstract,dobz
5139,5-HT2B,HTR2B,1567,QDOB,,,,3H-5HT,HUMAN,CLONED,>,10000.0,"NELSON DL, ET AL., 1999",http://www.ncbi.nlm.nih.gov/entrez/query.fcgi?cmd=Retrieve&db=PubMed&list_uids=9933142&dopt=Abstract,qdob
5149,5-HT2C,HTR2C,714,DOCN,,,,125I-DOI,HUMAN,CLONED,,1011.0,"NELSON DL, ET AL., 1999",http://www.ncbi.nlm.nih.gov/entrez/query.fcgi?cmd=Retrieve&db=PubMed&list_uids=9933142&dopt=Abstract,docn
5153,5-HT2C,HTR2C,712,DOBz,,,,125I-DOI,HUMAN,CLONED,,1.0,"NELSON DL, ET AL., 1999",http://www.ncbi.nlm.nih.gov/entrez/query.fcgi?cmd=Retrieve&db=PubMed&list_uids=9933142&dopt=Abstract,dobz
5156,5-HT2C,HTR2C,1567,QDOB,,,,125I-DOI,HUMAN,CLONED,,6298.0,"NELSON DL, ET AL., 1999",http://www.ncbi.nlm.nih.gov/entrez/query.fcgi?cmd=Retrieve&db=PubMed&list_uids=9933142&dopt=Abstract,qdob
5166,5-HT2B,HTR2B,714,DOCN,,,,3H-5HT,RAT,CLONED,,877.0,"NELSON DL, ET AL., 1999",http://www.ncbi.nlm.nih.gov/entrez/query.fcgi?cmd=Retrieve&db=PubMed&list_uids=9933142&dopt=Abstract,docn
5170,5-HT2B,HTR2B,712,DOBz,,,,3H-5HT,RAT,CLONED,,53.8,"NELSON DL, ET AL., 1999",http://www.ncbi.nlm.nih.gov/entrez/query.fcgi?cmd=Retrieve&db=PubMed&list_uids=9933142&dopt=Abstract,dobz
5173,5-HT2B,HTR2B,1567,QDOB,,,,3H-5HT,RAT,CLONED,>,10000.0,"NELSON DL, ET AL., 1999",http://www.ncbi.nlm.nih.gov/entrez/query.fcgi?cmd=Retrieve&db=PubMed&list_uids=9933142&dopt=Abstract,qdob
5241,5-HT7,HTR7,150,5-Hydroxy Tryptamine,C1=CC2=C(C=C1O)C(=CN2)CCN,50-67-9,58241.0,3H-5HT,RAT,CLONED,,0.6,"RUAT M, ET AL., 1993",http://www.ncbi.nlm.nih.gov/entrez/query.fcgi?cmd=Retrieve&db=PubMed&list_uids=8397408&dopt=Abstract,5-hydroxy tryptamine
5243,5-HT7,HTR7,172,5-Methoxytryptamine,COC1=CC2=C(C=C1)NC=C2CCN,608-07-1,56422.0,3H-5HT,RAT,CLONED,,0.94,"RUAT M, ET AL., 1993",http://www.ncbi.nlm.nih.gov/entrez/query.fcgi?cmd=Retrieve&db=PubMed&list_uids=8397408&dopt=Abstract,5-methoxytryptamine
5266,5-HT4,HTR4,150,5-Hydroxy Tryptamine,C1=CC2=C(C=C1O)C(=CN2)CCN,50-67-9,58241.0,3H-5HT,RAT,CLONED,,6.3,"Adham N, et alL., 1996",http://www.ncbi.nlm.nih.gov/entrez/query.fcgi?cmd=Retrieve&db=PubMed&list_uids=8813606&dopt=Abstract,5-hydroxy tryptamine
5267,5-HT4,HTR4,172,5-Methoxytryptamine,COC1=CC2=C(C=C1)NC=C2CCN,608-07-1,56422.0,3H-5HT,RAT,CLONED,,112.0,"Adham N, et alL., 1996",http://www.ncbi.nlm.nih.gov/entrez/query.fcgi?cmd=Retrieve&db=PubMed&list_uids=8813606&dopt=Abstract,5-methoxytryptamine
5277,5-HT4,HTR4,150,5-Hydroxy Tryptamine,C1=CC2=C(C=C1O)C(=CN2)CCN,50-67-9,58241.0,3H-GR-113808,RAT,CLONED,,145.0,"Adham N, et alL., 1996",http://www.ncbi.nlm.nih.gov/entrez/query.fcgi?cmd=Retrieve&db=PubMed&list_uids=8813606&dopt=Abstract,5-hydroxy tryptamine
5278,5-HT4,HTR4,172,5-Methoxytryptamine,COC1=CC2=C(C=C1)NC=C2CCN,608-07-1,56422.0,3H-GR-113808,RAT,CLONED,,401.0,"Adham N, et alL., 1996",http://www.ncbi.nlm.nih.gov/entrez/query.fcgi?cmd=Retrieve&db=PubMed&list_uids=8813606&dopt=Abstract,5-methoxytryptamine
5358,5-HT2A,HTR2A,150,5-Hydroxy Tryptamine,C1=CC2=C(C=C1O)C(=CN2)CCN,50-67-9,58241.0,3H-KETANSERIN,HUMAN,CLONED,,63.09,"BONHAUS DW, ET AL., 1995",http://www.ncbi.nlm.nih.gov/entrez/query.fcgi?cmd=Retrieve&db=PubMed&list_uids=7582481&dopt=Abstract,5-hydroxy tryptamine
5367,5-HT2A,HTR2A,150,5-Hydroxy Tryptamine,C1=CC2=C(C=C1O)C(=CN2)CCN,50-67-9,58241.0,3H-KETANSERIN,HUMAN,CORTEX,,199.52,"BONHAUS DW, ET AL., 1995",http://www.ncbi.nlm.nih.gov/entrez/query.fcgi?cmd=Retrieve&db=PubMed&list_uids=7582481&dopt=Abstract,5-hydroxy tryptamine
5376,5-HT2A,HTR2A,150,5-Hydroxy Tryptamine,C1=CC2=C(C=C1O)C(=CN2)CCN,50-67-9,58241.0,3H-KETANSERIN,RAT,CLONED,,125.89,"BONHAUS DW, ET AL., 1995",http://www.ncbi.nlm.nih.gov/entrez/query.fcgi?cmd=Retrieve&db=PubMed&list_uids=7582481&dopt=Abstract,5-hydroxy tryptamine
5385,5-HT2B,HTR2B,150,5-Hydroxy Tryptamine,C1=CC2=C(C=C1O)C(=CN2)CCN,50-67-9,58241.0,3H-5HT,HUMAN,CLONED,,0.79,"BONHAUS DW, ET AL., 1995",http://www.ncbi.nlm.nih.gov/entrez/query.fcgi?cmd=Retrieve&db=PubMed&list_uids=7582481&dopt=Abstract,5-hydroxy tryptamine
5393,5-HT2B,HTR2B,150,5-Hydroxy Tryptamine,C1=CC2=C(C=C1O)C(=CN2)CCN,50-67-9,58241.0,3H-5HT,RAT,CLONED,,10.0,"BONHAUS DW, ET AL., 1995",http://www.ncbi.nlm.nih.gov/entrez/query.fcgi?cmd=Retrieve&db=PubMed&list_uids=7582481&dopt=Abstract,5-hydroxy tryptamine
5419,5-HT4,HTR4,150,5-Hydroxy Tryptamine,C1=CC2=C(C=C1O)C(=CN2)CCN,50-67-9,58241.0,3H-GR-113808,HUMAN,CLONED,,125.89,"Van den Wyngaert I, et al., 1997",http://www.ncbi.nlm.nih.gov/entrez/query.fcgi?cmd=Retrieve&db=PubMed&list_uids=9349523&dopt=Abstract,5-hydroxy tryptamine
5420,5-HT4,HTR4,172,5-Methoxytryptamine,COC1=CC2=C(C=C1)NC=C2CCN,608-07-1,56422.0,3H-GR-113808,HUMAN,CLONED,,1000.0,"Van den Wyngaert I, et al., 1997",http://www.ncbi.nlm.nih.gov/entrez/query.fcgi?cmd=Retrieve&db=PubMed&list_uids=9349523&dopt=Abstract,5-methoxytryptamine
5426,5-HT4,HTR4,150,5-Hydroxy Tryptamine,C1=CC2=C(C=C1O)C(=CN2)CCN,50-67-9,58241.0,3H-GR-113808,GUINEA PIG,STRIATUM,,39.81,"Van den Wyngaert I, et al., 1997",http://www.ncbi.nlm.nih.gov/entrez/query.fcgi?cmd=Retrieve&db=PubMed&list_uids=9349523&dopt=Abstract,5-hydroxy tryptamine
5427,5-HT4,HTR4,172,5-Methoxytryptamine,COC1=CC2=C(C=C1)NC=C2CCN,608-07-1,56422.0,3H-GR-113808,GUINEA PIG,STRIATUM,,251.18,"Van den Wyngaert I, et al., 1997",http://www.ncbi.nlm.nih.gov/entrez/query.fcgi?cmd=Retrieve&db=PubMed&list_uids=9349523&dopt=Abstract,5-methoxytryptamine
5431,5-HT4,HTR4,150,5-Hydroxy Tryptamine,C1=CC2=C(C=C1O)C(=CN2)CCN,50-67-9,58241.0,3H-GR-113808,HUMAN,BRAIN,,316.22,"Van den Wyngaert I, et al., 1997",http://www.ncbi.nlm.nih.gov/entrez/query.fcgi?cmd=Retrieve&db=PubMed&list_uids=9349523&dopt=Abstract,5-hydroxy tryptamine
5432,5-HT4,HTR4,172,5-Methoxytryptamine,COC1=CC2=C(C=C1)NC=C2CCN,608-07-1,56422.0,3H-GR-113808,HUMAN,BRAIN,,501.18,"Van den Wyngaert I, et al., 1997",http://www.ncbi.nlm.nih.gov/entrez/query.fcgi?cmd=Retrieve&db=PubMed&list_uids=9349523&dopt=Abstract,5-methoxytryptamine
5435,5-HT4,HTR4,150,5-Hydroxy Tryptamine,C1=CC2=C(C=C1O)C(=CN2)CCN,50-67-9,58241.0,3H-GR-113808,RAT,CLONED,,158.48,"Van den Wyngaert I, et al., 1997",http://www.ncbi.nlm.nih.gov/entrez/query.fcgi?cmd=Retrieve&db=PubMed&list_uids=9349523&dopt=Abstract,5-hydroxy tryptamine
5436,5-HT4,HTR4,172,5-Methoxytryptamine,COC1=CC2=C(C=C1)NC=C2CCN,608-07-1,56422.0,3H-GR-113808,RAT,CLONED,,398.1,"Van den Wyngaert I, et al., 1997",http://www.ncbi.nlm.nih.gov/entrez/query.fcgi?cmd=Retrieve&db=PubMed&list_uids=9349523&dopt=Abstract,5-methoxytryptamine
5469,5-HT2B,HTR2B,150,5-Hydroxy Tryptamine,C1=CC2=C(C=C1O)C(=CN2)CCN,50-67-9,58241.0,3H-5HT,HUMAN,CLONED,,9.46,"WAINSCOTT DB, ET AL., 1996",http://www.ncbi.nlm.nih.gov/entrez/query.fcgi?cmd=Retrieve&db=PubMed&list_uids=8632342&dopt=Abstract,5-hydroxy tryptamine
5474,5-HT2B,HTR2B,172,5-Methoxytryptamine,COC1=CC2=C(C=C1)NC=C2CCN,608-07-1,56422.0,3H-5HT,HUMAN,CLONED,,16.4,"WAINSCOTT DB, ET AL., 1996",http://www.ncbi.nlm.nih.gov/entrez/query.fcgi?cmd=Retrieve&db=PubMed&list_uids=8632342&dopt=Abstract,5-methoxytryptamine
5488,5-HT2B,HTR2B,1095,"LSD,2-Bromo",,,,3H-5HT,HUMAN,CLONED,,8.56,"WAINSCOTT DB, ET AL., 1996",http://www.ncbi.nlm.nih.gov/entrez/query.fcgi?cmd=Retrieve&db=PubMed&list_uids=8632342&dopt=Abstract,"lsd,2-bromo"
5499,5-HT2B,HTR2B,1599,RISPERIDONE,CC1=C(C(=O)N2CCCCC2=N1)CCN3CCC(CC3)C4=NOC5=C4C=CC(=C5)F,106266-06-2,,3H-5HT,HUMAN,CLONED,,29.2,"WAINSCOTT DB, ET AL., 1996",http://www.ncbi.nlm.nih.gov/entrez/query.fcgi?cmd=Retrieve&db=PubMed&list_uids=8632342&dopt=Abstract,risperidone
5508,5-HT2B,HTR2B,150,5-Hydroxy Tryptamine,C1=CC2=C(C=C1O)C(=CN2)CCN,50-67-9,58241.0,3H-5HT,RAT,CLONED,,11.3,"WAINSCOTT DB, ET AL., 1996",http://www.ncbi.nlm.nih.gov/entrez/query.fcgi?cmd=Retrieve&db=PubMed&list_uids=8632342&dopt=Abstract,5-hydroxy tryptamine
5513,5-HT2B,HTR2B,172,5-Methoxytryptamine,COC1=CC2=C(C=C1)NC=C2CCN,608-07-1,56422.0,3H-5HT,RAT,CLONED,,9.15,"WAINSCOTT DB, ET AL., 1996",http://www.ncbi.nlm.nih.gov/entrez/query.fcgi?cmd=Retrieve&db=PubMed&list_uids=8632342&dopt=Abstract,5-methoxytryptamine
5525,5-HT2B,HTR2B,1095,"LSD,2-Bromo",,,,3H-5HT,RAT,CLONED,,12.6,"WAINSCOTT DB, ET AL., 1996",http://www.ncbi.nlm.nih.gov/entrez/query.fcgi?cmd=Retrieve&db=PubMed&list_uids=8632342&dopt=Abstract,"lsd,2-bromo"
5536,5-HT2B,HTR2B,1599,RISPERIDONE,CC1=C(C(=O)N2CCCCC2=N1)CCN3CCC(CC3)C4=NOC5=C4C=CC(=C5)F,106266-06-2,,3H-5HT,RAT,CLONED,,203.0,"WAINSCOTT DB, ET AL., 1996",http://www.ncbi.nlm.nih.gov/entrez/query.fcgi?cmd=Retrieve&db=PubMed&list_uids=8632342&dopt=Abstract,risperidone
5546,5-HT2A,HTR2A,150,5-Hydroxy Tryptamine,C1=CC2=C(C=C1O)C(=CN2)CCN,50-67-9,58241.0,125I-DOI,HUMAN,CLONED,,7.77,"WAINSCOTT DB, ET AL., 1996",http://www.ncbi.nlm.nih.gov/entrez/query.fcgi?cmd=Retrieve&db=PubMed&list_uids=8632342&dopt=Abstract,5-hydroxy tryptamine
5549,5-HT2A,HTR2A,1095,"LSD,2-Bromo",,,,125I-DOI,HUMAN,CLONED,,0.48,"WAINSCOTT DB, ET AL., 1996",http://www.ncbi.nlm.nih.gov/entrez/query.fcgi?cmd=Retrieve&db=PubMed&list_uids=8632342&dopt=Abstract,"lsd,2-bromo"
5555,5-HT2A,HTR2A,1599,RISPERIDONE,CC1=C(C(=O)N2CCCCC2=N1)CCN3CCC(CC3)C4=NOC5=C4C=CC(=C5)F,106266-06-2,,125I-DOI,HUMAN,CLONED,,0.42,"WAINSCOTT DB, ET AL., 1996",http://www.ncbi.nlm.nih.gov/entrez/query.fcgi?cmd=Retrieve&db=PubMed&list_uids=8632342&dopt=Abstract,risperidone
5562,5-HT2C,HTR2C,150,5-Hydroxy Tryptamine,C1=CC2=C(C=C1O)C(=CN2)CCN,50-67-9,58241.0,125I-DOI,HUMAN,CLONED,,15.5,"WAINSCOTT DB, ET AL., 1996",http://www.ncbi.nlm.nih.gov/entrez/query.fcgi?cmd=Retrieve&db=PubMed&list_uids=8632342&dopt=Abstract,5-hydroxy tryptamine
5565,5-HT2C,HTR2C,1095,"LSD,2-Bromo",,,,125I-DOI,HUMAN,CLONED,,7.14,"WAINSCOTT DB, ET AL., 1996",http://www.ncbi.nlm.nih.gov/entrez/query.fcgi?cmd=Retrieve&db=PubMed&list_uids=8632342&dopt=Abstract,"lsd,2-bromo"
5572,5-HT2C,HTR2C,1599,RISPERIDONE,CC1=C(C(=O)N2CCCCC2=N1)CCN3CCC(CC3)C4=NOC5=C4C=CC(=C5)F,106266-06-2,,125I-DOI,HUMAN,CLONED,,64.0,"WAINSCOTT DB, ET AL., 1996",http://www.ncbi.nlm.nih.gov/entrez/query.fcgi?cmd=Retrieve&db=PubMed&list_uids=8632342&dopt=Abstract,risperidone
5581,5-HT2B,HTR2B,150,5-Hydroxy Tryptamine,C1=CC2=C(C=C1O)C(=CN2)CCN,50-67-9,58241.0,3H-5HT,HUMAN,CLONED,,9.8,"KURSAR JD, ET AL., 1994",http://www.ncbi.nlm.nih.gov/entrez/query.fcgi?cmd=Retrieve&db=PubMed&list_uids=8078486&dopt=Abstract,5-hydroxy tryptamine
5589,5-HT2B,HTR2B,150,5-Hydroxy Tryptamine,C1=CC2=C(C=C1O)C(=CN2)CCN,50-67-9,58241.0,3H-5HT,RAT,CLONED,,10.2,"KURSAR JD, ET AL., 1994",http://www.ncbi.nlm.nih.gov/entrez/query.fcgi?cmd=Retrieve&db=PubMed&list_uids=8078486&dopt=Abstract,5-hydroxy tryptamine
6049,5-HT4,HTR4,150,5-Hydroxy Tryptamine,C1=CC2=C(C=C1O)C(=CN2)CCN,50-67-9,58241.0,3H-GR-113808,GUINEA PIG,STRIATUM,,50.11,"GROSSMAN CJ, ET AL., 1993",http://www.ncbi.nlm.nih.gov/entrez/query.fcgi?cmd=Retrieve&db=PubMed&list_uids=8358562&dopt=Abstract,5-hydroxy tryptamine
6050,5-HT4,HTR4,172,5-Methoxytryptamine,COC1=CC2=C(C=C1)NC=C2CCN,608-07-1,56422.0,3H-GR-113808,GUINEA PIG,STRIATUM,,316.22,"GROSSMAN CJ, ET AL., 1993",http://www.ncbi.nlm.nih.gov/entrez/query.fcgi?cmd=Retrieve&db=PubMed&list_uids=8358562&dopt=Abstract,5-methoxytryptamine
6064,5-HT4,HTR4,150,5-Hydroxy Tryptamine,C1=CC2=C(C=C1O)C(=CN2)CCN,50-67-9,58241.0,3H-GR-113808,GUINEA PIG,HIPPOCAMPUS,,79.43,"GROSSMAN CJ, ET AL., 1993",http://www.ncbi.nlm.nih.gov/entrez/query.fcgi?cmd=Retrieve&db=PubMed&list_uids=8358562&dopt=Abstract,5-hydroxy tryptamine
6065,5-HT4,HTR4,172,5-Methoxytryptamine,COC1=CC2=C(C=C1)NC=C2CCN,608-07-1,56422.0,3H-GR-113808,GUINEA PIG,HIPPOCAMPUS,,630.95,"GROSSMAN CJ, ET AL., 1993",http://www.ncbi.nlm.nih.gov/entrez/query.fcgi?cmd=Retrieve&db=PubMed&list_uids=8358562&dopt=Abstract,5-methoxytryptamine
6272,5-HT7,HTR7,150,5-Hydroxy Tryptamine,C1=CC2=C(C=C1O)C(=CN2)CCN,50-67-9,58241.0,3H-5CT,GUINEA PIG,CLONED,,0.25,"TO ZP, ET AL., 1995",http://www.ncbi.nlm.nih.gov/entrez/query.fcgi?cmd=Retrieve&db=PubMed&list_uids=7647964&dopt=Abstract,5-hydroxy tryptamine
6273,5-HT7,HTR7,172,5-Methoxytryptamine,COC1=CC2=C(C=C1)NC=C2CCN,608-07-1,56422.0,3H-5CT,GUINEA PIG,CLONED,,0.52,"TO ZP, ET AL., 1995",http://www.ncbi.nlm.nih.gov/entrez/query.fcgi?cmd=Retrieve&db=PubMed&list_uids=7647964&dopt=Abstract,5-methoxytryptamine
6274,5-HT7,HTR7,184,5-OH-ME-Nw Tryptamine,,,,3H-5CT,GUINEA PIG,CLONED,,1.12,"TO ZP, ET AL., 1995",http://www.ncbi.nlm.nih.gov/entrez/query.fcgi?cmd=Retrieve&db=PubMed&list_uids=7647964&dopt=Abstract,5-oh-me-nw tryptamine
6276,5-HT7,HTR7,173,"5-MeOT,N,N tryptamine",,,,3H-5CT,GUINEA PIG,CLONED,,13.18,"TO ZP, ET AL., 1995",http://www.ncbi.nlm.nih.gov/entrez/query.fcgi?cmd=Retrieve&db=PubMed&list_uids=7647964&dopt=Abstract,"5-meot,n,n tryptamine"
6278,5-HT7,HTR7,437,"DMT,5-OH",CN(C)CCC1=CNC2=C1C=C(C=C2)O,487-93-4,89593.0,3H-5CT,GUINEA PIG,CLONED,,21.37,"TO ZP, ET AL., 1995",http://www.ncbi.nlm.nih.gov/entrez/query.fcgi?cmd=Retrieve&db=PubMed&list_uids=7647964&dopt=Abstract,"dmt,5-oh"
6287,5-HT7,HTR7,1094,"LSD,(+)",CCN(CC)C(=O)C1CN(C2CC3=CNC4=CC=CC(=C34)C2=C1)C,5761,,3H-5CT,GUINEA PIG,CLONED,,15.48,"TO ZP, ET AL., 1995",http://www.ncbi.nlm.nih.gov/entrez/query.fcgi?cmd=Retrieve&db=PubMed&list_uids=7647964&dopt=Abstract,"lsd,(+)"
6306,5-HT7,HTR7,1494,PINDOBIND-5-HT1A,,,,3H-5CT,GUINEA PIG,CLONED,,1905.46,"TO ZP, ET AL., 1995",http://www.ncbi.nlm.nih.gov/entrez/query.fcgi?cmd=Retrieve&db=PubMed&list_uids=7647964&dopt=Abstract,pindobind-5-ht1a
6309,5-HT7,HTR7,150,5-Hydroxy Tryptamine,C1=CC2=C(C=C1O)C(=CN2)CCN,50-67-9,58241.0,3H-5CT,GUINEA PIG,CORTEX,,1.34,"TO ZP, ET AL., 1995",http://www.ncbi.nlm.nih.gov/entrez/query.fcgi?cmd=Retrieve&db=PubMed&list_uids=7647964&dopt=Abstract,5-hydroxy tryptamine
6310,5-HT7,HTR7,172,5-Methoxytryptamine,COC1=CC2=C(C=C1)NC=C2CCN,608-07-1,56422.0,3H-5CT,GUINEA PIG,CORTEX,,1.58,"TO ZP, ET AL., 1995",http://www.ncbi.nlm.nih.gov/entrez/query.fcgi?cmd=Retrieve&db=PubMed&list_uids=7647964&dopt=Abstract,5-methoxytryptamine
6311,5-HT7,HTR7,184,5-OH-ME-Nw Tryptamine,,,,3H-5CT,GUINEA PIG,CORTEX,,6.45,"TO ZP, ET AL., 1995",http://www.ncbi.nlm.nih.gov/entrez/query.fcgi?cmd=Retrieve&db=PubMed&list_uids=7647964&dopt=Abstract,5-oh-me-nw tryptamine
6313,5-HT7,HTR7,173,"5-MeOT,N,N tryptamine",,,,3H-5CT,GUINEA PIG,CORTEX,,107.15,"TO ZP, ET AL., 1995",http://www.ncbi.nlm.nih.gov/entrez/query.fcgi?cmd=Retrieve&db=PubMed&list_uids=7647964&dopt=Abstract,"5-meot,n,n tryptamine"
6315,5-HT7,HTR7,437,"DMT,5-OH",CN(C)CCC1=CNC2=C1C=C(C=C2)O,487-93-4,89593.0,3H-5CT,GUINEA PIG,CORTEX,,95.49,"TO ZP, ET AL., 1995",http://www.ncbi.nlm.nih.gov/entrez/query.fcgi?cmd=Retrieve&db=PubMed&list_uids=7647964&dopt=Abstract,"dmt,5-oh"
6324,5-HT7,HTR7,1094,"LSD,(+)",CCN(CC)C(=O)C1CN(C2CC3=CNC4=CC=CC(=C34)C2=C1)C,5761,,3H-5CT,GUINEA PIG,CORTEX,,30.9,"TO ZP, ET AL., 1995",http://www.ncbi.nlm.nih.gov/entrez/query.fcgi?cmd=Retrieve&db=PubMed&list_uids=7647964&dopt=Abstract,"lsd,(+)"
6342,5-HT7,HTR7,1494,PINDOBIND-5-HT1A,,,,3H-5CT,GUINEA PIG,CORTEX,>,10000.0,"TO ZP, ET AL., 1995",http://www.ncbi.nlm.nih.gov/entrez/query.fcgi?cmd=Retrieve&db=PubMed&list_uids=7647964&dopt=Abstract,pindobind-5-ht1a
6385,5-HT3,HTR3A,150,5-Hydroxy Tryptamine,C1=CC2=C(C=C1O)C(=CN2)CCN,50-67-9,58241.0,3H-BIMU-1 HIGH,GUINEA PIG,NG108-15,,495.0,"BONHAUS DW, ET AL., 1993",http://www.ncbi.nlm.nih.gov/entrez/query.fcgi?cmd=Retrieve&db=PubMed&list_uids=8246171&dopt=Abstract,5-hydroxy tryptamine
6392,5-HT3,HTR3A,150,5-Hydroxy Tryptamine,C1=CC2=C(C=C1O)C(=CN2)CCN,50-67-9,58241.0,3H-BIMU-1 LOW,GUINEA PIG,NG108-15,>,10000.0,"BONHAUS DW, ET AL., 1993",http://www.ncbi.nlm.nih.gov/entrez/query.fcgi?cmd=Retrieve&db=PubMed&list_uids=8246171&dopt=Abstract,5-hydroxy tryptamine
6404,5-HT3,HTR3A,150,5-Hydroxy Tryptamine,C1=CC2=C(C=C1O)C(=CN2)CCN,50-67-9,58241.0,3H-BIMU-1,GUINEA PIG,CLONED,>,10000.0,"BONHAUS DW, ET AL., 1993",http://www.ncbi.nlm.nih.gov/entrez/query.fcgi?cmd=Retrieve&db=PubMed&list_uids=8246171&dopt=Abstract,5-hydroxy tryptamine
6411,5-HT3,HTR3A,150,5-Hydroxy Tryptamine,C1=CC2=C(C=C1O)C(=CN2)CCN,50-67-9,58241.0,3H-BIMU-1,RAT,CLONED,,501.0,"BONHAUS DW, ET AL., 1993",http://www.ncbi.nlm.nih.gov/entrez/query.fcgi?cmd=Retrieve&db=PubMed&list_uids=8246171&dopt=Abstract,5-hydroxy tryptamine
6488,5-HT7,HTR7,172,5-Methoxytryptamine,COC1=CC2=C(C=C1)NC=C2CCN,608-07-1,56422.0,3H-5HT,HUMAN,CLONED,,5.0,"BARD JA, ET AL., 1993",http://www.ncbi.nlm.nih.gov/entrez/query.fcgi?cmd=Retrieve&db=PubMed&list_uids=8226867&dopt=Abstract,5-methoxytryptamine
6491,5-HT7,HTR7,150,5-Hydroxy Tryptamine,C1=CC2=C(C=C1O)C(=CN2)CCN,50-67-9,58241.0,3H-5HT,HUMAN,CLONED,,8.1,"BARD JA, ET AL., 1993",http://www.ncbi.nlm.nih.gov/entrez/query.fcgi?cmd=Retrieve&db=PubMed&list_uids=8226867&dopt=Abstract,5-hydroxy tryptamine
6493,5-HT7,HTR7,1095,"LSD,2-Bromo",,,,3H-5HT,HUMAN,CLONED,,30.0,"BARD JA, ET AL., 1993",http://www.ncbi.nlm.nih.gov/entrez/query.fcgi?cmd=Retrieve&db=PubMed&list_uids=8226867&dopt=Abstract,"lsd,2-bromo"
6512,5-HT6,HTR6,172,5-Methoxytryptamine,COC1=CC2=C(C=C1)NC=C2CCN,608-07-1,56422.0,3H-5HT,HUMAN,CLONED,,18.0,"BARD JA, ET AL., 1993",http://www.ncbi.nlm.nih.gov/entrez/query.fcgi?cmd=Retrieve&db=PubMed&list_uids=8226867&dopt=Abstract,5-methoxytryptamine
6515,5-HT6,HTR6,150,5-Hydroxy Tryptamine,C1=CC2=C(C=C1O)C(=CN2)CCN,50-67-9,58241.0,3H-5HT,HUMAN,CLONED,,56.0,"BARD JA, ET AL., 1993",http://www.ncbi.nlm.nih.gov/entrez/query.fcgi?cmd=Retrieve&db=PubMed&list_uids=8226867&dopt=Abstract,5-hydroxy tryptamine
6517,5-HT6,HTR6,1095,"LSD,2-Bromo",,,,125I-LSD,HUMAN,CLONED,,17.1,"BARD JA, ET AL., 1993",http://www.ncbi.nlm.nih.gov/entrez/query.fcgi?cmd=Retrieve&db=PubMed&list_uids=8226867&dopt=Abstract,"lsd,2-bromo"
6523,5-HT6,HTR6,172,5-Methoxytryptamine,COC1=CC2=C(C=C1)NC=C2CCN,608-07-1,56422.0,125I-LSD,MOUSE,CLONED,,5.01,"UNSWORTH CD, ET AL.,1994",http://www.ncbi.nlm.nih.gov/entrez/query.fcgi?cmd=Retrieve&db=PubMed&list_uids=8169832&dopt=Abstract,5-methoxytryptamine
6524,5-HT6,HTR6,150,5-Hydroxy Tryptamine,C1=CC2=C(C=C1O)C(=CN2)CCN,50-67-9,58241.0,125I-LSD,MOUSE,CLONED,,39.81,"UNSWORTH CD, ET AL.,1994",http://www.ncbi.nlm.nih.gov/entrez/query.fcgi?cmd=Retrieve&db=PubMed&list_uids=8169832&dopt=Abstract,5-hydroxy tryptamine
6570,5-HT7,HTR7,150,5-Hydroxy Tryptamine,C1=CC2=C(C=C1O)C(=CN2)CCN,50-67-9,58241.0,3H-5HT,GUINEA PIG,CLONED,,1.0,"TSOU AP, ET AL., 1994",http://www.ncbi.nlm.nih.gov/entrez/query.fcgi?cmd=Retrieve&db=PubMed&list_uids=7518496&dopt=Abstract,5-hydroxy tryptamine
6571,5-HT7,HTR7,172,5-Methoxytryptamine,COC1=CC2=C(C=C1)NC=C2CCN,608-07-1,56422.0,3H-5HT,GUINEA PIG,CLONED,,1.0,"TSOU AP, ET AL., 1994",http://www.ncbi.nlm.nih.gov/entrez/query.fcgi?cmd=Retrieve&db=PubMed&list_uids=7518496&dopt=Abstract,5-methoxytryptamine
6573,5-HT7,HTR7,437,"DMT,5-OH",CN(C)CCC1=CNC2=C1C=C(C=C2)O,487-93-4,89593.0,3H-5HT,GUINEA PIG,CLONED,,19.95,"TSOU AP, ET AL., 1994",http://www.ncbi.nlm.nih.gov/entrez/query.fcgi?cmd=Retrieve&db=PubMed&list_uids=7518496&dopt=Abstract,"dmt,5-oh"
6579,5-HT6,HTR6,150,5-Hydroxy Tryptamine,C1=CC2=C(C=C1O)C(=CN2)CCN,50-67-9,58241.0,125I-LSD,RAT,CLONED,,151.0,"SEBBEN M, ET AL., 1994",http://www.ncbi.nlm.nih.gov/entrez/query.fcgi?cmd=Retrieve&db=PubMed&list_uids=7696602&dopt=Abstract,5-hydroxy tryptamine
6580,5-HT6,HTR6,172,5-Methoxytryptamine,COC1=CC2=C(C=C1)NC=C2CCN,608-07-1,56422.0,125I-LSD,RAT,CLONED,,39.0,"SEBBEN M, ET AL., 1994",http://www.ncbi.nlm.nih.gov/entrez/query.fcgi?cmd=Retrieve&db=PubMed&list_uids=7696602&dopt=Abstract,5-methoxytryptamine
6581,5-HT6,HTR6,1094,"LSD,(+)",CCN(CC)C(=O)C1CN(C2CC3=CNC4=CC=CC(=C34)C2=C1)C,5761,,125I-LSD,RAT,CLONED,,1.26,"SEBBEN M, ET AL., 1994",http://www.ncbi.nlm.nih.gov/entrez/query.fcgi?cmd=Retrieve&db=PubMed&list_uids=7696602&dopt=Abstract,"lsd,(+)"
6594,5-HT7,HTR7,150,5-Hydroxy Tryptamine,C1=CC2=C(C=C1O)C(=CN2)CCN,50-67-9,58241.0,3H-5HT,Mammalian,CLONED,,0.6,"SEBBEN M, ET AL., 1994",http://www.ncbi.nlm.nih.gov/entrez/query.fcgi?cmd=Retrieve&db=PubMed&list_uids=7696602&dopt=Abstract,5-hydroxy tryptamine
6595,5-HT7,HTR7,172,5-Methoxytryptamine,COC1=CC2=C(C=C1)NC=C2CCN,608-07-1,56422.0,3H-5HT,Mammalian,CLONED,,0.94,"SEBBEN M, ET AL., 1994",http://www.ncbi.nlm.nih.gov/entrez/query.fcgi?cmd=Retrieve&db=PubMed&list_uids=7696602&dopt=Abstract,5-methoxytryptamine
6596,5-HT7,HTR7,1094,"LSD,(+)",CCN(CC)C(=O)C1CN(C2CC3=CNC4=CC=CC(=C34)C2=C1)C,5761,,3H-5HT,Mammalian,CLONED,,9.5,"SEBBEN M, ET AL., 1994",http://www.ncbi.nlm.nih.gov/entrez/query.fcgi?cmd=Retrieve&db=PubMed&list_uids=7696602&dopt=Abstract,"lsd,(+)"
6605,5-HT6,HTR6,150,5-Hydroxy Tryptamine,C1=CC2=C(C=C1O)C(=CN2)CCN,50-67-9,58241.0,3H-5HT,MOUSE,CLONED,,5.01,"PLASSAT JL, ET AL., 1993",http://www.ncbi.nlm.nih.gov/entrez/query.fcgi?cmd=Retrieve&db=PubMed&list_uids=8394987&dopt=Abstract,5-hydroxy tryptamine
6606,5-HT6,HTR6,172,5-Methoxytryptamine,COC1=CC2=C(C=C1)NC=C2CCN,608-07-1,56422.0,3H-5HT,MOUSE,CLONED,,6.3,"PLASSAT JL, ET AL., 1993",http://www.ncbi.nlm.nih.gov/entrez/query.fcgi?cmd=Retrieve&db=PubMed&list_uids=8394987&dopt=Abstract,5-methoxytryptamine
6607,5-HT6,HTR6,437,"DMT,5-OH",CN(C)CCC1=CNC2=C1C=C(C=C2)O,487-93-4,89593.0,3H-5HT,MOUSE,CLONED,,100.0,"PLASSAT JL, ET AL., 1993",http://www.ncbi.nlm.nih.gov/entrez/query.fcgi?cmd=Retrieve&db=PubMed&list_uids=8394987&dopt=Abstract,"dmt,5-oh"
6616,5-HT6,HTR6,1095,"LSD,2-Bromo",,,,3H-5HT,MOUSE,CLONED,,10.0,"PLASSAT JL, ET AL., 1993",http://www.ncbi.nlm.nih.gov/entrez/query.fcgi?cmd=Retrieve&db=PubMed&list_uids=8394987&dopt=Abstract,"lsd,2-bromo"
6637,5-HT1E,HTR1E,150,5-Hydroxy Tryptamine,C1=CC2=C(C=C1O)C(=CN2)CCN,50-67-9,58241.0,3H-5HT,HUMAN,CLONED,,11.0,"ZGOMBICK JM, ET AL., 1992",http://www.ncbi.nlm.nih.gov/entrez/query.fcgi?cmd=Retrieve&db=PubMed&list_uids=1513320&dopt=Abstract,5-hydroxy tryptamine
6646,5-HT1E,HTR1E,694,"DMT,5-Me",CN(C)CCC1=CNC2=C1C=C(C=C2)OC,1832,,3H-5HT,HUMAN,CLONED,,528.0,"ZGOMBICK JM, ET AL., 1992",http://www.ncbi.nlm.nih.gov/entrez/query.fcgi?cmd=Retrieve&db=PubMed&list_uids=1513320&dopt=Abstract,"dmt,5-me"
6653,5-HT1E,HTR1E,172,5-Methoxytryptamine,COC1=CC2=C(C=C1)NC=C2CCN,608-07-1,56422.0,3H-5HT,HUMAN,CLONED,,3151.0,"ZGOMBICK JM, ET AL., 1992",http://www.ncbi.nlm.nih.gov/entrez/query.fcgi?cmd=Retrieve&db=PubMed&list_uids=1513320&dopt=Abstract,5-methoxytryptamine
6749,5-HT1F,HTR1F,150,5-Hydroxy Tryptamine,C1=CC2=C(C=C1O)C(=CN2)CCN,50-67-9,58241.0,3H-5HT,HUMAN,CLONED,,10.0,"Adham N, et al., 1992",http://www.ncbi.nlm.nih.gov/entrez/query.fcgi?cmd=Retrieve&db=PubMed&list_uids=8380639&dopt=Abstract,5-hydroxy tryptamine
6753,5-HT1F,HTR1F,694,"DMT,5-Me",CN(C)CCC1=CNC2=C1C=C(C=C2)OC,1832,,3H-5HT,HUMAN,CLONED,,37.0,"Adham N, et al., 1992",http://www.ncbi.nlm.nih.gov/entrez/query.fcgi?cmd=Retrieve&db=PubMed&list_uids=8380639&dopt=Abstract,"dmt,5-me"
6764,5-HT1F,HTR1F,172,5-Methoxytryptamine,COC1=CC2=C(C=C1)NC=C2CCN,608-07-1,56422.0,3H-5HT,HUMAN,CLONED,,1166.0,"Adham N, et al., 1992",http://www.ncbi.nlm.nih.gov/entrez/query.fcgi?cmd=Retrieve&db=PubMed&list_uids=8380639&dopt=Abstract,5-methoxytryptamine
6851,5-HT1E,HTR1E,150,5-Hydroxy Tryptamine,C1=CC2=C(C=C1O)C(=CN2)CCN,50-67-9,58241.0,3H-5HT,HUMAN,CORTEX,,3.5,"LEONHARDT S, ET AL., 1989",http://www.ncbi.nlm.nih.gov/entrez/query.fcgi?cmd=Retrieve&db=PubMed&list_uids=2664084&dopt=Abstract,5-hydroxy tryptamine
6860,5-HT1D,HTR1D,150,5-Hydroxy Tryptamine,C1=CC2=C(C=C1O)C(=CN2)CCN,50-67-9,58241.0,3H-5HT,BOVINE,STRIATUM,,1.9,"LEONHARDT S, ET AL., 1989",http://www.ncbi.nlm.nih.gov/entrez/query.fcgi?cmd=Retrieve&db=PubMed&list_uids=2664084&dopt=Abstract,5-hydroxy tryptamine
6875,5-HT1E,HTR1E,150,5-Hydroxy Tryptamine,C1=CC2=C(C=C1O)C(=CN2)CCN,50-67-9,58241.0,125I-LSD,RAT,CLONED,,7.0,"LOVENBERG TW, ET AL., 1993",http://www.ncbi.nlm.nih.gov/entrez/query.fcgi?cmd=Retrieve&db=PubMed&list_uids=8384716&dopt=Abstract,5-hydroxy tryptamine
6920,5-HT2A,HTR2A,1247,MOLINDONE,CCC1=C(NC2=C1C(=O)C(CC2)CN3CCOCC3)C,7416-34-4,,3H-KETANSERIN,HUMAN,CLONED,,5800.0,"SEEMAN P, ET AL., 1997",http://www.ncbi.nlm.nih.gov/entrez/query.fcgi?cmd=Retrieve&db=PubMed&list_uids=9015795&dopt=Abstract,molindone
6925,5-HT2A,HTR2A,1599,RISPERIDONE,CC1=C(C(=O)N2CCCCC2=N1)CCN3CCC(CC3)C4=NOC5=C4C=CC(=C5)F,106266-06-2,,3H-KETANSERIN,HUMAN,CLONED,,0.14,"SEEMAN P, ET AL., 1997",http://www.ncbi.nlm.nih.gov/entrez/query.fcgi?cmd=Retrieve&db=PubMed&list_uids=9015795&dopt=Abstract,risperidone
9541,5-HT1A,HTR1A,1303,Nefazodone,CCC1=NN(C(=O)N1CCOC2=CC=CC=C2)CCCN3CCN(CC3)C4=CC(=CC=C4)Cl,83366-66-9,,3H-8-OH-DPAT,RAT,HIPPOCAMPUS,,52.0,"Owens MJ, et al, 1997",http://www.ncbi.nlm.nih.gov:80/entrez/query.fcgi?cmd=Retrieve&db=PubMed&list_uids=9400006&dopt=Abstract#http://www.ncbi.nlm.nih.gov:80/entrez/query.fcgi?cmd=Retrieve&db=PubMed&list_uids=9400006&dopt=Abstract#,nefazodone
9542,5-HT1A,HTR1A,942,Hydroxynefazodone,CC(C1=NN(C(=O)N1CCOC2=CC=CC=C2)CCCN3CCN(CC3)C4=CC=C(C=C4)Cl)O,127096,,3H-8-OH-DPAT,RAT,HIPPOCAMPUS,,56.0,"Owens MJ, et al, 1997",http://www.ncbi.nlm.nih.gov:80/entrez/query.fcgi?cmd=Retrieve&db=PubMed&list_uids=9400006&dopt=Abstract#http://www.ncbi.nlm.nih.gov:80/entrez/query.fcgi?cmd=Retrieve&db=PubMed&list_uids=9400006&dopt=Abstract#,hydroxynefazodone
9545,5-HT1A,HTR1A,1905,TRAZODONE,C1CN(CCN1CCCN2C(=O)N3C=CC=CC3=N2)C4=CC(=CC=C4)Cl,19794-93-5,,3H-8-OH-DPAT,RAT,HIPPOCAMPUS,,42.0,"Owens MJ, et al, 1997",http://www.ncbi.nlm.nih.gov:80/entrez/query.fcgi?cmd=Retrieve&db=PubMed&list_uids=9400006&dopt=Abstract#http://www.ncbi.nlm.nih.gov:80/entrez/query.fcgi?cmd=Retrieve&db=PubMed&list_uids=9400006&dopt=Abstract#,trazodone
9552,5-HT1A,HTR1A,150,5-Hydroxy Tryptamine,C1=CC2=C(C=C1O)C(=CN2)CCN,50-67-9,58241.0,3H-8-OH-DPAT,RAT,HIPPOCAMPUS,,0.12,"Owens MJ, et al, 1997",http://www.ncbi.nlm.nih.gov:80/entrez/query.fcgi?cmd=Retrieve&db=PubMed&list_uids=9400006&dopt=Abstract#http://www.ncbi.nlm.nih.gov:80/entrez/query.fcgi?cmd=Retrieve&db=PubMed&list_uids=9400006&dopt=Abstract#,5-hydroxy tryptamine
9553,5-HT2A,HTR2A,1303,Nefazodone,CCC1=NN(C(=O)N1CCOC2=CC=CC=C2)CCCN3CCN(CC3)C4=CC(=CC=C4)Cl,83366-66-9,,3H-KETANSERIN,RAT,CORTEX,,7.1,"Owens MJ, et al, 1997",http://www.ncbi.nlm.nih.gov:80/entrez/query.fcgi?cmd=Retrieve&db=PubMed&list_uids=9400006&dopt=Abstract#http://www.ncbi.nlm.nih.gov:80/entrez/query.fcgi?cmd=Retrieve&db=PubMed&list_uids=9400006&dopt=Abstract#,nefazodone
9554,5-HT2A,HTR2A,942,Hydroxynefazodone,CC(C1=NN(C(=O)N1CCOC2=CC=CC=C2)CCCN3CCN(CC3)C4=CC=C(C=C4)Cl)O,127096,,3H-KETANSERIN,RAT,CORTEX,,7.2,"Owens MJ, et al, 1997",http://www.ncbi.nlm.nih.gov:80/entrez/query.fcgi?cmd=Retrieve&db=PubMed&list_uids=9400006&dopt=Abstract#http://www.ncbi.nlm.nih.gov:80/entrez/query.fcgi?cmd=Retrieve&db=PubMed&list_uids=9400006&dopt=Abstract#,hydroxynefazodone
9557,5-HT2A,HTR2A,1905,TRAZODONE,C1CN(CCN1CCCN2C(=O)N3C=CC=CC3=N2)C4=CC(=CC=C4)Cl,19794-93-5,,3H-KETANSERIN,RAT,CORTEX,,20.0,"Owens MJ, et al, 1997",http://www.ncbi.nlm.nih.gov:80/entrez/query.fcgi?cmd=Retrieve&db=PubMed&list_uids=9400006&dopt=Abstract#http://www.ncbi.nlm.nih.gov:80/entrez/query.fcgi?cmd=Retrieve&db=PubMed&list_uids=9400006&dopt=Abstract#,trazodone
10767,5-HT2C,HTR2C,1599,RISPERIDONE,CC1=C(C(=O)N2CCCCC2=N1)CCN3CCC(CC3)C4=NOC5=C4C=CC(=C5)F,106266-06-2,,3H-LSD,RAT,CLONED,,31.62,"ROTH ET AL., 1993",http://www.ncbi.nlm.nih.gov/entrez/query.fcgi?cmd=Retrieve&db=PubMed&list_uids=7908055&dopt=Abstract,risperidone
11100,5-HT1A,HTR1A,964,ILOPERIDONE,CC(=O)C1=CC(=C(C=C1)OCCCN2CCC(CC2)C3=NOC4=C3C=CC(=C4)F)OC,133454-47-4,,3H-8-OH-DPAT,HUMAN,CLONED,,93.32,CINP 2000 PROCEEDING,sorry#http://sorry#,iloperidone
11103,5-HT1B,HTR1B,964,ILOPERIDONE,CC(=O)C1=CC(=C(C=C1)OCCCN2CCC(CC2)C3=NOC4=C3C=CC(=C4)F)OC,133454-47-4,,3H-5HT,HUMAN,CLONED,,89.12,CINP 2000 PROCEEDING,sorry#http://sorry#,iloperidone
11106,5-HT2A,HTR2A,964,ILOPERIDONE,CC(=O)C1=CC(=C(C=C1)OCCCN2CCC(CC2)C3=NOC4=C3C=CC(=C4)F)OC,133454-47-4,,3H-KETANSERIN,HUMAN,CLONED,,0.11,CINP 2000 PROCEEDING,sorry#http://sorry#,iloperidone
11109,5-HT2C,HTR2C,964,ILOPERIDONE,CC(=O)C1=CC(=C(C=C1)OCCCN2CCC(CC2)C3=NOC4=C3C=CC(=C4)F)OC,133454-47-4,,3H-MESULERGINE,HUMAN,CLONED,,251.18,CINP 2000 PROCEEDING,sorry#http://sorry#,iloperidone
11112,5-HT6,HTR6,964,ILOPERIDONE,CC(=O)C1=CC(=C(C=C1)OCCCN2CCC(CC2)C3=NOC4=C3C=CC(=C4)F)OC,133454-47-4,,3H-LSD,HUMAN,CLONED,,63.09,CINP 2000 PROCEEDING,sorry#http://sorry#,iloperidone
11116,5-HT1A,HTR1A,1599,RISPERIDONE,CC1=C(C(=O)N2CCCCC2=N1)CCN3CCC(CC3)C4=NOC5=C4C=CC(=C5)F,106266-06-2,,3H-8-OH-DPAT,RAT,HIPPOCAMPUS,,250.0,"Schotte A, et al.,  1996",http://www.ncbi.nlm.nih.gov:80/entrez/query.fcgi?cmd=Retrieve&db=PubMed&list_uids=8935801&dopt=Abstract#http://www.ncbi.nlm.nih.gov:80/entrez/query.fcgi?cmd=Retrieve&db=PubMed&list_uids=8935801&dopt=Abstract#,risperidone
11117,5-HT1A,HTR1A,1600,9-OH-risperidone,CC1=C(C(=O)N2CCCC(C2=N1)O)CCN3CCC(CC3)C4=NOC5=C4C=CC(=C5)F,115237,,3H-8-OH-DPAT,RAT,HIPPOCAMPUS,,380.0,"Schotte A, et al.,  1996",http://www.ncbi.nlm.nih.gov:80/entrez/query.fcgi?cmd=Retrieve&db=PubMed&list_uids=8935801&dopt=Abstract#http://www.ncbi.nlm.nih.gov:80/entrez/query.fcgi?cmd=Retrieve&db=PubMed&list_uids=8935801&dopt=Abstract#,9-oh-risperidone
11122,5-HT1B,HTR1B,1599,RISPERIDONE,CC1=C(C(=O)N2CCCCC2=N1)CCN3CCC(CC3)C4=NOC5=C4C=CC(=C5)F,106266-06-2,,3H-5HT,RAT,STRIATUM,,2720.0,"Schotte A, et al.,  1996",http://www.ncbi.nlm.nih.gov:80/entrez/query.fcgi?cmd=Retrieve&db=PubMed&list_uids=8935801&dopt=Abstract#http://www.ncbi.nlm.nih.gov:80/entrez/query.fcgi?cmd=Retrieve&db=PubMed&list_uids=8935801&dopt=Abstract#,risperidone
11123,5-HT1B,HTR1B,1600,9-OH-risperidone,CC1=C(C(=O)N2CCCC(C2=N1)O)CCN3CCC(CC3)C4=NOC5=C4C=CC(=C5)F,115237,,3H-5HT,RAT,STRIATUM,,3250.0,"Schotte A, et al.,  1996",http://www.ncbi.nlm.nih.gov:80/entrez/query.fcgi?cmd=Retrieve&db=PubMed&list_uids=8935801&dopt=Abstract#http://www.ncbi.nlm.nih.gov:80/entrez/query.fcgi?cmd=Retrieve&db=PubMed&list_uids=8935801&dopt=Abstract#,9-oh-risperidone
11131,5-HT1B,HTR1B,1422,ORG-5222,CN1CC2C(C1)C3=C(C=CC(=C3)Cl)OC4=CC=CC=C24,163091,,3H-5HT,RAT,STRIATUM,,55.0,"Schotte A, et al.,  1996",http://www.ncbi.nlm.nih.gov:80/entrez/query.fcgi?cmd=Retrieve&db=PubMed&list_uids=8935801&dopt=Abstract#http://www.ncbi.nlm.nih.gov:80/entrez/query.fcgi?cmd=Retrieve&db=PubMed&list_uids=8935801&dopt=Abstract#,org-5222
11133,5-HT1B,HTR1B,1996,Ziprasidone,C1CN(CCN1CCC2=C(C=C3C(=C2)CC(=O)N3)Cl)C4=NSC5=CC=CC=C54,60854,,3H-5HT,RAT,STRIATUM,,130.0,"Schotte A, et al.,  1996",http://www.ncbi.nlm.nih.gov:80/entrez/query.fcgi?cmd=Retrieve&db=PubMed&list_uids=8935801&dopt=Abstract#http://www.ncbi.nlm.nih.gov:80/entrez/query.fcgi?cmd=Retrieve&db=PubMed&list_uids=8935801&dopt=Abstract#,ziprasidone
11134,5-HT2A,HTR2A,1599,RISPERIDONE,CC1=C(C(=O)N2CCCCC2=N1)CCN3CCC(CC3)C4=NOC5=C4C=CC(=C5)F,106266-06-2,,3H-KETANSERIN,RAT,FR. CORTEX,,0.16,"Schotte A, et al.,  1996",http://www.ncbi.nlm.nih.gov:80/entrez/query.fcgi?cmd=Retrieve&db=PubMed&list_uids=8935801&dopt=Abstract#http://www.ncbi.nlm.nih.gov:80/entrez/query.fcgi?cmd=Retrieve&db=PubMed&list_uids=8935801&dopt=Abstract#,risperidone
11135,5-HT2A,HTR2A,1600,9-OH-risperidone,CC1=C(C(=O)N2CCCC(C2=N1)O)CCN3CCC(CC3)C4=NOC5=C4C=CC(=C5)F,115237,,3H-KETANSERIN,RAT,FR. CORTEX,,0.25,"Schotte A, et al.,  1996",http://www.ncbi.nlm.nih.gov:80/entrez/query.fcgi?cmd=Retrieve&db=PubMed&list_uids=8935801&dopt=Abstract#http://www.ncbi.nlm.nih.gov:80/entrez/query.fcgi?cmd=Retrieve&db=PubMed&list_uids=8935801&dopt=Abstract#,9-oh-risperidone
11143,5-HT2A,HTR2A,1422,ORG-5222,CN1CC2C(C1)C3=C(C=CC(=C3)Cl)OC4=CC=CC=C24,163091,,3H-KETANSERIN,RAT,FR. CORTEX,,0.13,"Schotte A, et al.,  1996",http://www.ncbi.nlm.nih.gov:80/entrez/query.fcgi?cmd=Retrieve&db=PubMed&list_uids=8935801&dopt=Abstract#http://www.ncbi.nlm.nih.gov:80/entrez/query.fcgi?cmd=Retrieve&db=PubMed&list_uids=8935801&dopt=Abstract#,org-5222
11145,5-HT2A,HTR2A,1996,Ziprasidone,C1CN(CCN1CCC2=C(C=C3C(=C2)CC(=O)N3)Cl)C4=NSC5=CC=CC=C54,60854,,3H-KETANSERIN,RAT,FR. CORTEX,,0.31,"Schotte A, et al.,  1996",http://www.ncbi.nlm.nih.gov:80/entrez/query.fcgi?cmd=Retrieve&db=PubMed&list_uids=8935801&dopt=Abstract#http://www.ncbi.nlm.nih.gov:80/entrez/query.fcgi?cmd=Retrieve&db=PubMed&list_uids=8935801&dopt=Abstract#,ziprasidone
11146,5-HT2C,HTR2C,1599,RISPERIDONE,CC1=C(C(=O)N2CCCCC2=N1)CCN3CCC(CC3)C4=NOC5=C4C=CC(=C5)F,106266-06-2,,3H-MESULERGINE,PIG,Choroid Plexus,,63.0,"Schotte A, et al.,  1996",http://www.ncbi.nlm.nih.gov:80/entrez/query.fcgi?cmd=Retrieve&db=PubMed&list_uids=8935801&dopt=Abstract#http://www.ncbi.nlm.nih.gov:80/entrez/query.fcgi?cmd=Retrieve&db=PubMed&list_uids=8935801&dopt=Abstract#,risperidone
11147,5-HT2C,HTR2C,1600,9-OH-risperidone,CC1=C(C(=O)N2CCCC(C2=N1)O)CCN3CCC(CC3)C4=NOC5=C4C=CC(=C5)F,115237,,3H-MESULERGINE,PIG,Choroid Plexus,,71.0,"Schotte A, et al.,  1996",http://www.ncbi.nlm.nih.gov:80/entrez/query.fcgi?cmd=Retrieve&db=PubMed&list_uids=8935801&dopt=Abstract#http://www.ncbi.nlm.nih.gov:80/entrez/query.fcgi?cmd=Retrieve&db=PubMed&list_uids=8935801&dopt=Abstract#,9-oh-risperidone
11155,5-HT2C,HTR2C,1422,ORG-5222,CN1CC2C(C1)C3=C(C=CC(=C3)Cl)OC4=CC=CC=C24,163091,,3H-MESULERGINE,PIG,Choroid Plexus,,0.17,"Schotte A, et al.,  1996",http://www.ncbi.nlm.nih.gov:80/entrez/query.fcgi?cmd=Retrieve&db=PubMed&list_uids=8935801&dopt=Abstract#http://www.ncbi.nlm.nih.gov:80/entrez/query.fcgi?cmd=Retrieve&db=PubMed&list_uids=8935801&dopt=Abstract#,org-5222
11157,5-HT2C,HTR2C,1996,Ziprasidone,C1CN(CCN1CCC2=C(C=C3C(=C2)CC(=O)N3)Cl)C4=NSC5=CC=CC=C54,60854,,3H-MESULERGINE,PIG,Choroid Plexus,,13.0,"Schotte A, et al.,  1996",http://www.ncbi.nlm.nih.gov:80/entrez/query.fcgi?cmd=Retrieve&db=PubMed&list_uids=8935801&dopt=Abstract#http://www.ncbi.nlm.nih.gov:80/entrez/query.fcgi?cmd=Retrieve&db=PubMed&list_uids=8935801&dopt=Abstract#,ziprasidone
11158,5-HT3,HTR3A,1599,RISPERIDONE,CC1=C(C(=O)N2CCCCC2=N1)CCN3CCC(CC3)C4=NOC5=C4C=CC(=C5)F,106266-06-2,,3H-GR-65630,MOUSE,NG108-15,,5000.0,"Schotte A, et al.,  1996",http://www.ncbi.nlm.nih.gov:80/entrez/query.fcgi?cmd=Retrieve&db=PubMed&list_uids=8935801&dopt=Abstract#http://www.ncbi.nlm.nih.gov:80/entrez/query.fcgi?cmd=Retrieve&db=PubMed&list_uids=8935801&dopt=Abstract#,risperidone
11159,5-HT3,HTR3A,1600,9-OH-risperidone,CC1=C(C(=O)N2CCCC(C2=N1)O)CCN3CCC(CC3)C4=NOC5=C4C=CC(=C5)F,115237,,3H-GR-65630,MOUSE,NG108-15,,5000.0,"Schotte A, et al.,  1996",http://www.ncbi.nlm.nih.gov:80/entrez/query.fcgi?cmd=Retrieve&db=PubMed&list_uids=8935801&dopt=Abstract#http://www.ncbi.nlm.nih.gov:80/entrez/query.fcgi?cmd=Retrieve&db=PubMed&list_uids=8935801&dopt=Abstract#,9-oh-risperidone
11167,5-HT3,HTR3A,1422,ORG-5222,CN1CC2C(C1)C3=C(C=CC(=C3)Cl)OC4=CC=CC=C24,163091,,3H-GR-65630,MOUSE,NG108-15,,800.0,"Schotte A, et al.,  1996",http://www.ncbi.nlm.nih.gov:80/entrez/query.fcgi?cmd=Retrieve&db=PubMed&list_uids=8935801&dopt=Abstract#http://www.ncbi.nlm.nih.gov:80/entrez/query.fcgi?cmd=Retrieve&db=PubMed&list_uids=8935801&dopt=Abstract#,org-5222
11169,5-HT3,HTR3A,1996,Ziprasidone,C1CN(CCN1CCC2=C(C=C3C(=C2)CC(=O)N3)Cl)C4=NSC5=CC=CC=C54,60854,,3H-GR-65630,MOUSE,NG108-15,,2830.0,"Schotte A, et al.,  1996",http://www.ncbi.nlm.nih.gov:80/entrez/query.fcgi?cmd=Retrieve&db=PubMed&list_uids=8935801&dopt=Abstract#http://www.ncbi.nlm.nih.gov:80/entrez/query.fcgi?cmd=Retrieve&db=PubMed&list_uids=8935801&dopt=Abstract#,ziprasidone
11170,5-HT6,HTR6,1599,RISPERIDONE,CC1=C(C(=O)N2CCCCC2=N1)CCN3CCC(CC3)C4=NOC5=C4C=CC(=C5)F,106266-06-2,,3H-Risperidone,RAT,CLONED,,420.0,"Schotte A, et al.,  1996",http://www.ncbi.nlm.nih.gov:80/entrez/query.fcgi?cmd=Retrieve&db=PubMed&list_uids=8935801&dopt=Abstract#http://www.ncbi.nlm.nih.gov:80/entrez/query.fcgi?cmd=Retrieve&db=PubMed&list_uids=8935801&dopt=Abstract#,risperidone
11174,5-HT7,HTR7,1599,RISPERIDONE,CC1=C(C(=O)N2CCCCC2=N1)CCN3CCC(CC3)C4=NOC5=C4C=CC(=C5)F,106266-06-2,,3H-5HT,MOUSE,CLONED,,1.6,"Schotte A, et al.,  1996",http://www.ncbi.nlm.nih.gov:80/entrez/query.fcgi?cmd=Retrieve&db=PubMed&list_uids=8935801&dopt=Abstract#http://www.ncbi.nlm.nih.gov:80/entrez/query.fcgi?cmd=Retrieve&db=PubMed&list_uids=8935801&dopt=Abstract#,risperidone
11175,5-HT7,HTR7,1600,9-OH-risperidone,CC1=C(C(=O)N2CCCC(C2=N1)O)CCN3CCC(CC3)C4=NOC5=C4C=CC(=C5)F,115237,,3H-5HT,MOUSE,CLONED,,1.3,"Schotte A, et al.,  1996",http://www.ncbi.nlm.nih.gov:80/entrez/query.fcgi?cmd=Retrieve&db=PubMed&list_uids=8935801&dopt=Abstract#http://www.ncbi.nlm.nih.gov:80/entrez/query.fcgi?cmd=Retrieve&db=PubMed&list_uids=8935801&dopt=Abstract#,9-oh-risperidone
11183,5-HT7,HTR7,1422,ORG-5222,CN1CC2C(C1)C3=C(C=CC(=C3)Cl)OC4=CC=CC=C24,163091,,3H-5HT,MOUSE,CLONED,,0.72,"Schotte A, et al.,  1996",http://www.ncbi.nlm.nih.gov:80/entrez/query.fcgi?cmd=Retrieve&db=PubMed&list_uids=8935801&dopt=Abstract#http://www.ncbi.nlm.nih.gov:80/entrez/query.fcgi?cmd=Retrieve&db=PubMed&list_uids=8935801&dopt=Abstract#,org-5222
11185,5-HT7,HTR7,1996,Ziprasidone,C1CN(CCN1CCC2=C(C=C3C(=C2)CC(=O)N3)Cl)C4=NSC5=CC=CC=C54,60854,,3H-5HT,MOUSE,CLONED,,4.9,"Schotte A, et al.,  1996",http://www.ncbi.nlm.nih.gov:80/entrez/query.fcgi?cmd=Retrieve&db=PubMed&list_uids=8935801&dopt=Abstract#http://www.ncbi.nlm.nih.gov:80/entrez/query.fcgi?cmd=Retrieve&db=PubMed&list_uids=8935801&dopt=Abstract#,ziprasidone
11303,5-HT1A,HTR1A,1599,RISPERIDONE,CC1=C(C(=O)N2CCCCC2=N1)CCN3CCC(CC3)C4=NOC5=C4C=CC(=C5)F,106266-06-2,,3H-8-OH-DPAT,HUMAN,CLONED,,420.0,"Schotte A, et al.,  1996",http://www.ncbi.nlm.nih.gov:80/entrez/query.fcgi?cmd=Retrieve&db=PubMed&list_uids=8935801&dopt=Abstract#http://www.ncbi.nlm.nih.gov:80/entrez/query.fcgi?cmd=Retrieve&db=PubMed&list_uids=8935801&dopt=Abstract#,risperidone
11304,5-HT1A,HTR1A,1600,9-OH-risperidone,CC1=C(C(=O)N2CCCC(C2=N1)O)CCN3CCC(CC3)C4=NOC5=C4C=CC(=C5)F,115237,,3H-8-OH-DPAT,HUMAN,CLONED,,590.0,"Schotte A, et al.,  1996",http://www.ncbi.nlm.nih.gov:80/entrez/query.fcgi?cmd=Retrieve&db=PubMed&list_uids=8935801&dopt=Abstract#http://www.ncbi.nlm.nih.gov:80/entrez/query.fcgi?cmd=Retrieve&db=PubMed&list_uids=8935801&dopt=Abstract#,9-oh-risperidone
11312,5-HT1A,HTR1A,1422,ORG-5222,CN1CC2C(C1)C3=C(C=CC(=C3)Cl)OC4=CC=CC=C24,163091,,3H-8-OH-DPAT,HUMAN,CLONED,,10.0,"Schotte A, et al.,  1996",http://www.ncbi.nlm.nih.gov:80/entrez/query.fcgi?cmd=Retrieve&db=PubMed&list_uids=8935801&dopt=Abstract#http://www.ncbi.nlm.nih.gov:80/entrez/query.fcgi?cmd=Retrieve&db=PubMed&list_uids=8935801&dopt=Abstract#,org-5222
11314,5-HT1A,HTR1A,1996,Ziprasidone,C1CN(CCN1CCC2=C(C=C3C(=C2)CC(=O)N3)Cl)C4=NSC5=CC=CC=C54,60854,,3H-8-OH-DPAT,HUMAN,CLONED,,12.0,"Schotte A, et al.,  1996",http://www.ncbi.nlm.nih.gov:80/entrez/query.fcgi?cmd=Retrieve&db=PubMed&list_uids=8935801&dopt=Abstract#http://www.ncbi.nlm.nih.gov:80/entrez/query.fcgi?cmd=Retrieve&db=PubMed&list_uids=8935801&dopt=Abstract#,ziprasidone
11315,5-HT1B,HTR1B,1599,RISPERIDONE,CC1=C(C(=O)N2CCCCC2=N1)CCN3CCC(CC3)C4=NOC5=C4C=CC(=C5)F,106266-06-2,,3H-Alniditan,HUMAN,CLONED,,9.8,"Schotte A, et al.,  1996",http://www.ncbi.nlm.nih.gov:80/entrez/query.fcgi?cmd=Retrieve&db=PubMed&list_uids=8935801&dopt=Abstract#http://www.ncbi.nlm.nih.gov:80/entrez/query.fcgi?cmd=Retrieve&db=PubMed&list_uids=8935801&dopt=Abstract#,risperidone
11316,5-HT1B,HTR1B,1600,9-OH-risperidone,CC1=C(C(=O)N2CCCC(C2=N1)O)CCN3CCC(CC3)C4=NOC5=C4C=CC(=C5)F,115237,,3H-Alniditan,HUMAN,CLONED,,12.0,"Schotte A, et al.,  1996",http://www.ncbi.nlm.nih.gov:80/entrez/query.fcgi?cmd=Retrieve&db=PubMed&list_uids=8935801&dopt=Abstract#http://www.ncbi.nlm.nih.gov:80/entrez/query.fcgi?cmd=Retrieve&db=PubMed&list_uids=8935801&dopt=Abstract#,9-oh-risperidone
11324,5-HT1B,HTR1B,1422,ORG-5222,CN1CC2C(C1)C3=C(C=CC(=C3)Cl)OC4=CC=CC=C24,163091,,3H-Alniditan,HUMAN,CLONED,,3.9,"Schotte A, et al.,  1996",http://www.ncbi.nlm.nih.gov:80/entrez/query.fcgi?cmd=Retrieve&db=PubMed&list_uids=8935801&dopt=Abstract#http://www.ncbi.nlm.nih.gov:80/entrez/query.fcgi?cmd=Retrieve&db=PubMed&list_uids=8935801&dopt=Abstract#,org-5222
11326,5-HT1B,HTR1B,1996,Ziprasidone,C1CN(CCN1CCC2=C(C=C3C(=C2)CC(=O)N3)Cl)C4=NSC5=CC=CC=C54,60854,,3H-Alniditan,HUMAN,CLONED,,0.99,"Schotte A, et al.,  1996",http://www.ncbi.nlm.nih.gov:80/entrez/query.fcgi?cmd=Retrieve&db=PubMed&list_uids=8935801&dopt=Abstract#http://www.ncbi.nlm.nih.gov:80/entrez/query.fcgi?cmd=Retrieve&db=PubMed&list_uids=8935801&dopt=Abstract#,ziprasidone
11327,5-HT1D,HTR1D,1599,RISPERIDONE,CC1=C(C(=O)N2CCCCC2=N1)CCN3CCC(CC3)C4=NOC5=C4C=CC(=C5)F,106266-06-2,,3H-Alniditan,HUMAN,CLONED,,140.0,"Schotte A, et al.,  1996",http://www.ncbi.nlm.nih.gov:80/entrez/query.fcgi?cmd=Retrieve&db=PubMed&list_uids=8935801&dopt=Abstract#http://www.ncbi.nlm.nih.gov:80/entrez/query.fcgi?cmd=Retrieve&db=PubMed&list_uids=8935801&dopt=Abstract#,risperidone
11328,5-HT1D,HTR1D,1600,9-OH-risperidone,CC1=C(C(=O)N2CCCC(C2=N1)O)CCN3CCC(CC3)C4=NOC5=C4C=CC(=C5)F,115237,,3H-Alniditan,HUMAN,CLONED,,170.0,"Schotte A, et al.,  1996",http://www.ncbi.nlm.nih.gov:80/entrez/query.fcgi?cmd=Retrieve&db=PubMed&list_uids=8935801&dopt=Abstract#http://www.ncbi.nlm.nih.gov:80/entrez/query.fcgi?cmd=Retrieve&db=PubMed&list_uids=8935801&dopt=Abstract#,9-oh-risperidone
11336,5-HT1D,HTR1D,1422,ORG-5222,CN1CC2C(C1)C3=C(C=CC(=C3)Cl)OC4=CC=CC=C24,163091,,3H-Alniditan,HUMAN,CLONED,,7.3,"Schotte A, et al.,  1996",http://www.ncbi.nlm.nih.gov:80/entrez/query.fcgi?cmd=Retrieve&db=PubMed&list_uids=8935801&dopt=Abstract#http://www.ncbi.nlm.nih.gov:80/entrez/query.fcgi?cmd=Retrieve&db=PubMed&list_uids=8935801&dopt=Abstract#,org-5222
11338,5-HT1D,HTR1D,1996,Ziprasidone,C1CN(CCN1CCC2=C(C=C3C(=C2)CC(=O)N3)Cl)C4=NSC5=CC=CC=C54,60854,,3H-Alniditan,HUMAN,CLONED,,5.1,"Schotte A, et al.,  1996",http://www.ncbi.nlm.nih.gov:80/entrez/query.fcgi?cmd=Retrieve&db=PubMed&list_uids=8935801&dopt=Abstract#http://www.ncbi.nlm.nih.gov:80/entrez/query.fcgi?cmd=Retrieve&db=PubMed&list_uids=8935801&dopt=Abstract#,ziprasidone
11339,5-HT1E,HTR1E,1599,RISPERIDONE,CC1=C(C(=O)N2CCCCC2=N1)CCN3CCC(CC3)C4=NOC5=C4C=CC(=C5)F,106266-06-2,,3H-5HT,HUMAN,CLONED,,1320.0,"Schotte A, et al.,  1996",http://www.ncbi.nlm.nih.gov:80/entrez/query.fcgi?cmd=Retrieve&db=PubMed&list_uids=8935801&dopt=Abstract#http://www.ncbi.nlm.nih.gov:80/entrez/query.fcgi?cmd=Retrieve&db=PubMed&list_uids=8935801&dopt=Abstract#,risperidone
11340,5-HT1E,HTR1E,1600,9-OH-risperidone,CC1=C(C(=O)N2CCCC(C2=N1)O)CCN3CCC(CC3)C4=NOC5=C4C=CC(=C5)F,115237,,3H-5HT,HUMAN,CLONED,,1020.0,"Schotte A, et al.,  1996",http://www.ncbi.nlm.nih.gov:80/entrez/query.fcgi?cmd=Retrieve&db=PubMed&list_uids=8935801&dopt=Abstract#http://www.ncbi.nlm.nih.gov:80/entrez/query.fcgi?cmd=Retrieve&db=PubMed&list_uids=8935801&dopt=Abstract#,9-oh-risperidone
11348,5-HT1E,HTR1E,1422,ORG-5222,CN1CC2C(C1)C3=C(C=CC(=C3)Cl)OC4=CC=CC=C24,163091,,3H-5HT,HUMAN,CLONED,,11.0,"Schotte A, et al.,  1996",http://www.ncbi.nlm.nih.gov:80/entrez/query.fcgi?cmd=Retrieve&db=PubMed&list_uids=8935801&dopt=Abstract#http://www.ncbi.nlm.nih.gov:80/entrez/query.fcgi?cmd=Retrieve&db=PubMed&list_uids=8935801&dopt=Abstract#,org-5222
11350,5-HT1E,HTR1E,1996,Ziprasidone,C1CN(CCN1CCC2=C(C=C3C(=C2)CC(=O)N3)Cl)C4=NSC5=CC=CC=C54,60854,,3H-5HT,HUMAN,CLONED,,360.0,"Schotte A, et al.,  1996",http://www.ncbi.nlm.nih.gov:80/entrez/query.fcgi?cmd=Retrieve&db=PubMed&list_uids=8935801&dopt=Abstract#http://www.ncbi.nlm.nih.gov:80/entrez/query.fcgi?cmd=Retrieve&db=PubMed&list_uids=8935801&dopt=Abstract#,ziprasidone
11351,5-HT1F,HTR1F,1599,RISPERIDONE,CC1=C(C(=O)N2CCCCC2=N1)CCN3CCC(CC3)C4=NOC5=C4C=CC(=C5)F,106266-06-2,,3H-5HT,HUMAN,CLONED,,1240.0,"Schotte A, et al.,  1996",http://www.ncbi.nlm.nih.gov:80/entrez/query.fcgi?cmd=Retrieve&db=PubMed&list_uids=8935801&dopt=Abstract#http://www.ncbi.nlm.nih.gov:80/entrez/query.fcgi?cmd=Retrieve&db=PubMed&list_uids=8935801&dopt=Abstract#,risperidone
11358,5-HT2A,HTR2A,1599,RISPERIDONE,CC1=C(C(=O)N2CCCCC2=N1)CCN3CCC(CC3)C4=NOC5=C4C=CC(=C5)F,106266-06-2,,125I-R091150,HUMAN,CLONED,,0.52,"Schotte A, et al.,  1996",http://www.ncbi.nlm.nih.gov:80/entrez/query.fcgi?cmd=Retrieve&db=PubMed&list_uids=8935801&dopt=Abstract#http://www.ncbi.nlm.nih.gov:80/entrez/query.fcgi?cmd=Retrieve&db=PubMed&list_uids=8935801&dopt=Abstract#,risperidone
11359,5-HT2A,HTR2A,1600,9-OH-risperidone,CC1=C(C(=O)N2CCCC(C2=N1)O)CCN3CCC(CC3)C4=NOC5=C4C=CC(=C5)F,115237,,125I-R091150,HUMAN,CLONED,,1.0,"Schotte A, et al.,  1996",http://www.ncbi.nlm.nih.gov:80/entrez/query.fcgi?cmd=Retrieve&db=PubMed&list_uids=8935801&dopt=Abstract#http://www.ncbi.nlm.nih.gov:80/entrez/query.fcgi?cmd=Retrieve&db=PubMed&list_uids=8935801&dopt=Abstract#,9-oh-risperidone
11367,5-HT2A,HTR2A,1422,ORG-5222,CN1CC2C(C1)C3=C(C=CC(=C3)Cl)OC4=CC=CC=C24,163091,,125I-R091150,HUMAN,CLONED,,0.26,"Schotte A, et al.,  1996",http://www.ncbi.nlm.nih.gov:80/entrez/query.fcgi?cmd=Retrieve&db=PubMed&list_uids=8935801&dopt=Abstract#http://www.ncbi.nlm.nih.gov:80/entrez/query.fcgi?cmd=Retrieve&db=PubMed&list_uids=8935801&dopt=Abstract#,org-5222
11369,5-HT2A,HTR2A,1996,Ziprasidone,C1CN(CCN1CCC2=C(C=C3C(=C2)CC(=O)N3)Cl)C4=NSC5=CC=CC=C54,60854,,125I-R091150,HUMAN,CLONED,,1.4,"Schotte A, et al.,  1996",http://www.ncbi.nlm.nih.gov:80/entrez/query.fcgi?cmd=Retrieve&db=PubMed&list_uids=8935801&dopt=Abstract#http://www.ncbi.nlm.nih.gov:80/entrez/query.fcgi?cmd=Retrieve&db=PubMed&list_uids=8935801&dopt=Abstract#,ziprasidone
11491,5-HT1B,HTR1B,150,5-Hydroxy Tryptamine,C1=CC2=C(C=C1O)C(=CN2)CCN,50-67-9,58241.0,3H-5HT,RAT,STRIATUM,,2.6,"Schotte A, et al.,  1996",http://www.ncbi.nlm.nih.gov:80/entrez/query.fcgi?cmd=Retrieve&db=PubMed&list_uids=8935801&dopt=Abstract#http://www.ncbi.nlm.nih.gov:80/entrez/query.fcgi?cmd=Retrieve&db=PubMed&list_uids=8935801&dopt=Abstract#,5-hydroxy tryptamine
11494,5-HT1E,HTR1E,150,5-Hydroxy Tryptamine,C1=CC2=C(C=C1O)C(=CN2)CCN,50-67-9,58241.0,3H-5HT,HUMAN,CLONED,,2.3,"Schotte A, et al.,  1996",http://www.ncbi.nlm.nih.gov:80/entrez/query.fcgi?cmd=Retrieve&db=PubMed&list_uids=8935801&dopt=Abstract#http://www.ncbi.nlm.nih.gov:80/entrez/query.fcgi?cmd=Retrieve&db=PubMed&list_uids=8935801&dopt=Abstract#,5-hydroxy tryptamine
11495,5-HT1F,HTR1F,150,5-Hydroxy Tryptamine,C1=CC2=C(C=C1O)C(=CN2)CCN,50-67-9,58241.0,3H-5HT,HUMAN,CLONED,,10.0,"Schotte A, et al.,  1996",http://www.ncbi.nlm.nih.gov:80/entrez/query.fcgi?cmd=Retrieve&db=PubMed&list_uids=8935801&dopt=Abstract#http://www.ncbi.nlm.nih.gov:80/entrez/query.fcgi?cmd=Retrieve&db=PubMed&list_uids=8935801&dopt=Abstract#,5-hydroxy tryptamine
11618,5-HT1A,HTR1A,805,Etoperidone,CCC1=NN(C(=O)N1CC)CCCN2CCN(CC2)C3=CC(=CC=C3)Cl,52942-31-1,,3H-8-OH-DPAT,HUMAN,BRAIN,,85.0,"Cusack, B et al., 1993",http://www.ncbi.nlm.nih.gov:80/entrez/query.fcgi?cmd=Retrieve&db=PubMed&list_uids=7855217&dopt=Abstract#http://www.ncbi.nlm.nih.gov:80/entrez/query.fcgi?cmd=Retrieve&db=PubMed&list_uids=7855217&dopt=Abstract#,etoperidone
11623,5-HT1A,HTR1A,1303,Nefazodone,CCC1=NN(C(=O)N1CCOC2=CC=CC=C2)CCCN3CCN(CC3)C4=CC(=CC=C4)Cl,83366-66-9,,3H-8-OH-DPAT,HUMAN,BRAIN,,80.0,"Cusack, B et al., 1993",http://www.ncbi.nlm.nih.gov:80/entrez/query.fcgi?cmd=Retrieve&db=PubMed&list_uids=7855217&dopt=Abstract#http://www.ncbi.nlm.nih.gov:80/entrez/query.fcgi?cmd=Retrieve&db=PubMed&list_uids=7855217&dopt=Abstract#,nefazodone
11629,5-HT1A,HTR1A,1905,TRAZODONE,C1CN(CCN1CCCN2C(=O)N3C=CC=CC3=N2)C4=CC(=CC=C4)Cl,19794-93-5,,3H-8-OH-DPAT,HUMAN,BRAIN,,96.0,"Cusack, B et al., 1993",http://www.ncbi.nlm.nih.gov:80/entrez/query.fcgi?cmd=Retrieve&db=PubMed&list_uids=7855217&dopt=Abstract#http://www.ncbi.nlm.nih.gov:80/entrez/query.fcgi?cmd=Retrieve&db=PubMed&list_uids=7855217&dopt=Abstract#,trazodone
11672,5-HT1A,HTR1A,150,5-Hydroxy Tryptamine,C1=CC2=C(C=C1O)C(=CN2)CCN,50-67-9,58241.0,3H-8-OH-DPAT,HUMAN,BRAIN,,0.72,"Cusack, B et al., 1993",http://www.ncbi.nlm.nih.gov:80/entrez/query.fcgi?cmd=Retrieve&db=PubMed&list_uids=7855217&dopt=Abstract#http://www.ncbi.nlm.nih.gov:80/entrez/query.fcgi?cmd=Retrieve&db=PubMed&list_uids=7855217&dopt=Abstract#,5-hydroxy tryptamine
11864,5-HT1B,HTR1B,150,5-Hydroxy Tryptamine,C1=CC2=C(C=C1O)C(=CN2)CCN,50-67-9,58241.0,3H-5CT,GUINEA PIG,STRIATUM,,2.51,"Millan MJ, et al., 2000",http://www.ncbi.nlm.nih.gov:80/entrez/query.fcgi?cmd=Retrieve&db=PubMed&list_uids=10611634&dopt=Abstract#http://www.ncbi.nlm.nih.gov:80/entrez/query.fcgi?cmd=Retrieve&db=PubMed&list_uids=10611634&dopt=Abstract#,5-hydroxy tryptamine
11942,5-HT1B,HTR1B,150,5-Hydroxy Tryptamine,C1=CC2=C(C=C1O)C(=CN2)CCN,50-67-9,58241.0,35S-GTPGammaS,HUMAN,CLONED,,7.94,"Price GW, et al., 1997",http://www.ncbi.nlm.nih.gov:80/entrez/query.fcgi?cmd=Retrieve&db=PubMed&list_uids=9303567&dopt=Abstract#http://www.ncbi.nlm.nih.gov:80/entrez/query.fcgi?cmd=Retrieve&db=PubMed&list_uids=9303567&dopt=Abstract#,5-hydroxy tryptamine
11946,5-HT1D,HTR1D,150,5-Hydroxy Tryptamine,C1=CC2=C(C=C1O)C(=CN2)CCN,50-67-9,58241.0,35S-GTPGammaS,HUMAN,CLONED,,3.98,"Price GW, et al., 1997",http://www.ncbi.nlm.nih.gov:80/entrez/query.fcgi?cmd=Retrieve&db=PubMed&list_uids=9303567&dopt=Abstract#http://www.ncbi.nlm.nih.gov:80/entrez/query.fcgi?cmd=Retrieve&db=PubMed&list_uids=9303567&dopt=Abstract#,5-hydroxy tryptamine
12070,5-HT1D,HTR1D,150,5-Hydroxy Tryptamine,C1=CC2=C(C=C1O)C(=CN2)CCN,50-67-9,58241.0,3H-GR-125743,HUMAN,CLONED,,3.4,"Domenech T, et al., 1997",http://www.ncbi.nlm.nih.gov:80/entrez/query.fcgi?cmd=Retrieve&db=PubMed&list_uids=9303569&dopt=Abstract#http://www.ncbi.nlm.nih.gov:80/entrez/query.fcgi?cmd=Retrieve&db=PubMed&list_uids=9303569&dopt=Abstract#,5-hydroxy tryptamine
12073,5-HT1D,HTR1D,172,5-Methoxytryptamine,COC1=CC2=C(C=C1)NC=C2CCN,608-07-1,56422.0,3H-GR-125743,HUMAN,CLONED,,1.7,"Domenech T, et al., 1997",http://www.ncbi.nlm.nih.gov:80/entrez/query.fcgi?cmd=Retrieve&db=PubMed&list_uids=9303569&dopt=Abstract#http://www.ncbi.nlm.nih.gov:80/entrez/query.fcgi?cmd=Retrieve&db=PubMed&list_uids=9303569&dopt=Abstract#,5-methoxytryptamine
12082,5-HT1B,HTR1B,150,5-Hydroxy Tryptamine,C1=CC2=C(C=C1O)C(=CN2)CCN,50-67-9,58241.0,3H-GR-125743,HUMAN,CLONED,,38.0,"Domenech T, et al., 1997",http://www.ncbi.nlm.nih.gov:80/entrez/query.fcgi?cmd=Retrieve&db=PubMed&list_uids=9303569&dopt=Abstract#http://www.ncbi.nlm.nih.gov:80/entrez/query.fcgi?cmd=Retrieve&db=PubMed&list_uids=9303569&dopt=Abstract#,5-hydroxy tryptamine
12085,5-HT1B,HTR1B,172,5-Methoxytryptamine,COC1=CC2=C(C=C1)NC=C2CCN,608-07-1,56422.0,3H-GR-125743,HUMAN,CLONED,,38.0,"Domenech T, et al., 1997",http://www.ncbi.nlm.nih.gov:80/entrez/query.fcgi?cmd=Retrieve&db=PubMed&list_uids=9303569&dopt=Abstract#http://www.ncbi.nlm.nih.gov:80/entrez/query.fcgi?cmd=Retrieve&db=PubMed&list_uids=9303569&dopt=Abstract#,5-methoxytryptamine
12094,5-HT1B,HTR1B,150,5-Hydroxy Tryptamine,C1=CC2=C(C=C1O)C(=CN2)CCN,50-67-9,58241.0,3H-GR-125743,HUMAN,S. Nigra,,9.0,"Domenech T, et al., 1997",http://www.ncbi.nlm.nih.gov:80/entrez/query.fcgi?cmd=Retrieve&db=PubMed&list_uids=9303569&dopt=Abstract#http://www.ncbi.nlm.nih.gov:80/entrez/query.fcgi?cmd=Retrieve&db=PubMed&list_uids=9303569&dopt=Abstract#,5-hydroxy tryptamine
12097,5-HT1B,HTR1B,172,5-Methoxytryptamine,COC1=CC2=C(C=C1)NC=C2CCN,608-07-1,56422.0,3H-GR-125743,HUMAN,S. Nigra,,35.0,"Domenech T, et al., 1997",http://www.ncbi.nlm.nih.gov:80/entrez/query.fcgi?cmd=Retrieve&db=PubMed&list_uids=9303569&dopt=Abstract#http://www.ncbi.nlm.nih.gov:80/entrez/query.fcgi?cmd=Retrieve&db=PubMed&list_uids=9303569&dopt=Abstract#,5-methoxytryptamine
12258,5-HT1B,HTR1B,150,5-Hydroxy Tryptamine,C1=CC2=C(C=C1O)C(=CN2)CCN,50-67-9,58241.0,35S-GTPGammaS,HUMAN,CLONED,,4.07,"Selkirk JV, et al., 1998",http://www.ncbi.nlm.nih.gov:80/entrez/query.fcgi?cmd=Retrieve&db=PubMed&list_uids=9776361&dopt=Abstract#http://www.ncbi.nlm.nih.gov:80/entrez/query.fcgi?cmd=Retrieve&db=PubMed&list_uids=9776361&dopt=Abstract#,5-hydroxy tryptamine
12261,5-HT1D,HTR1D,150,5-Hydroxy Tryptamine,C1=CC2=C(C=C1O)C(=CN2)CCN,50-67-9,58241.0,35S-GTPGammaS,HUMAN,CLONED,,3.38,"Selkirk JV, et al., 1998",http://www.ncbi.nlm.nih.gov:80/entrez/query.fcgi?cmd=Retrieve&db=PubMed&list_uids=9776361&dopt=Abstract#http://www.ncbi.nlm.nih.gov:80/entrez/query.fcgi?cmd=Retrieve&db=PubMed&list_uids=9776361&dopt=Abstract#,5-hydroxy tryptamine
12595,5-HT1B,HTR1B,172,5-Methoxytryptamine,COC1=CC2=C(C=C1)NC=C2CCN,608-07-1,56422.0,125I-ICYP,RAT,Spinal cord,,4.0,"Matsumoto I, et al., 1992",http://www.ncbi.nlm.nih.gov:80/entrez/query.fcgi?cmd=Retrieve&db=PubMed&list_uids=1738111&dopt=Abstract#http://www.ncbi.nlm.nih.gov:80/entrez/query.fcgi?cmd=Retrieve&db=PubMed&list_uids=1738111&dopt=Abstract#,5-methoxytryptamine
12596,5-HT1B,HTR1B,150,5-Hydroxy Tryptamine,C1=CC2=C(C=C1O)C(=CN2)CCN,50-67-9,58241.0,125I-ICYP,RAT,Spinal cord,,14.0,"Matsumoto I, et al., 1992",http://www.ncbi.nlm.nih.gov:80/entrez/query.fcgi?cmd=Retrieve&db=PubMed&list_uids=1738111&dopt=Abstract#http://www.ncbi.nlm.nih.gov:80/entrez/query.fcgi?cmd=Retrieve&db=PubMed&list_uids=1738111&dopt=Abstract#,5-hydroxy tryptamine
14109,5-HT2A,HTR2A,1905,TRAZODONE,C1CN(CCN1CCCN2C(=O)N3C=CC=CC3=N2)C4=CC(=CC=C4)Cl,19794-93-5,,3H-KETANSERIN,RAT,CLONED,,19.8,"Rothman RB, et al, 2000",http://www.ncbi.nlm.nih.gov:80/entrez/query.fcgi?cmd=Retrieve&db=PubMed&list_uids=11104741&dopt=Abstract#http://www.ncbi.nlm.nih.gov:80/entrez/query.fcgi?cmd=Retrieve&db=PubMed&list_uids=11104741&dopt=Abstract#,trazodone
14111,5-HT2A,HTR2A,150,5-Hydroxy Tryptamine,C1=CC2=C(C=C1O)C(=CN2)CCN,50-67-9,58241.0,3H-KETANSERIN,RAT,CLONED,,614.0,"Rothman RB, et al, 2000",http://www.ncbi.nlm.nih.gov:80/entrez/query.fcgi?cmd=Retrieve&db=PubMed&list_uids=11104741&dopt=Abstract#http://www.ncbi.nlm.nih.gov:80/entrez/query.fcgi?cmd=Retrieve&db=PubMed&list_uids=11104741&dopt=Abstract#,5-hydroxy tryptamine
14124,5-HT2B,HTR2B,1905,TRAZODONE,C1CN(CCN1CCCN2C(=O)N3C=CC=CC3=N2)C4=CC(=CC=C4)Cl,19794-93-5,,3H-5HT,HUMAN,CLONED,,73.6,"Rothman RB, et al, 2000",http://www.ncbi.nlm.nih.gov:80/entrez/query.fcgi?cmd=Retrieve&db=PubMed&list_uids=11104741&dopt=Abstract#http://www.ncbi.nlm.nih.gov:80/entrez/query.fcgi?cmd=Retrieve&db=PubMed&list_uids=11104741&dopt=Abstract#,trazodone
14126,5-HT2B,HTR2B,150,5-Hydroxy Tryptamine,C1=CC2=C(C=C1O)C(=CN2)CCN,50-67-9,58241.0,3H-5HT,HUMAN,CLONED,,4.0,"Rothman RB, et al, 2000",http://www.ncbi.nlm.nih.gov:80/entrez/query.fcgi?cmd=Retrieve&db=PubMed&list_uids=11104741&dopt=Abstract#http://www.ncbi.nlm.nih.gov:80/entrez/query.fcgi?cmd=Retrieve&db=PubMed&list_uids=11104741&dopt=Abstract#,5-hydroxy tryptamine
14139,5-HT2C,HTR2C,1905,TRAZODONE,C1CN(CCN1CCCN2C(=O)N3C=CC=CC3=N2)C4=CC(=CC=C4)Cl,19794-93-5,,3H-MESULERGINE,RAT,CLONED,,402.0,"Rothman RB, et al, 2000",http://www.ncbi.nlm.nih.gov:80/entrez/query.fcgi?cmd=Retrieve&db=PubMed&list_uids=11104741&dopt=Abstract#http://www.ncbi.nlm.nih.gov:80/entrez/query.fcgi?cmd=Retrieve&db=PubMed&list_uids=11104741&dopt=Abstract#,trazodone
14141,5-HT2C,HTR2C,150,5-Hydroxy Tryptamine,C1=CC2=C(C=C1O)C(=CN2)CCN,50-67-9,58241.0,3H-MESULERGINE,RAT,CLONED,,12.2,"Rothman RB, et al, 2000",http://www.ncbi.nlm.nih.gov:80/entrez/query.fcgi?cmd=Retrieve&db=PubMed&list_uids=11104741&dopt=Abstract#http://www.ncbi.nlm.nih.gov:80/entrez/query.fcgi?cmd=Retrieve&db=PubMed&list_uids=11104741&dopt=Abstract#,5-hydroxy tryptamine
14875,5-HT1A,HTR1A,1599,RISPERIDONE,CC1=C(C(=O)N2CCCCC2=N1)CCN3CCC(CC3)C4=NOC5=C4C=CC(=C5)F,106266-06-2,,UNDEFINED,RAT,CLONED,,21.0,Arnt J and Skarsfeldt T,http://www.ncbi.nlm.nih.gov:80/entrez/query.fcgi?cmd=Retrieve&db=PubMed&list_uids=9430133&dopt=Abstract#http://www.ncbi.nlm.nih.gov:80/entrez/query.fcgi?cmd=Retrieve&db=PubMed&list_uids=9430133&dopt=Abstract#,risperidone
14877,5-HT1A,HTR1A,1996,Ziprasidone,C1CN(CCN1CCC2=C(C=C3C(=C2)CC(=O)N3)Cl)C4=NSC5=CC=CC=C54,60854,,UNDEFINED,RAT,CLONED,,37.0,Arnt J and Skarsfeldt T,http://www.ncbi.nlm.nih.gov:80/entrez/query.fcgi?cmd=Retrieve&db=PubMed&list_uids=9430133&dopt=Abstract#http://www.ncbi.nlm.nih.gov:80/entrez/query.fcgi?cmd=Retrieve&db=PubMed&list_uids=9430133&dopt=Abstract#,ziprasidone
14884,5-HT2A,HTR2A,1599,RISPERIDONE,CC1=C(C(=O)N2CCCCC2=N1)CCN3CCC(CC3)C4=NOC5=C4C=CC(=C5)F,106266-06-2,,UNDEFINED,RAT,CLONED,,0.39,Arnt J and Skarsfeldt T,http://www.ncbi.nlm.nih.gov:80/entrez/query.fcgi?cmd=Retrieve&db=PubMed&list_uids=9430133&dopt=Abstract#http://www.ncbi.nlm.nih.gov:80/entrez/query.fcgi?cmd=Retrieve&db=PubMed&list_uids=9430133&dopt=Abstract#,risperidone
14886,5-HT2A,HTR2A,1996,Ziprasidone,C1CN(CCN1CCC2=C(C=C3C(=C2)CC(=O)N3)Cl)C4=NSC5=CC=CC=C54,60854,,UNDEFINED,RAT,CLONED,,0.25,Arnt J and Skarsfeldt T,http://www.ncbi.nlm.nih.gov:80/entrez/query.fcgi?cmd=Retrieve&db=PubMed&list_uids=9430133&dopt=Abstract#http://www.ncbi.nlm.nih.gov:80/entrez/query.fcgi?cmd=Retrieve&db=PubMed&list_uids=9430133&dopt=Abstract#,ziprasidone
14893,5-HT2C,HTR2C,1599,RISPERIDONE,CC1=C(C(=O)N2CCCCC2=N1)CCN3CCC(CC3)C4=NOC5=C4C=CC(=C5)F,106266-06-2,,UNDEFINED,RAT,CLONED,,6.4,Arnt J and Skarsfeldt T,http://www.ncbi.nlm.nih.gov:80/entrez/query.fcgi?cmd=Retrieve&db=PubMed&list_uids=9430133&dopt=Abstract#http://www.ncbi.nlm.nih.gov:80/entrez/query.fcgi?cmd=Retrieve&db=PubMed&list_uids=9430133&dopt=Abstract#,risperidone
14895,5-HT2C,HTR2C,1996,Ziprasidone,C1CN(CCN1CCC2=C(C=C3C(=C2)CC(=O)N3)Cl)C4=NSC5=CC=CC=C54,60854,,UNDEFINED,RAT,CLONED,,0.55,Arnt J and Skarsfeldt T,http://www.ncbi.nlm.nih.gov:80/entrez/query.fcgi?cmd=Retrieve&db=PubMed&list_uids=9430133&dopt=Abstract#http://www.ncbi.nlm.nih.gov:80/entrez/query.fcgi?cmd=Retrieve&db=PubMed&list_uids=9430133&dopt=Abstract#,ziprasidone
14991,5-HT2A,HTR2A,1599,RISPERIDONE,CC1=C(C(=O)N2CCCCC2=N1)CCN3CCC(CC3)C4=NOC5=C4C=CC(=C5)F,106266-06-2,,3H-Risperidone,RAT,FR. CORTEX,,0.16,Arnt J and Skarsfeldt T,http://www.ncbi.nlm.nih.gov:80/entrez/query.fcgi?cmd=Retrieve&db=PubMed&list_uids=9430133&dopt=Abstract#http://www.ncbi.nlm.nih.gov:80/entrez/query.fcgi?cmd=Retrieve&db=PubMed&list_uids=9430133&dopt=Abstract#,risperidone
14993,5-HT2A,HTR2A,1996,Ziprasidone,C1CN(CCN1CCC2=C(C=C3C(=C2)CC(=O)N3)Cl)C4=NSC5=CC=CC=C54,60854,,3H-Risperidone,RAT,FR. CORTEX,,0.31,Arnt J and Skarsfeldt T,http://www.ncbi.nlm.nih.gov:80/entrez/query.fcgi?cmd=Retrieve&db=PubMed&list_uids=9430133&dopt=Abstract#http://www.ncbi.nlm.nih.gov:80/entrez/query.fcgi?cmd=Retrieve&db=PubMed&list_uids=9430133&dopt=Abstract#,ziprasidone
14997,5-HT6,HTR6,1599,RISPERIDONE,CC1=C(C(=O)N2CCCCC2=N1)CCN3CCC(CC3)C4=NOC5=C4C=CC(=C5)F,106266-06-2,,3H-Risperidone,RAT,CLONED,,420.0,Arnt J and Skarsfeldt T,http://www.ncbi.nlm.nih.gov:80/entrez/query.fcgi?cmd=Retrieve&db=PubMed&list_uids=9430133&dopt=Abstract#http://www.ncbi.nlm.nih.gov:80/entrez/query.fcgi?cmd=Retrieve&db=PubMed&list_uids=9430133&dopt=Abstract#,risperidone
15002,5-HT7,HTR7,1599,RISPERIDONE,CC1=C(C(=O)N2CCCCC2=N1)CCN3CCC(CC3)C4=NOC5=C4C=CC(=C5)F,106266-06-2,,3H-5HT,MOUSE,CLONED,,1.6,Arnt J and Skarsfeldt T,http://www.ncbi.nlm.nih.gov:80/entrez/query.fcgi?cmd=Retrieve&db=PubMed&list_uids=9430133&dopt=Abstract#http://www.ncbi.nlm.nih.gov:80/entrez/query.fcgi?cmd=Retrieve&db=PubMed&list_uids=9430133&dopt=Abstract#,risperidone
15004,5-HT7,HTR7,1996,Ziprasidone,C1CN(CCN1CCC2=C(C=C3C(=C2)CC(=O)N3)Cl)C4=NSC5=CC=CC=C54,60854,,3H-5HT,MOUSE,CLONED,,4.9,Arnt J and Skarsfeldt T,http://www.ncbi.nlm.nih.gov:80/entrez/query.fcgi?cmd=Retrieve&db=PubMed&list_uids=9430133&dopt=Abstract#http://www.ncbi.nlm.nih.gov:80/entrez/query.fcgi?cmd=Retrieve&db=PubMed&list_uids=9430133&dopt=Abstract#,ziprasidone
15009,5-HT6,HTR6,1599,RISPERIDONE,CC1=C(C(=O)N2CCCCC2=N1)CCN3CCC(CC3)C4=NOC5=C4C=CC(=C5)F,106266-06-2,,3H-LSD,RAT,CLONED,,430.0,Arnt J and Skarsfeldt T,http://www.ncbi.nlm.nih.gov:80/entrez/query.fcgi?cmd=Retrieve&db=PubMed&list_uids=9430133&dopt=Abstract#http://www.ncbi.nlm.nih.gov:80/entrez/query.fcgi?cmd=Retrieve&db=PubMed&list_uids=9430133&dopt=Abstract#,risperidone
15016,5-HT7,HTR7,1599,RISPERIDONE,CC1=C(C(=O)N2CCCCC2=N1)CCN3CCC(CC3)C4=NOC5=C4C=CC(=C5)F,106266-06-2,,3H-LSD,RAT,CLONED,,1.4,Arnt J and Skarsfeldt T,http://www.ncbi.nlm.nih.gov:80/entrez/query.fcgi?cmd=Retrieve&db=PubMed&list_uids=9430133&dopt=Abstract#http://www.ncbi.nlm.nih.gov:80/entrez/query.fcgi?cmd=Retrieve&db=PubMed&list_uids=9430133&dopt=Abstract#,risperidone
15022,5-HT6,HTR6,1599,RISPERIDONE,CC1=C(C(=O)N2CCCCC2=N1)CCN3CCC(CC3)C4=NOC5=C4C=CC(=C5)F,106266-06-2,,3H-LSD,HUMAN,CLONED,,2400.0,Arnt J and Skarsfeldt T,http://www.ncbi.nlm.nih.gov:80/entrez/query.fcgi?cmd=Retrieve&db=PubMed&list_uids=9430133&dopt=Abstract#http://www.ncbi.nlm.nih.gov:80/entrez/query.fcgi?cmd=Retrieve&db=PubMed&list_uids=9430133&dopt=Abstract#,risperidone
15033,5-HT1A,HTR1A,150,5-Hydroxy Tryptamine,C1=CC2=C(C=C1O)C(=CN2)CCN,50-67-9,58241.0,3H-5HT,HUMAN,CLONED,,166.0,"Gettys TW, et al., 1994",http://www.ncbi.nlm.nih.gov:80/entrez/query.fcgi?cmd=Retrieve&db=PubMed&list_uids=8155646&dopt=Abstract#http://www.ncbi.nlm.nih.gov:80/entrez/query.fcgi?cmd=Retrieve&db=PubMed&list_uids=8155646&dopt=Abstract#,5-hydroxy tryptamine
15234,5-HT1A,HTR1A,150,5-Hydroxy Tryptamine,C1=CC2=C(C=C1O)C(=CN2)CCN,50-67-9,58241.0,3H-8-OH-DPAT,HUMAN,CLONED,,0.26,"BOESS FG, ET AL., 1994",http://www.ncbi.nlm.nih.gov:80/entrez/query.fcgi?cmd=Retrieve&db=PubMed&list_uids=7984267&dopt=Abstract#http://www.ncbi.nlm.nih.gov:80/entrez/query.fcgi?cmd=Retrieve&db=PubMed&list_uids=7984267&dopt=Abstract#,5-hydroxy tryptamine
15240,5-HT1A,HTR1A,150,5-Hydroxy Tryptamine,C1=CC2=C(C=C1O)C(=CN2)CCN,50-67-9,58241.0,3H-8-OH-DPAT,HUMAN,CLONED,,1.25,"BOESS FG, ET AL., 1994",http://www.ncbi.nlm.nih.gov:80/entrez/query.fcgi?cmd=Retrieve&db=PubMed&list_uids=7984267&dopt=Abstract#http://www.ncbi.nlm.nih.gov:80/entrez/query.fcgi?cmd=Retrieve&db=PubMed&list_uids=7984267&dopt=Abstract#,5-hydroxy tryptamine
15250,5-HT1A,HTR1A,150,5-Hydroxy Tryptamine,C1=CC2=C(C=C1O)C(=CN2)CCN,50-67-9,58241.0,3H-8-OH-DPAT,HUMAN,CLONED,,12.58,"BOESS FG, ET AL., 1994",http://www.ncbi.nlm.nih.gov:80/entrez/query.fcgi?cmd=Retrieve&db=PubMed&list_uids=7984267&dopt=Abstract#http://www.ncbi.nlm.nih.gov:80/entrez/query.fcgi?cmd=Retrieve&db=PubMed&list_uids=7984267&dopt=Abstract#,5-hydroxy tryptamine
15259,5-HT1A,HTR1A,150,5-Hydroxy Tryptamine,C1=CC2=C(C=C1O)C(=CN2)CCN,50-67-9,58241.0,3H-8-OH-DPAT,HUMAN,CLONED,,0.79,"BOESS FG, ET AL., 1994",http://www.ncbi.nlm.nih.gov:80/entrez/query.fcgi?cmd=Retrieve&db=PubMed&list_uids=7984267&dopt=Abstract#http://www.ncbi.nlm.nih.gov:80/entrez/query.fcgi?cmd=Retrieve&db=PubMed&list_uids=7984267&dopt=Abstract#,5-hydroxy tryptamine
15267,5-HT1A,HTR1A,150,5-Hydroxy Tryptamine,C1=CC2=C(C=C1O)C(=CN2)CCN,50-67-9,58241.0,3H-8-OH-DPAT,HUMAN,CLONED,,3.98,"BOESS FG, ET AL., 1994",http://www.ncbi.nlm.nih.gov:80/entrez/query.fcgi?cmd=Retrieve&db=PubMed&list_uids=7984267&dopt=Abstract#http://www.ncbi.nlm.nih.gov:80/entrez/query.fcgi?cmd=Retrieve&db=PubMed&list_uids=7984267&dopt=Abstract#,5-hydroxy tryptamine
15276,5-HT1A,HTR1A,150,5-Hydroxy Tryptamine,C1=CC2=C(C=C1O)C(=CN2)CCN,50-67-9,58241.0,3H-cAMP,HUMAN,CLONED,,3.98,"BOESS FG, ET AL., 1994",http://www.ncbi.nlm.nih.gov:80/entrez/query.fcgi?cmd=Retrieve&db=PubMed&list_uids=7984267&dopt=Abstract#http://www.ncbi.nlm.nih.gov:80/entrez/query.fcgi?cmd=Retrieve&db=PubMed&list_uids=7984267&dopt=Abstract#,5-hydroxy tryptamine
15290,5-HT1A,HTR1A,150,5-Hydroxy Tryptamine,C1=CC2=C(C=C1O)C(=CN2)CCN,50-67-9,58241.0,3H-SPIPERONE,HUMAN,CLONED,,102.32,"BOESS FG, ET AL., 1994",http://www.ncbi.nlm.nih.gov:80/entrez/query.fcgi?cmd=Retrieve&db=PubMed&list_uids=7984267&dopt=Abstract#http://www.ncbi.nlm.nih.gov:80/entrez/query.fcgi?cmd=Retrieve&db=PubMed&list_uids=7984267&dopt=Abstract#,5-hydroxy tryptamine
15304,5-HT1D,HTR1D,172,5-Methoxytryptamine,COC1=CC2=C(C=C1)NC=C2CCN,608-07-1,56422.0,3H-5HT,HUMAN,CLONED,,2.18,"BOESS FG, ET AL., 1994",http://www.ncbi.nlm.nih.gov:80/entrez/query.fcgi?cmd=Retrieve&db=PubMed&list_uids=7984267&dopt=Abstract#http://www.ncbi.nlm.nih.gov:80/entrez/query.fcgi?cmd=Retrieve&db=PubMed&list_uids=7984267&dopt=Abstract#,5-methoxytryptamine
15307,5-HT1D,HTR1D,150,5-Hydroxy Tryptamine,C1=CC2=C(C=C1O)C(=CN2)CCN,50-67-9,58241.0,3H-5HT,HUMAN,CLONED,,8.91,"BOESS FG, ET AL., 1994",http://www.ncbi.nlm.nih.gov:80/entrez/query.fcgi?cmd=Retrieve&db=PubMed&list_uids=7984267&dopt=Abstract#http://www.ncbi.nlm.nih.gov:80/entrez/query.fcgi?cmd=Retrieve&db=PubMed&list_uids=7984267&dopt=Abstract#,5-hydroxy tryptamine
15313,5-HT1D,HTR1D,150,5-Hydroxy Tryptamine,C1=CC2=C(C=C1O)C(=CN2)CCN,50-67-9,58241.0,3H-5HT,HUMAN,CLONED,,2.08,"BOESS FG, ET AL., 1994",http://www.ncbi.nlm.nih.gov:80/entrez/query.fcgi?cmd=Retrieve&db=PubMed&list_uids=7984267&dopt=Abstract#http://www.ncbi.nlm.nih.gov:80/entrez/query.fcgi?cmd=Retrieve&db=PubMed&list_uids=7984267&dopt=Abstract#,5-hydroxy tryptamine
15318,5-HT1D,HTR1D,172,5-Methoxytryptamine,COC1=CC2=C(C=C1)NC=C2CCN,608-07-1,56422.0,3H-5HT,HUMAN,CLONED,,4.78,"BOESS FG, ET AL., 1994",http://www.ncbi.nlm.nih.gov:80/entrez/query.fcgi?cmd=Retrieve&db=PubMed&list_uids=7984267&dopt=Abstract#http://www.ncbi.nlm.nih.gov:80/entrez/query.fcgi?cmd=Retrieve&db=PubMed&list_uids=7984267&dopt=Abstract#,5-methoxytryptamine
15321,5-HT1D,HTR1D,150,5-Hydroxy Tryptamine,C1=CC2=C(C=C1O)C(=CN2)CCN,50-67-9,58241.0,3H-5HT,HUMAN,CLONED,,3.89,"BOESS FG, ET AL., 1994",http://www.ncbi.nlm.nih.gov:80/entrez/query.fcgi?cmd=Retrieve&db=PubMed&list_uids=7984267&dopt=Abstract#http://www.ncbi.nlm.nih.gov:80/entrez/query.fcgi?cmd=Retrieve&db=PubMed&list_uids=7984267&dopt=Abstract#,5-hydroxy tryptamine
15331,5-HT1D,HTR1D,172,5-Methoxytryptamine,COC1=CC2=C(C=C1)NC=C2CCN,608-07-1,56422.0,3H-LSD,Dog,CLONED,,6.3,"BOESS FG, ET AL., 1994",http://www.ncbi.nlm.nih.gov:80/entrez/query.fcgi?cmd=Retrieve&db=PubMed&list_uids=7984267&dopt=Abstract#http://www.ncbi.nlm.nih.gov:80/entrez/query.fcgi?cmd=Retrieve&db=PubMed&list_uids=7984267&dopt=Abstract#,5-methoxytryptamine
15333,5-HT1D,HTR1D,150,5-Hydroxy Tryptamine,C1=CC2=C(C=C1O)C(=CN2)CCN,50-67-9,58241.0,3H-LSD,Dog,CLONED,,15.84,"BOESS FG, ET AL., 1994",http://www.ncbi.nlm.nih.gov:80/entrez/query.fcgi?cmd=Retrieve&db=PubMed&list_uids=7984267&dopt=Abstract#http://www.ncbi.nlm.nih.gov:80/entrez/query.fcgi?cmd=Retrieve&db=PubMed&list_uids=7984267&dopt=Abstract#,5-hydroxy tryptamine
15338,5-HT1D,HTR1D,172,5-Methoxytryptamine,COC1=CC2=C(C=C1)NC=C2CCN,608-07-1,56422.0,3H-5HT,Dog,CLONED,,30.9,"BOESS FG, ET AL., 1994",http://www.ncbi.nlm.nih.gov:80/entrez/query.fcgi?cmd=Retrieve&db=PubMed&list_uids=7984267&dopt=Abstract#http://www.ncbi.nlm.nih.gov:80/entrez/query.fcgi?cmd=Retrieve&db=PubMed&list_uids=7984267&dopt=Abstract#,5-methoxytryptamine
15341,5-HT1D,HTR1D,150,5-Hydroxy Tryptamine,C1=CC2=C(C=C1O)C(=CN2)CCN,50-67-9,58241.0,3H-5HT,Dog,CLONED,,5.01,"BOESS FG, ET AL., 1994",http://www.ncbi.nlm.nih.gov:80/entrez/query.fcgi?cmd=Retrieve&db=PubMed&list_uids=7984267&dopt=Abstract#http://www.ncbi.nlm.nih.gov:80/entrez/query.fcgi?cmd=Retrieve&db=PubMed&list_uids=7984267&dopt=Abstract#,5-hydroxy tryptamine
15342,5-HT1D,HTR1D,694,"DMT,5-Me",CN(C)CCC1=CNC2=C1C=C(C=C2)OC,1832,,3H-5HT,Dog,CLONED,,5.12,"BOESS FG, ET AL., 1994",http://www.ncbi.nlm.nih.gov:80/entrez/query.fcgi?cmd=Retrieve&db=PubMed&list_uids=7984267&dopt=Abstract#http://www.ncbi.nlm.nih.gov:80/entrez/query.fcgi?cmd=Retrieve&db=PubMed&list_uids=7984267&dopt=Abstract#,"dmt,5-me"
15353,5-HT1D,HTR1D,172,5-Methoxytryptamine,COC1=CC2=C(C=C1)NC=C2CCN,608-07-1,56422.0,3H-5HT,RAT,CLONED,,2.39,"BOESS FG, ET AL., 1994",http://www.ncbi.nlm.nih.gov:80/entrez/query.fcgi?cmd=Retrieve&db=PubMed&list_uids=7984267&dopt=Abstract#http://www.ncbi.nlm.nih.gov:80/entrez/query.fcgi?cmd=Retrieve&db=PubMed&list_uids=7984267&dopt=Abstract#,5-methoxytryptamine
15358,5-HT1D,HTR1D,150,5-Hydroxy Tryptamine,C1=CC2=C(C=C1O)C(=CN2)CCN,50-67-9,58241.0,3H-5HT,RAT,CLONED,,2.51,"BOESS FG, ET AL., 1994",http://www.ncbi.nlm.nih.gov:80/entrez/query.fcgi?cmd=Retrieve&db=PubMed&list_uids=7984267&dopt=Abstract#http://www.ncbi.nlm.nih.gov:80/entrez/query.fcgi?cmd=Retrieve&db=PubMed&list_uids=7984267&dopt=Abstract#,5-hydroxy tryptamine
15367,5-HT1B,HTR1B,172,5-Methoxytryptamine,COC1=CC2=C(C=C1)NC=C2CCN,608-07-1,56422.0,3H-5HT,HUMAN,CLONED,,33.88,"BOESS FG, ET AL., 1994",http://www.ncbi.nlm.nih.gov:80/entrez/query.fcgi?cmd=Retrieve&db=PubMed&list_uids=7984267&dopt=Abstract#http://www.ncbi.nlm.nih.gov:80/entrez/query.fcgi?cmd=Retrieve&db=PubMed&list_uids=7984267&dopt=Abstract#,5-methoxytryptamine
15370,5-HT1B,HTR1B,150,5-Hydroxy Tryptamine,C1=CC2=C(C=C1O)C(=CN2)CCN,50-67-9,58241.0,3H-5HT,HUMAN,CLONED,,4.26,"BOESS FG, ET AL., 1994",http://www.ncbi.nlm.nih.gov:80/entrez/query.fcgi?cmd=Retrieve&db=PubMed&list_uids=7984267&dopt=Abstract#http://www.ncbi.nlm.nih.gov:80/entrez/query.fcgi?cmd=Retrieve&db=PubMed&list_uids=7984267&dopt=Abstract#,5-hydroxy tryptamine
15383,5-HT1B,HTR1B,694,"DMT,5-Me",CN(C)CCC1=CNC2=C1C=C(C=C2)OC,1832,,3H-5HT,HUMAN,CLONED,,23.44,"BOESS FG, ET AL., 1994",http://www.ncbi.nlm.nih.gov:80/entrez/query.fcgi?cmd=Retrieve&db=PubMed&list_uids=7984267&dopt=Abstract#http://www.ncbi.nlm.nih.gov:80/entrez/query.fcgi?cmd=Retrieve&db=PubMed&list_uids=7984267&dopt=Abstract#,"dmt,5-me"
15386,5-HT1B,HTR1B,150,5-Hydroxy Tryptamine,C1=CC2=C(C=C1O)C(=CN2)CCN,50-67-9,58241.0,3H-5HT,HUMAN,CLONED,,1.09,"BOESS FG, ET AL., 1994",http://www.ncbi.nlm.nih.gov:80/entrez/query.fcgi?cmd=Retrieve&db=PubMed&list_uids=7984267&dopt=Abstract#http://www.ncbi.nlm.nih.gov:80/entrez/query.fcgi?cmd=Retrieve&db=PubMed&list_uids=7984267&dopt=Abstract#,5-hydroxy tryptamine
15395,5-HT1B,HTR1B,150,5-Hydroxy Tryptamine,C1=CC2=C(C=C1O)C(=CN2)CCN,50-67-9,58241.0,3H-5HT,HUMAN,CLONED,,3.98,"BOESS FG, ET AL., 1994",http://www.ncbi.nlm.nih.gov:80/entrez/query.fcgi?cmd=Retrieve&db=PubMed&list_uids=7984267&dopt=Abstract#http://www.ncbi.nlm.nih.gov:80/entrez/query.fcgi?cmd=Retrieve&db=PubMed&list_uids=7984267&dopt=Abstract#,5-hydroxy tryptamine
15406,5-HT1B,HTR1B,172,5-Methoxytryptamine,COC1=CC2=C(C=C1)NC=C2CCN,608-07-1,56422.0,3H-5HT,HUMAN,CLONED,,0.75,"BOESS FG, ET AL., 1994",http://www.ncbi.nlm.nih.gov:80/entrez/query.fcgi?cmd=Retrieve&db=PubMed&list_uids=7984267&dopt=Abstract#http://www.ncbi.nlm.nih.gov:80/entrez/query.fcgi?cmd=Retrieve&db=PubMed&list_uids=7984267&dopt=Abstract#,5-methoxytryptamine
15411,5-HT1B,HTR1B,150,5-Hydroxy Tryptamine,C1=CC2=C(C=C1O)C(=CN2)CCN,50-67-9,58241.0,3H-5HT,HUMAN,CLONED,,0.57,"BOESS FG, ET AL., 1994",http://www.ncbi.nlm.nih.gov:80/entrez/query.fcgi?cmd=Retrieve&db=PubMed&list_uids=7984267&dopt=Abstract#http://www.ncbi.nlm.nih.gov:80/entrez/query.fcgi?cmd=Retrieve&db=PubMed&list_uids=7984267&dopt=Abstract#,5-hydroxy tryptamine
15424,5-HT1B,HTR1B,150,5-Hydroxy Tryptamine,C1=CC2=C(C=C1O)C(=CN2)CCN,50-67-9,58241.0,3H-5HT,HUMAN,CLONED,,15.84,"BOESS FG, ET AL., 1994",http://www.ncbi.nlm.nih.gov:80/entrez/query.fcgi?cmd=Retrieve&db=PubMed&list_uids=7984267&dopt=Abstract#http://www.ncbi.nlm.nih.gov:80/entrez/query.fcgi?cmd=Retrieve&db=PubMed&list_uids=7984267&dopt=Abstract#,5-hydroxy tryptamine
15436,5-HT1B,HTR1B,150,5-Hydroxy Tryptamine,C1=CC2=C(C=C1O)C(=CN2)CCN,50-67-9,58241.0,125I-ICYP,RAT,CLONED,,15.84,"BOESS FG, ET AL., 1994",http://www.ncbi.nlm.nih.gov:80/entrez/query.fcgi?cmd=Retrieve&db=PubMed&list_uids=7984267&dopt=Abstract#http://www.ncbi.nlm.nih.gov:80/entrez/query.fcgi?cmd=Retrieve&db=PubMed&list_uids=7984267&dopt=Abstract#,5-hydroxy tryptamine
15440,5-HT1B,HTR1B,172,5-Methoxytryptamine,COC1=CC2=C(C=C1)NC=C2CCN,608-07-1,56422.0,125I-ICYP,RAT,CLONED,,45.7,"BOESS FG, ET AL., 1994",http://www.ncbi.nlm.nih.gov:80/entrez/query.fcgi?cmd=Retrieve&db=PubMed&list_uids=7984267&dopt=Abstract#http://www.ncbi.nlm.nih.gov:80/entrez/query.fcgi?cmd=Retrieve&db=PubMed&list_uids=7984267&dopt=Abstract#,5-methoxytryptamine
15453,5-HT1B,HTR1B,150,5-Hydroxy Tryptamine,C1=CC2=C(C=C1O)C(=CN2)CCN,50-67-9,58241.0,3H-5HT,RAT,CLONED,,5.24,"BOESS FG, ET AL., 1994",http://www.ncbi.nlm.nih.gov:80/entrez/query.fcgi?cmd=Retrieve&db=PubMed&list_uids=7984267&dopt=Abstract#http://www.ncbi.nlm.nih.gov:80/entrez/query.fcgi?cmd=Retrieve&db=PubMed&list_uids=7984267&dopt=Abstract#,5-hydroxy tryptamine
15455,5-HT1B,HTR1B,172,5-Methoxytryptamine,COC1=CC2=C(C=C1)NC=C2CCN,608-07-1,56422.0,3H-5HT,RAT,CLONED,,30.9,"BOESS FG, ET AL., 1994",http://www.ncbi.nlm.nih.gov:80/entrez/query.fcgi?cmd=Retrieve&db=PubMed&list_uids=7984267&dopt=Abstract#http://www.ncbi.nlm.nih.gov:80/entrez/query.fcgi?cmd=Retrieve&db=PubMed&list_uids=7984267&dopt=Abstract#,5-methoxytryptamine
15467,5-HT1B,HTR1B,172,5-Methoxytryptamine,COC1=CC2=C(C=C1)NC=C2CCN,608-07-1,56422.0,3H-5HT,RAT,CLONED,,1.69,"BOESS FG, ET AL., 1994",http://www.ncbi.nlm.nih.gov:80/entrez/query.fcgi?cmd=Retrieve&db=PubMed&list_uids=7984267&dopt=Abstract#http://www.ncbi.nlm.nih.gov:80/entrez/query.fcgi?cmd=Retrieve&db=PubMed&list_uids=7984267&dopt=Abstract#,5-methoxytryptamine
15475,5-HT1B,HTR1B,150,5-Hydroxy Tryptamine,C1=CC2=C(C=C1O)C(=CN2)CCN,50-67-9,58241.0,3H-5HT,MOUSE,CLONED,,39.81,"BOESS FG, ET AL., 1994",http://www.ncbi.nlm.nih.gov:80/entrez/query.fcgi?cmd=Retrieve&db=PubMed&list_uids=7984267&dopt=Abstract#http://www.ncbi.nlm.nih.gov:80/entrez/query.fcgi?cmd=Retrieve&db=PubMed&list_uids=7984267&dopt=Abstract#,5-hydroxy tryptamine
15480,5-HT1E,HTR1E,150,5-Hydroxy Tryptamine,C1=CC2=C(C=C1O)C(=CN2)CCN,50-67-9,58241.0,3H-5HT,HUMAN,CLONED,,10.96,"BOESS FG, ET AL., 1994",http://www.ncbi.nlm.nih.gov:80/entrez/query.fcgi?cmd=Retrieve&db=PubMed&list_uids=7984267&dopt=Abstract#http://www.ncbi.nlm.nih.gov:80/entrez/query.fcgi?cmd=Retrieve&db=PubMed&list_uids=7984267&dopt=Abstract#,5-hydroxy tryptamine
15487,5-HT1E,HTR1E,694,"DMT,5-Me",CN(C)CCC1=CNC2=C1C=C(C=C2)OC,1832,,3H-5HT,HUMAN,CLONED,,524.8,"BOESS FG, ET AL., 1994",http://www.ncbi.nlm.nih.gov:80/entrez/query.fcgi?cmd=Retrieve&db=PubMed&list_uids=7984267&dopt=Abstract#http://www.ncbi.nlm.nih.gov:80/entrez/query.fcgi?cmd=Retrieve&db=PubMed&list_uids=7984267&dopt=Abstract#,"dmt,5-me"
15496,5-HT1E,HTR1E,150,5-Hydroxy Tryptamine,C1=CC2=C(C=C1O)C(=CN2)CCN,50-67-9,58241.0,3H-5HT,HUMAN,CLONED,,7.24,"BOESS FG, ET AL., 1994",http://www.ncbi.nlm.nih.gov:80/entrez/query.fcgi?cmd=Retrieve&db=PubMed&list_uids=7984267&dopt=Abstract#http://www.ncbi.nlm.nih.gov:80/entrez/query.fcgi?cmd=Retrieve&db=PubMed&list_uids=7984267&dopt=Abstract#,5-hydroxy tryptamine
15497,5-HT1E,HTR1E,150,5-Hydroxy Tryptamine,C1=CC2=C(C=C1O)C(=CN2)CCN,50-67-9,58241.0,3H-5HT,HUMAN,CLONED,,6.16,"BOESS FG, ET AL., 1994",http://www.ncbi.nlm.nih.gov:80/entrez/query.fcgi?cmd=Retrieve&db=PubMed&list_uids=7984267&dopt=Abstract#http://www.ncbi.nlm.nih.gov:80/entrez/query.fcgi?cmd=Retrieve&db=PubMed&list_uids=7984267&dopt=Abstract#,5-hydroxy tryptamine
15510,5-HT1F,HTR1F,150,5-Hydroxy Tryptamine,C1=CC2=C(C=C1O)C(=CN2)CCN,50-67-9,58241.0,3H-5HT,HUMAN,CLONED,,10.0,"BOESS FG, ET AL., 1994",http://www.ncbi.nlm.nih.gov:80/entrez/query.fcgi?cmd=Retrieve&db=PubMed&list_uids=7984267&dopt=Abstract#http://www.ncbi.nlm.nih.gov:80/entrez/query.fcgi?cmd=Retrieve&db=PubMed&list_uids=7984267&dopt=Abstract#,5-hydroxy tryptamine
15514,5-HT1F,HTR1F,694,"DMT,5-Me",CN(C)CCC1=CNC2=C1C=C(C=C2)OC,1832,,3H-5HT,HUMAN,CLONED,,37.15,"BOESS FG, ET AL., 1994",http://www.ncbi.nlm.nih.gov:80/entrez/query.fcgi?cmd=Retrieve&db=PubMed&list_uids=7984267&dopt=Abstract#http://www.ncbi.nlm.nih.gov:80/entrez/query.fcgi?cmd=Retrieve&db=PubMed&list_uids=7984267&dopt=Abstract#,"dmt,5-me"
15525,5-HT1F,HTR1F,150,5-Hydroxy Tryptamine,C1=CC2=C(C=C1O)C(=CN2)CCN,50-67-9,58241.0,125I-LSD,MOUSE,CLONED,,125.89,"BOESS FG, ET AL., 1994",http://www.ncbi.nlm.nih.gov:80/entrez/query.fcgi?cmd=Retrieve&db=PubMed&list_uids=7984267&dopt=Abstract#http://www.ncbi.nlm.nih.gov:80/entrez/query.fcgi?cmd=Retrieve&db=PubMed&list_uids=7984267&dopt=Abstract#,5-hydroxy tryptamine
15527,5-HT1F,HTR1F,437,"DMT,5-OH",CN(C)CCC1=CNC2=C1C=C(C=C2)O,487-93-4,89593.0,125I-LSD,MOUSE,CLONED,,31.62,"BOESS FG, ET AL., 1994",http://www.ncbi.nlm.nih.gov:80/entrez/query.fcgi?cmd=Retrieve&db=PubMed&list_uids=7984267&dopt=Abstract#http://www.ncbi.nlm.nih.gov:80/entrez/query.fcgi?cmd=Retrieve&db=PubMed&list_uids=7984267&dopt=Abstract#,"dmt,5-oh"
15539,5-HT1F,HTR1F,150,5-Hydroxy Tryptamine,C1=CC2=C(C=C1O)C(=CN2)CCN,50-67-9,58241.0,125I-LSD,RAT,CLONED,,67.6,"BOESS FG, ET AL., 1994",http://www.ncbi.nlm.nih.gov:80/entrez/query.fcgi?cmd=Retrieve&db=PubMed&list_uids=7984267&dopt=Abstract#http://www.ncbi.nlm.nih.gov:80/entrez/query.fcgi?cmd=Retrieve&db=PubMed&list_uids=7984267&dopt=Abstract#,5-hydroxy tryptamine
15549,5-HT2A,HTR2A,150,5-Hydroxy Tryptamine,C1=CC2=C(C=C1O)C(=CN2)CCN,50-67-9,58241.0,3H-SPIPERONE,RAT,CLONED,,251.18,"BOESS FG, ET AL., 1994",http://www.ncbi.nlm.nih.gov:80/entrez/query.fcgi?cmd=Retrieve&db=PubMed&list_uids=7984267&dopt=Abstract#http://www.ncbi.nlm.nih.gov:80/entrez/query.fcgi?cmd=Retrieve&db=PubMed&list_uids=7984267&dopt=Abstract#,5-hydroxy tryptamine
15554,5-HT2A,HTR2A,150,5-Hydroxy Tryptamine,C1=CC2=C(C=C1O)C(=CN2)CCN,50-67-9,58241.0,3H-KETANSERIN,RAT,CLONED,,478.63,"BOESS FG, ET AL., 1994",http://www.ncbi.nlm.nih.gov:80/entrez/query.fcgi?cmd=Retrieve&db=PubMed&list_uids=7984267&dopt=Abstract#http://www.ncbi.nlm.nih.gov:80/entrez/query.fcgi?cmd=Retrieve&db=PubMed&list_uids=7984267&dopt=Abstract#,5-hydroxy tryptamine
15563,5-HT2A,HTR2A,150,5-Hydroxy Tryptamine,C1=CC2=C(C=C1O)C(=CN2)CCN,50-67-9,58241.0,3H-KETANSERIN,RAT,CLONED,,707.94,"BOESS FG, ET AL., 1994",http://www.ncbi.nlm.nih.gov:80/entrez/query.fcgi?cmd=Retrieve&db=PubMed&list_uids=7984267&dopt=Abstract#http://www.ncbi.nlm.nih.gov:80/entrez/query.fcgi?cmd=Retrieve&db=PubMed&list_uids=7984267&dopt=Abstract#,5-hydroxy tryptamine
15568,5-HT2A,HTR2A,150,5-Hydroxy Tryptamine,C1=CC2=C(C=C1O)C(=CN2)CCN,50-67-9,58241.0,125I-DOI,RAT,CLONED,,5.75,"BOESS FG, ET AL., 1994",http://www.ncbi.nlm.nih.gov:80/entrez/query.fcgi?cmd=Retrieve&db=PubMed&list_uids=7984267&dopt=Abstract#http://www.ncbi.nlm.nih.gov:80/entrez/query.fcgi?cmd=Retrieve&db=PubMed&list_uids=7984267&dopt=Abstract#,5-hydroxy tryptamine
15577,5-HT2A,HTR2A,150,5-Hydroxy Tryptamine,C1=CC2=C(C=C1O)C(=CN2)CCN,50-67-9,58241.0,125I-DOI,RAT,CLONED,,1.99,"BOESS FG, ET AL., 1994",http://www.ncbi.nlm.nih.gov:80/entrez/query.fcgi?cmd=Retrieve&db=PubMed&list_uids=7984267&dopt=Abstract#http://www.ncbi.nlm.nih.gov:80/entrez/query.fcgi?cmd=Retrieve&db=PubMed&list_uids=7984267&dopt=Abstract#,5-hydroxy tryptamine
15580,5-HT2A,HTR2A,150,5-Hydroxy Tryptamine,C1=CC2=C(C=C1O)C(=CN2)CCN,50-67-9,58241.0,3H-DOI,HUMAN,CLONED,,12.02,"BOESS FG, ET AL., 1994",http://www.ncbi.nlm.nih.gov:80/entrez/query.fcgi?cmd=Retrieve&db=PubMed&list_uids=7984267&dopt=Abstract#http://www.ncbi.nlm.nih.gov:80/entrez/query.fcgi?cmd=Retrieve&db=PubMed&list_uids=7984267&dopt=Abstract#,5-hydroxy tryptamine
15589,5-HT2A,HTR2A,150,5-Hydroxy Tryptamine,C1=CC2=C(C=C1O)C(=CN2)CCN,50-67-9,58241.0,3H-KETANSERIN,HUMAN,CLONED,,602.55,"BOESS FG, ET AL., 1994",http://www.ncbi.nlm.nih.gov:80/entrez/query.fcgi?cmd=Retrieve&db=PubMed&list_uids=7984267&dopt=Abstract#http://www.ncbi.nlm.nih.gov:80/entrez/query.fcgi?cmd=Retrieve&db=PubMed&list_uids=7984267&dopt=Abstract#,5-hydroxy tryptamine
15592,5-HT2B,HTR2B,150,5-Hydroxy Tryptamine,C1=CC2=C(C=C1O)C(=CN2)CCN,50-67-9,58241.0,3H-5HT,RAT,CLONED,,28.18,"BOESS FG, ET AL., 1994",http://www.ncbi.nlm.nih.gov:80/entrez/query.fcgi?cmd=Retrieve&db=PubMed&list_uids=7984267&dopt=Abstract#http://www.ncbi.nlm.nih.gov:80/entrez/query.fcgi?cmd=Retrieve&db=PubMed&list_uids=7984267&dopt=Abstract#,5-hydroxy tryptamine
15594,5-HT2B,HTR2B,172,5-Methoxytryptamine,COC1=CC2=C(C=C1)NC=C2CCN,608-07-1,56422.0,3H-5HT,RAT,CLONED,,7.07,"BOESS FG, ET AL., 1994",http://www.ncbi.nlm.nih.gov:80/entrez/query.fcgi?cmd=Retrieve&db=PubMed&list_uids=7984267&dopt=Abstract#http://www.ncbi.nlm.nih.gov:80/entrez/query.fcgi?cmd=Retrieve&db=PubMed&list_uids=7984267&dopt=Abstract#,5-methoxytryptamine
15606,5-HT2B,HTR2B,150,5-Hydroxy Tryptamine,C1=CC2=C(C=C1O)C(=CN2)CCN,50-67-9,58241.0,3H-5HT,RAT,CLONED,,10.23,"BOESS FG, ET AL., 1994",http://www.ncbi.nlm.nih.gov:80/entrez/query.fcgi?cmd=Retrieve&db=PubMed&list_uids=7984267&dopt=Abstract#http://www.ncbi.nlm.nih.gov:80/entrez/query.fcgi?cmd=Retrieve&db=PubMed&list_uids=7984267&dopt=Abstract#,5-hydroxy tryptamine
15609,5-HT2B,HTR2B,180,5-Methyltryptamine,CC1=CC2=C(C=C1)NC=C2CCN,1821-47-2,90805.0,3H-5HT,RAT,CLONED,,33.11,"BOESS FG, ET AL., 1994",http://www.ncbi.nlm.nih.gov:80/entrez/query.fcgi?cmd=Retrieve&db=PubMed&list_uids=7984267&dopt=Abstract#http://www.ncbi.nlm.nih.gov:80/entrez/query.fcgi?cmd=Retrieve&db=PubMed&list_uids=7984267&dopt=Abstract#,5-methyltryptamine
15610,5-HT2B,HTR2B,172,5-Methoxytryptamine,COC1=CC2=C(C=C1)NC=C2CCN,608-07-1,56422.0,3H-5HT,RAT,CLONED,,9.12,"BOESS FG, ET AL., 1994",http://www.ncbi.nlm.nih.gov:80/entrez/query.fcgi?cmd=Retrieve&db=PubMed&list_uids=7984267&dopt=Abstract#http://www.ncbi.nlm.nih.gov:80/entrez/query.fcgi?cmd=Retrieve&db=PubMed&list_uids=7984267&dopt=Abstract#,5-methoxytryptamine
15623,5-HT2B,HTR2B,1095,"LSD,2-Bromo",,,,3H-5HT,RAT,CLONED,,12.58,"BOESS FG, ET AL., 1994",http://www.ncbi.nlm.nih.gov:80/entrez/query.fcgi?cmd=Retrieve&db=PubMed&list_uids=7984267&dopt=Abstract#http://www.ncbi.nlm.nih.gov:80/entrez/query.fcgi?cmd=Retrieve&db=PubMed&list_uids=7984267&dopt=Abstract#,"lsd,2-bromo"
15634,5-HT2B,HTR2B,150,5-Hydroxy Tryptamine,C1=CC2=C(C=C1O)C(=CN2)CCN,50-67-9,58241.0,125I-DOI,MOUSE,CLONED,,1258.92,"BOESS FG, ET AL., 1994",http://www.ncbi.nlm.nih.gov:80/entrez/query.fcgi?cmd=Retrieve&db=PubMed&list_uids=7984267&dopt=Abstract#http://www.ncbi.nlm.nih.gov:80/entrez/query.fcgi?cmd=Retrieve&db=PubMed&list_uids=7984267&dopt=Abstract#,5-hydroxy tryptamine
15643,5-HT2C,HTR2C,150,5-Hydroxy Tryptamine,C1=CC2=C(C=C1O)C(=CN2)CCN,50-67-9,58241.0,125I-DOI,RAT,CLONED,,0.7,"BOESS FG, ET AL., 1994",http://www.ncbi.nlm.nih.gov:80/entrez/query.fcgi?cmd=Retrieve&db=PubMed&list_uids=7984267&dopt=Abstract#http://www.ncbi.nlm.nih.gov:80/entrez/query.fcgi?cmd=Retrieve&db=PubMed&list_uids=7984267&dopt=Abstract#,5-hydroxy tryptamine
15647,5-HT2C,HTR2C,1170,"MDA,R(-)",CC(CC1=CC2=C(C=C1)OCO2)N,3046161,,125I-DOI,RAT,CLONED,,117.48,"BOESS FG, ET AL., 1994",http://www.ncbi.nlm.nih.gov:80/entrez/query.fcgi?cmd=Retrieve&db=PubMed&list_uids=7984267&dopt=Abstract#http://www.ncbi.nlm.nih.gov:80/entrez/query.fcgi?cmd=Retrieve&db=PubMed&list_uids=7984267&dopt=Abstract#,"mda,r(-)"
15652,5-HT2C,HTR2C,150,5-Hydroxy Tryptamine,C1=CC2=C(C=C1O)C(=CN2)CCN,50-67-9,58241.0,3H-MESULERGINE,RAT,CLONED,,22.9,"BOESS FG, ET AL., 1994",http://www.ncbi.nlm.nih.gov:80/entrez/query.fcgi?cmd=Retrieve&db=PubMed&list_uids=7984267&dopt=Abstract#http://www.ncbi.nlm.nih.gov:80/entrez/query.fcgi?cmd=Retrieve&db=PubMed&list_uids=7984267&dopt=Abstract#,5-hydroxy tryptamine
15656,5-HT2C,HTR2C,1170,"MDA,R(-)",CC(CC1=CC2=C(C=C1)OCO2)N,3046161,,3H-MESULERGINE,RAT,CLONED,,2754.22,"BOESS FG, ET AL., 1994",http://www.ncbi.nlm.nih.gov:80/entrez/query.fcgi?cmd=Retrieve&db=PubMed&list_uids=7984267&dopt=Abstract#http://www.ncbi.nlm.nih.gov:80/entrez/query.fcgi?cmd=Retrieve&db=PubMed&list_uids=7984267&dopt=Abstract#,"mda,r(-)"
15671,5-HT2C,HTR2C,1599,RISPERIDONE,CC1=C(C(=O)N2CCCCC2=N1)CCN3CCC(CC3)C4=NOC5=C4C=CC(=C5)F,106266-06-2,,125I-LSD,RAT,CLONED,,32.35,"BOESS FG, ET AL., 1994",http://www.ncbi.nlm.nih.gov:80/entrez/query.fcgi?cmd=Retrieve&db=PubMed&list_uids=7984267&dopt=Abstract#http://www.ncbi.nlm.nih.gov:80/entrez/query.fcgi?cmd=Retrieve&db=PubMed&list_uids=7984267&dopt=Abstract#,risperidone
15679,5-HT3,HTR3A,150,5-Hydroxy Tryptamine,C1=CC2=C(C=C1O)C(=CN2)CCN,50-67-9,58241.0,3H-GR-65630,MOUSE,CLONED,,269.15,"BOESS FG, ET AL., 1994",http://www.ncbi.nlm.nih.gov:80/entrez/query.fcgi?cmd=Retrieve&db=PubMed&list_uids=7984267&dopt=Abstract#http://www.ncbi.nlm.nih.gov:80/entrez/query.fcgi?cmd=Retrieve&db=PubMed&list_uids=7984267&dopt=Abstract#,5-hydroxy tryptamine
15685,5-HT4,HTR4,150,5-Hydroxy Tryptamine,C1=CC2=C(C=C1O)C(=CN2)CCN,50-67-9,58241.0,3H-GR-113808,GUINEA PIG,STRIATUM,,50.11,"BOESS FG, ET AL., 1994",http://www.ncbi.nlm.nih.gov:80/entrez/query.fcgi?cmd=Retrieve&db=PubMed&list_uids=7984267&dopt=Abstract#http://www.ncbi.nlm.nih.gov:80/entrez/query.fcgi?cmd=Retrieve&db=PubMed&list_uids=7984267&dopt=Abstract#,5-hydroxy tryptamine
15692,5-HT4,HTR4,172,5-Methoxytryptamine,COC1=CC2=C(C=C1)NC=C2CCN,608-07-1,56422.0,3H-GR-113808,GUINEA PIG,STRIATUM,,316.22,"BOESS FG, ET AL., 1994",http://www.ncbi.nlm.nih.gov:80/entrez/query.fcgi?cmd=Retrieve&db=PubMed&list_uids=7984267&dopt=Abstract#http://www.ncbi.nlm.nih.gov:80/entrez/query.fcgi?cmd=Retrieve&db=PubMed&list_uids=7984267&dopt=Abstract#,5-methoxytryptamine
15700,5-HT4,HTR4,150,5-Hydroxy Tryptamine,C1=CC2=C(C=C1O)C(=CN2)CCN,50-67-9,58241.0,3H-GR-113808,GUINEA PIG,HIPPOCAMPUS,,79.43,"BOESS FG, ET AL., 1994",http://www.ncbi.nlm.nih.gov:80/entrez/query.fcgi?cmd=Retrieve&db=PubMed&list_uids=7984267&dopt=Abstract#http://www.ncbi.nlm.nih.gov:80/entrez/query.fcgi?cmd=Retrieve&db=PubMed&list_uids=7984267&dopt=Abstract#,5-hydroxy tryptamine
15707,5-HT4,HTR4,172,5-Methoxytryptamine,COC1=CC2=C(C=C1)NC=C2CCN,608-07-1,56422.0,3H-GR-113808,GUINEA PIG,HIPPOCAMPUS,,630.95,"BOESS FG, ET AL., 1994",http://www.ncbi.nlm.nih.gov:80/entrez/query.fcgi?cmd=Retrieve&db=PubMed&list_uids=7984267&dopt=Abstract#http://www.ncbi.nlm.nih.gov:80/entrez/query.fcgi?cmd=Retrieve&db=PubMed&list_uids=7984267&dopt=Abstract#,5-methoxytryptamine
15772,5-HT6,HTR6,1095,"LSD,2-Bromo",,,,125I-LSD,RAT,CLONED,,16.98,"BOESS FG, ET AL., 1994",http://www.ncbi.nlm.nih.gov:80/entrez/query.fcgi?cmd=Retrieve&db=PubMed&list_uids=7984267&dopt=Abstract#http://www.ncbi.nlm.nih.gov:80/entrez/query.fcgi?cmd=Retrieve&db=PubMed&list_uids=7984267&dopt=Abstract#,"lsd,2-bromo"
15777,5-HT6,HTR6,172,5-Methoxytryptamine,COC1=CC2=C(C=C1)NC=C2CCN,608-07-1,56422.0,125I-LSD,RAT,CLONED,,38.9,"BOESS FG, ET AL., 1994",http://www.ncbi.nlm.nih.gov:80/entrez/query.fcgi?cmd=Retrieve&db=PubMed&list_uids=7984267&dopt=Abstract#http://www.ncbi.nlm.nih.gov:80/entrez/query.fcgi?cmd=Retrieve&db=PubMed&list_uids=7984267&dopt=Abstract#,5-methoxytryptamine
15784,5-HT6,HTR6,694,"DMT,5-Me",CN(C)CCC1=CNC2=C1C=C(C=C2)OC,1832,,125I-LSD,RAT,CLONED,,79.43,"BOESS FG, ET AL., 1994",http://www.ncbi.nlm.nih.gov:80/entrez/query.fcgi?cmd=Retrieve&db=PubMed&list_uids=7984267&dopt=Abstract#http://www.ncbi.nlm.nih.gov:80/entrez/query.fcgi?cmd=Retrieve&db=PubMed&list_uids=7984267&dopt=Abstract#,"dmt,5-me"
15789,5-HT6,HTR6,150,5-Hydroxy Tryptamine,C1=CC2=C(C=C1O)C(=CN2)CCN,50-67-9,58241.0,125I-LSD,RAT,CLONED,,151.35,"BOESS FG, ET AL., 1994",http://www.ncbi.nlm.nih.gov:80/entrez/query.fcgi?cmd=Retrieve&db=PubMed&list_uids=7984267&dopt=Abstract#http://www.ncbi.nlm.nih.gov:80/entrez/query.fcgi?cmd=Retrieve&db=PubMed&list_uids=7984267&dopt=Abstract#,5-hydroxy tryptamine
15797,5-HT6,HTR6,172,5-Methoxytryptamine,COC1=CC2=C(C=C1)NC=C2CCN,608-07-1,56422.0,3H-5HT,RAT,CLONED,,18.19,"BOESS FG, ET AL., 1994",http://www.ncbi.nlm.nih.gov:80/entrez/query.fcgi?cmd=Retrieve&db=PubMed&list_uids=7984267&dopt=Abstract#http://www.ncbi.nlm.nih.gov:80/entrez/query.fcgi?cmd=Retrieve&db=PubMed&list_uids=7984267&dopt=Abstract#,5-methoxytryptamine
15802,5-HT6,HTR6,150,5-Hydroxy Tryptamine,C1=CC2=C(C=C1O)C(=CN2)CCN,50-67-9,58241.0,3H-5HT,RAT,CLONED,,56.23,"BOESS FG, ET AL., 1994",http://www.ncbi.nlm.nih.gov:80/entrez/query.fcgi?cmd=Retrieve&db=PubMed&list_uids=7984267&dopt=Abstract#http://www.ncbi.nlm.nih.gov:80/entrez/query.fcgi?cmd=Retrieve&db=PubMed&list_uids=7984267&dopt=Abstract#,5-hydroxy tryptamine
15807,5-HT7,HTR7,172,5-Methoxytryptamine,COC1=CC2=C(C=C1)NC=C2CCN,608-07-1,56422.0,125I-LSD,RAT,CLONED,,1.77,"BOESS FG, ET AL., 1994",http://www.ncbi.nlm.nih.gov:80/entrez/query.fcgi?cmd=Retrieve&db=PubMed&list_uids=7984267&dopt=Abstract#http://www.ncbi.nlm.nih.gov:80/entrez/query.fcgi?cmd=Retrieve&db=PubMed&list_uids=7984267&dopt=Abstract#,5-methoxytryptamine
15808,5-HT7,HTR7,150,5-Hydroxy Tryptamine,C1=CC2=C(C=C1O)C(=CN2)CCN,50-67-9,58241.0,125I-LSD,RAT,CLONED,,1.81,"BOESS FG, ET AL., 1994",http://www.ncbi.nlm.nih.gov:80/entrez/query.fcgi?cmd=Retrieve&db=PubMed&list_uids=7984267&dopt=Abstract#http://www.ncbi.nlm.nih.gov:80/entrez/query.fcgi?cmd=Retrieve&db=PubMed&list_uids=7984267&dopt=Abstract#,5-hydroxy tryptamine
15815,5-HT7,HTR7,694,"DMT,5-Me",CN(C)CCC1=CNC2=C1C=C(C=C2)OC,1832,,125I-LSD,RAT,CLONED,,20.89,"BOESS FG, ET AL., 1994",http://www.ncbi.nlm.nih.gov:80/entrez/query.fcgi?cmd=Retrieve&db=PubMed&list_uids=7984267&dopt=Abstract#http://www.ncbi.nlm.nih.gov:80/entrez/query.fcgi?cmd=Retrieve&db=PubMed&list_uids=7984267&dopt=Abstract#,"dmt,5-me"
15826,5-HT7,HTR7,172,5-Methoxytryptamine,COC1=CC2=C(C=C1)NC=C2CCN,608-07-1,56422.0,3H-5HT,RAT,CLONED,,0.57,"BOESS FG, ET AL., 1994",http://www.ncbi.nlm.nih.gov:80/entrez/query.fcgi?cmd=Retrieve&db=PubMed&list_uids=7984267&dopt=Abstract#http://www.ncbi.nlm.nih.gov:80/entrez/query.fcgi?cmd=Retrieve&db=PubMed&list_uids=7984267&dopt=Abstract#,5-methoxytryptamine
15827,5-HT7,HTR7,150,5-Hydroxy Tryptamine,C1=CC2=C(C=C1O)C(=CN2)CCN,50-67-9,58241.0,3H-5HT,RAT,CLONED,,1.51,"BOESS FG, ET AL., 1994",http://www.ncbi.nlm.nih.gov:80/entrez/query.fcgi?cmd=Retrieve&db=PubMed&list_uids=7984267&dopt=Abstract#http://www.ncbi.nlm.nih.gov:80/entrez/query.fcgi?cmd=Retrieve&db=PubMed&list_uids=7984267&dopt=Abstract#,5-hydroxy tryptamine
15834,5-HT7,HTR7,694,"DMT,5-Me",CN(C)CCC1=CNC2=C1C=C(C=C2)OC,1832,,3H-5HT,RAT,CLONED,,8.31,"BOESS FG, ET AL., 1994",http://www.ncbi.nlm.nih.gov:80/entrez/query.fcgi?cmd=Retrieve&db=PubMed&list_uids=7984267&dopt=Abstract#http://www.ncbi.nlm.nih.gov:80/entrez/query.fcgi?cmd=Retrieve&db=PubMed&list_uids=7984267&dopt=Abstract#,"dmt,5-me"
15843,5-HT7,HTR7,150,5-Hydroxy Tryptamine,C1=CC2=C(C=C1O)C(=CN2)CCN,50-67-9,58241.0,3H-5HT,RAT,CLONED,,25.11,"BOESS FG, ET AL., 1994",http://www.ncbi.nlm.nih.gov:80/entrez/query.fcgi?cmd=Retrieve&db=PubMed&list_uids=7984267&dopt=Abstract#http://www.ncbi.nlm.nih.gov:80/entrez/query.fcgi?cmd=Retrieve&db=PubMed&list_uids=7984267&dopt=Abstract#,5-hydroxy tryptamine
15850,5-HT7,HTR7,172,5-Methoxytryptamine,COC1=CC2=C(C=C1)NC=C2CCN,608-07-1,56422.0,3H-5HT,MOUSE,CLONED,,6.3,"BOESS FG, ET AL., 1994",http://www.ncbi.nlm.nih.gov:80/entrez/query.fcgi?cmd=Retrieve&db=PubMed&list_uids=7984267&dopt=Abstract#http://www.ncbi.nlm.nih.gov:80/entrez/query.fcgi?cmd=Retrieve&db=PubMed&list_uids=7984267&dopt=Abstract#,5-methoxytryptamine
15851,5-HT7,HTR7,150,5-Hydroxy Tryptamine,C1=CC2=C(C=C1O)C(=CN2)CCN,50-67-9,58241.0,3H-5HT,MOUSE,CLONED,,5.01,"BOESS FG, ET AL., 1994",http://www.ncbi.nlm.nih.gov:80/entrez/query.fcgi?cmd=Retrieve&db=PubMed&list_uids=7984267&dopt=Abstract#http://www.ncbi.nlm.nih.gov:80/entrez/query.fcgi?cmd=Retrieve&db=PubMed&list_uids=7984267&dopt=Abstract#,5-hydroxy tryptamine
15854,5-HT7,HTR7,1095,"LSD,2-Bromo",,,,3H-5HT,MOUSE,CLONED,,10.0,"BOESS FG, ET AL., 1994",http://www.ncbi.nlm.nih.gov:80/entrez/query.fcgi?cmd=Retrieve&db=PubMed&list_uids=7984267&dopt=Abstract#http://www.ncbi.nlm.nih.gov:80/entrez/query.fcgi?cmd=Retrieve&db=PubMed&list_uids=7984267&dopt=Abstract#,"lsd,2-bromo"
15866,5-HT7,HTR7,172,5-Methoxytryptamine,COC1=CC2=C(C=C1)NC=C2CCN,608-07-1,56422.0,3H-5HT,HUMAN,CLONED,,5.01,"BOESS FG, ET AL., 1994",http://www.ncbi.nlm.nih.gov:80/entrez/query.fcgi?cmd=Retrieve&db=PubMed&list_uids=7984267&dopt=Abstract#http://www.ncbi.nlm.nih.gov:80/entrez/query.fcgi?cmd=Retrieve&db=PubMed&list_uids=7984267&dopt=Abstract#,5-methoxytryptamine
15867,5-HT7,HTR7,150,5-Hydroxy Tryptamine,C1=CC2=C(C=C1O)C(=CN2)CCN,50-67-9,58241.0,3H-5HT,HUMAN,CLONED,,8.12,"BOESS FG, ET AL., 1994",http://www.ncbi.nlm.nih.gov:80/entrez/query.fcgi?cmd=Retrieve&db=PubMed&list_uids=7984267&dopt=Abstract#http://www.ncbi.nlm.nih.gov:80/entrez/query.fcgi?cmd=Retrieve&db=PubMed&list_uids=7984267&dopt=Abstract#,5-hydroxy tryptamine
15870,5-HT7,HTR7,1095,"LSD,2-Bromo",,,,3H-5HT,HUMAN,CLONED,,30.19,"BOESS FG, ET AL., 1994",http://www.ncbi.nlm.nih.gov:80/entrez/query.fcgi?cmd=Retrieve&db=PubMed&list_uids=7984267&dopt=Abstract#http://www.ncbi.nlm.nih.gov:80/entrez/query.fcgi?cmd=Retrieve&db=PubMed&list_uids=7984267&dopt=Abstract#,"lsd,2-bromo"
15880,5-HT7,HTR7,172,5-Methoxytryptamine,COC1=CC2=C(C=C1)NC=C2CCN,608-07-1,56422.0,UNDEFINED,RAT,CLONED,,0.93,"BOESS FG, ET AL., 1994",http://www.ncbi.nlm.nih.gov:80/entrez/query.fcgi?cmd=Retrieve&db=PubMed&list_uids=7984267&dopt=Abstract#http://www.ncbi.nlm.nih.gov:80/entrez/query.fcgi?cmd=Retrieve&db=PubMed&list_uids=7984267&dopt=Abstract#,5-methoxytryptamine
15881,5-HT7,HTR7,150,5-Hydroxy Tryptamine,C1=CC2=C(C=C1O)C(=CN2)CCN,50-67-9,58241.0,UNDEFINED,RAT,CLONED,,0.6,"BOESS FG, ET AL., 1994",http://www.ncbi.nlm.nih.gov:80/entrez/query.fcgi?cmd=Retrieve&db=PubMed&list_uids=7984267&dopt=Abstract#http://www.ncbi.nlm.nih.gov:80/entrez/query.fcgi?cmd=Retrieve&db=PubMed&list_uids=7984267&dopt=Abstract#,5-hydroxy tryptamine
15894,5-HT7,HTR7,150,5-Hydroxy Tryptamine,C1=CC2=C(C=C1O)C(=CN2)CCN,50-67-9,58241.0,125I-LSD,RAT,CLONED,,4.89,"BOESS FG, ET AL., 1994",http://www.ncbi.nlm.nih.gov:80/entrez/query.fcgi?cmd=Retrieve&db=PubMed&list_uids=7984267&dopt=Abstract#http://www.ncbi.nlm.nih.gov:80/entrez/query.fcgi?cmd=Retrieve&db=PubMed&list_uids=7984267&dopt=Abstract#,5-hydroxy tryptamine
15903,5-HT1B,HTR1B,150,5-Hydroxy Tryptamine,C1=CC2=C(C=C1O)C(=CN2)CCN,50-67-9,58241.0,3H-5HT,RAT,CLONED,,3.01,"BOESS FG, ET AL., 1994",http://www.ncbi.nlm.nih.gov:80/entrez/query.fcgi?cmd=Retrieve&db=PubMed&list_uids=7984267&dopt=Abstract#http://www.ncbi.nlm.nih.gov:80/entrez/query.fcgi?cmd=Retrieve&db=PubMed&list_uids=7984267&dopt=Abstract#,5-hydroxy tryptamine
15907,5-HT1B,HTR1B,150,5-Hydroxy Tryptamine,C1=CC2=C(C=C1O)C(=CN2)CCN,50-67-9,58241.0,3H-5HT,RAT,CLONED,,0.57,"BOESS FG, ET AL., 1994",http://www.ncbi.nlm.nih.gov:80/entrez/query.fcgi?cmd=Retrieve&db=PubMed&list_uids=7984267&dopt=Abstract#http://www.ncbi.nlm.nih.gov:80/entrez/query.fcgi?cmd=Retrieve&db=PubMed&list_uids=7984267&dopt=Abstract#,5-hydroxy tryptamine
15915,5-HT1F,HTR1F,150,5-Hydroxy Tryptamine,C1=CC2=C(C=C1O)C(=CN2)CCN,50-67-9,58241.0,3H-KETANSERIN,HUMAN,CLONED,>,10000.0,"BOESS FG, ET AL., 1994",http://www.ncbi.nlm.nih.gov:80/entrez/query.fcgi?cmd=Retrieve&db=PubMed&list_uids=7984267&dopt=Abstract#http://www.ncbi.nlm.nih.gov:80/entrez/query.fcgi?cmd=Retrieve&db=PubMed&list_uids=7984267&dopt=Abstract#,5-hydroxy tryptamine
15947,5-HT7,HTR7,150,5-Hydroxy Tryptamine,C1=CC2=C(C=C1O)C(=CN2)CCN,50-67-9,58241.0,125I-LSD,RAT,CLONED,,5.0,"Lovenberg TW, et al., 1993a",http://www.ncbi.nlm.nih.gov:80/entrez/query.fcgi?cmd=Retrieve&db=PubMed&list_uids=8398139&dopt=Abstract#http://www.ncbi.nlm.nih.gov:80/entrez/query.fcgi?cmd=Retrieve&db=PubMed&list_uids=8398139&dopt=Abstract#,5-hydroxy tryptamine
15963,5-HT1A,HTR1A,150,5-Hydroxy Tryptamine,C1=CC2=C(C=C1O)C(=CN2)CCN,50-67-9,58241.0,125I-LSD,RAT,CLONED,,134.0,"Lovenberg TW, et al., 1993a",http://www.ncbi.nlm.nih.gov:80/entrez/query.fcgi?cmd=Retrieve&db=PubMed&list_uids=8398139&dopt=Abstract#http://www.ncbi.nlm.nih.gov:80/entrez/query.fcgi?cmd=Retrieve&db=PubMed&list_uids=8398139&dopt=Abstract#,5-hydroxy tryptamine
15980,5-HT1A,HTR1A,150,5-Hydroxy Tryptamine,C1=CC2=C(C=C1O)C(=CN2)CCN,50-67-9,58241.0,3H-8-OH-DPAT,HUMAN,CLONED,,3.98,"Sundaram H, et al., 1993",#http://www.ncbi.nlm.nih.gov:80/entrez/query.fcgi?cmd=Retrieve&db=PubMed&list_uids=8461029&dopt=Abstract#,5-hydroxy tryptamine
15991,5-HT1A,HTR1A,150,5-Hydroxy Tryptamine,C1=CC2=C(C=C1O)C(=CN2)CCN,50-67-9,58241.0,3H-SPIPERONE,HUMAN,CLONED,,102.3,"Sundaram H, et al., 1993",#http://www.ncbi.nlm.nih.gov:80/entrez/query.fcgi?cmd=Retrieve&db=PubMed&list_uids=8461029&dopt=Abstract#,5-hydroxy tryptamine
16356,5-HT1A,HTR1A,1401,Ocaperidone,CC1=CC=CN2C1=NC(=C(C2=O)CCN3CCC(CC3)C4=NOC5=C4C=CC(=C5)F)C,129029-23-8,,3H-8-OH-DPAT,HUMAN,CLONED,,13.9,"Pauwels PJ, Van Gompel P, and Leysen JE, 1993",http://www.ncbi.nlm.nih.gov:80/entrez/query.fcgi?cmd=Retrieve&db=PubMed&list_uids=8382063&dopt=Abstract#http://www.ncbi.nlm.nih.gov:80/entrez/query.fcgi?cmd=Retrieve&db=PubMed&list_uids=8382063&dopt=Abstract#,ocaperidone
17027,5-HT7,HTR7,964,ILOPERIDONE,CC(=O)C1=CC(=C(C=C1)OCCCN2CCC(CC2)C3=NOC4=C3C=CC(=C4)F)OC,133454-47-4,,3H-MESULERGINE,HUMAN,CLONED,,112.0,"Kalkman HO, et al., 2001",http://www.ncbi.nlm.nih.gov/entrez/query.fcgi?cmd=Retrieve&db=PubMed&list_uids=11750183&dopt=Abstract,iloperidone
17028,5-HT6,HTR6,964,ILOPERIDONE,CC(=O)C1=CC(=C(C=C1)OCCCN2CCC(CC2)C3=NOC4=C3C=CC(=C4)F)OC,133454-47-4,,3H-LSD,HUMAN,CLONED,,63.1,"Kalkman HO, et al., 2001",http://www.ncbi.nlm.nih.gov/entrez/query.fcgi?cmd=Retrieve&db=PubMed&list_uids=11750183&dopt=Abstract,iloperidone
17029,5-HT3,HTR3A,964,ILOPERIDONE,CC(=O)C1=CC(=C(C=C1)OCCCN2CCC(CC2)C3=NOC4=C3C=CC(=C4)F)OC,133454-47-4,,3H-GR-65630,HUMAN,CLONED,>,10000.0,"Kalkman HO, et al., 2001",http://www.ncbi.nlm.nih.gov/entrez/query.fcgi?cmd=Retrieve&db=PubMed&list_uids=11750183&dopt=Abstract,iloperidone
17031,5-HT1A,HTR1A,964,ILOPERIDONE,CC(=O)C1=CC(=C(C=C1)OCCCN2CCC(CC2)C3=NOC4=C3C=CC(=C4)F)OC,133454-47-4,,3H-8-OH-DPAT,HUMAN,CLONED,,93.1,"Kalkman HO, et al., 2001",http://www.ncbi.nlm.nih.gov/entrez/query.fcgi?cmd=Retrieve&db=PubMed&list_uids=11750183&dopt=Abstract,iloperidone
17123,5-HT1A,HTR1A,964,ILOPERIDONE,CC(=O)C1=CC(=C(C=C1)OCCCN2CCC(CC2)C3=NOC4=C3C=CC(=C4)F)OC,133454-47-4,,3H-8-OH-DPAT,HUMAN,BRAIN,,33.0,"Richelson E, Souder T. 2000",http://www.ncbi.nlm.nih.gov:80/entrez/query.fcgi?cmd=Retrieve&db=PubMed&list_uids=11132243&dopt=Abstract,iloperidone
17126,5-HT1A,HTR1A,1422,ORG-5222,CN1CC2C(C1)C3=C(C=CC(=C3)Cl)OC4=CC=CC=C24,163091,,3H-8-OH-DPAT,HUMAN,BRAIN,,15.0,"Richelson E, Souder T. 2000",http://www.ncbi.nlm.nih.gov:80/entrez/query.fcgi?cmd=Retrieve&db=PubMed&list_uids=11132243&dopt=Abstract,org-5222
17129,5-HT1A,HTR1A,1599,RISPERIDONE,CC1=C(C(=O)N2CCCCC2=N1)CCN3CCC(CC3)C4=NOC5=C4C=CC(=C5)F,106266-06-2,,3H-8-OH-DPAT,HUMAN,BRAIN,,190.0,"Richelson E, Souder T. 2000",http://www.ncbi.nlm.nih.gov:80/entrez/query.fcgi?cmd=Retrieve&db=PubMed&list_uids=11132243&dopt=Abstract,risperidone
17130,5-HT1A,HTR1A,1600,9-OH-risperidone,CC1=C(C(=O)N2CCCC(C2=N1)O)CCN3CCC(CC3)C4=NOC5=C4C=CC(=C5)F,115237,,3H-8-OH-DPAT,HUMAN,BRAIN,,480.0,"Richelson E, Souder T. 2000",http://www.ncbi.nlm.nih.gov:80/entrez/query.fcgi?cmd=Retrieve&db=PubMed&list_uids=11132243&dopt=Abstract,9-oh-risperidone
17132,5-HT1A,HTR1A,1996,Ziprasidone,C1CN(CCN1CCC2=C(C=C3C(=C2)CC(=O)N3)Cl)C4=NSC5=CC=CC=C54,60854,,3H-8-OH-DPAT,HUMAN,BRAIN,,1.9,"Richelson E, Souder T. 2000",http://www.ncbi.nlm.nih.gov:80/entrez/query.fcgi?cmd=Retrieve&db=PubMed&list_uids=11132243&dopt=Abstract,ziprasidone
17137,5-HT1D,HTR1D,964,ILOPERIDONE,CC(=O)C1=CC(=C(C=C1)OCCCN2CCC(CC2)C3=NOC4=C3C=CC(=C4)F)OC,133454-47-4,,3H-5CT,HUMAN,BRAIN,,15.0,"Richelson E, Souder T. 2000",http://www.ncbi.nlm.nih.gov:80/entrez/query.fcgi?cmd=Retrieve&db=PubMed&list_uids=11132243&dopt=Abstract,iloperidone
17140,5-HT1D,HTR1D,1422,ORG-5222,CN1CC2C(C1)C3=C(C=CC(=C3)Cl)OC4=CC=CC=C24,163091,,3H-5CT,HUMAN,BRAIN,,10.2,"Richelson E, Souder T. 2000",http://www.ncbi.nlm.nih.gov:80/entrez/query.fcgi?cmd=Retrieve&db=PubMed&list_uids=11132243&dopt=Abstract,org-5222
17143,5-HT1D,HTR1D,1599,RISPERIDONE,CC1=C(C(=O)N2CCCCC2=N1)CCN3CCC(CC3)C4=NOC5=C4C=CC(=C5)F,106266-06-2,,3H-5CT,HUMAN,BRAIN,,3.9,"Richelson E, Souder T. 2000",http://www.ncbi.nlm.nih.gov:80/entrez/query.fcgi?cmd=Retrieve&db=PubMed&list_uids=11132243&dopt=Abstract,risperidone
17144,5-HT1D,HTR1D,1600,9-OH-risperidone,CC1=C(C(=O)N2CCCC(C2=N1)O)CCN3CCC(CC3)C4=NOC5=C4C=CC(=C5)F,115237,,3H-5CT,HUMAN,BRAIN,,19.0,"Richelson E, Souder T. 2000",http://www.ncbi.nlm.nih.gov:80/entrez/query.fcgi?cmd=Retrieve&db=PubMed&list_uids=11132243&dopt=Abstract,9-oh-risperidone
17146,5-HT1D,HTR1D,1996,Ziprasidone,C1CN(CCN1CCC2=C(C=C3C(=C2)CC(=O)N3)Cl)C4=NSC5=CC=CC=C54,60854,,3H-5CT,HUMAN,BRAIN,,2.4,"Richelson E, Souder T. 2000",http://www.ncbi.nlm.nih.gov:80/entrez/query.fcgi?cmd=Retrieve&db=PubMed&list_uids=11132243&dopt=Abstract,ziprasidone
17151,5-HT2A,HTR2A,964,ILOPERIDONE,CC(=O)C1=CC(=C(C=C1)OCCCN2CCC(CC2)C3=NOC4=C3C=CC(=C4)F)OC,133454-47-4,,3H-KETANSERIN,HUMAN,BRAIN,,0.2,"Richelson E, Souder T. 2000",http://www.ncbi.nlm.nih.gov:80/entrez/query.fcgi?cmd=Retrieve&db=PubMed&list_uids=11132243&dopt=Abstract,iloperidone
17154,5-HT2A,HTR2A,1422,ORG-5222,CN1CC2C(C1)C3=C(C=CC(=C3)Cl)OC4=CC=CC=C24,163091,,3H-KETANSERIN,HUMAN,BRAIN,,0.77,"Richelson E, Souder T. 2000",http://www.ncbi.nlm.nih.gov:80/entrez/query.fcgi?cmd=Retrieve&db=PubMed&list_uids=11132243&dopt=Abstract,org-5222
17157,5-HT2A,HTR2A,1599,RISPERIDONE,CC1=C(C(=O)N2CCCCC2=N1)CCN3CCC(CC3)C4=NOC5=C4C=CC(=C5)F,106266-06-2,,3H-KETANSERIN,HUMAN,BRAIN,,0.15,"Richelson E, Souder T. 2000",http://www.ncbi.nlm.nih.gov:80/entrez/query.fcgi?cmd=Retrieve&db=PubMed&list_uids=11132243&dopt=Abstract,risperidone
17158,5-HT2A,HTR2A,1600,9-OH-risperidone,CC1=C(C(=O)N2CCCC(C2=N1)O)CCN3CCC(CC3)C4=NOC5=C4C=CC(=C5)F,115237,,3H-KETANSERIN,HUMAN,BRAIN,,1.21,"Richelson E, Souder T. 2000",http://www.ncbi.nlm.nih.gov:80/entrez/query.fcgi?cmd=Retrieve&db=PubMed&list_uids=11132243&dopt=Abstract,9-oh-risperidone
17160,5-HT2A,HTR2A,1996,Ziprasidone,C1CN(CCN1CCC2=C(C=C3C(=C2)CC(=O)N3)Cl)C4=NSC5=CC=CC=C54,60854,,3H-KETANSERIN,HUMAN,BRAIN,,0.12,"Richelson E, Souder T. 2000",http://www.ncbi.nlm.nih.gov:80/entrez/query.fcgi?cmd=Retrieve&db=PubMed&list_uids=11132243&dopt=Abstract,ziprasidone
17165,5-HT2C,HTR2C,964,ILOPERIDONE,CC(=O)C1=CC(=C(C=C1)OCCCN2CCC(CC2)C3=NOC4=C3C=CC(=C4)F)OC,133454-47-4,,3H-5HT,HUMAN,BRAIN,,14.0,"Richelson E, Souder T. 2000",http://www.ncbi.nlm.nih.gov:80/entrez/query.fcgi?cmd=Retrieve&db=PubMed&list_uids=11132243&dopt=Abstract,iloperidone
17168,5-HT2C,HTR2C,1422,ORG-5222,CN1CC2C(C1)C3=C(C=CC(=C3)Cl)OC4=CC=CC=C24,163091,,3H-5HT,HUMAN,BRAIN,,0.27,"Richelson E, Souder T. 2000",http://www.ncbi.nlm.nih.gov:80/entrez/query.fcgi?cmd=Retrieve&db=PubMed&list_uids=11132243&dopt=Abstract,org-5222
17171,5-HT2C,HTR2C,1599,RISPERIDONE,CC1=C(C(=O)N2CCCCC2=N1)CCN3CCC(CC3)C4=NOC5=C4C=CC(=C5)F,106266-06-2,,3H-5HT,HUMAN,BRAIN,,32.0,"Richelson E, Souder T. 2000",http://www.ncbi.nlm.nih.gov:80/entrez/query.fcgi?cmd=Retrieve&db=PubMed&list_uids=11132243&dopt=Abstract,risperidone
17172,5-HT2C,HTR2C,1600,9-OH-risperidone,CC1=C(C(=O)N2CCCC(C2=N1)O)CCN3CCC(CC3)C4=NOC5=C4C=CC(=C5)F,115237,,3H-5HT,HUMAN,BRAIN,,48.0,"Richelson E, Souder T. 2000",http://www.ncbi.nlm.nih.gov:80/entrez/query.fcgi?cmd=Retrieve&db=PubMed&list_uids=11132243&dopt=Abstract,9-oh-risperidone
17174,5-HT2C,HTR2C,1996,Ziprasidone,C1CN(CCN1CCC2=C(C=C3C(=C2)CC(=O)N3)Cl)C4=NSC5=CC=CC=C54,60854,,3H-5HT,HUMAN,BRAIN,,0.9,"Richelson E, Souder T. 2000",http://www.ncbi.nlm.nih.gov:80/entrez/query.fcgi?cmd=Retrieve&db=PubMed&list_uids=11132243&dopt=Abstract,ziprasidone
17176,5-HT2C,HTR2C,150,5-Hydroxy Tryptamine,C1=CC2=C(C=C1O)C(=CN2)CCN,50-67-9,58241.0,3H-5HT,HUMAN,BRAIN,,2.9,"Richelson E, Souder T. 2000",http://www.ncbi.nlm.nih.gov:80/entrez/query.fcgi?cmd=Retrieve&db=PubMed&list_uids=11132243&dopt=Abstract,5-hydroxy tryptamine
19776,5-HT2A,HTR2A,1247,MOLINDONE,CCC1=C(NC2=C1C(=O)C(CC2)CN3CCOCC3)C,7416-34-4,,UNDEFINED,HUMAN,CLONED,,5800.0,"Seeman P, Tallerico T., 1998",http://www.ncbi.nlm.nih.gov/entrez/query.fcgi?cmd=Retrieve&db=PubMed&list_uids=9577836&dopt=Abstract,molindone
19782,5-HT2A,HTR2A,964,ILOPERIDONE,CC(=O)C1=CC(=C(C=C1)OCCCN2CCC(CC2)C3=NOC4=C3C=CC(=C4)F)OC,133454-47-4,,UNDEFINED,HUMAN,CLONED,,0.12,"Seeman P, Tallerico T., 1998",http://www.ncbi.nlm.nih.gov/entrez/query.fcgi?cmd=Retrieve&db=PubMed&list_uids=9577836&dopt=Abstract,iloperidone
19788,5-HT2A,HTR2A,1996,Ziprasidone,C1CN(CCN1CCC2=C(C=C3C(=C2)CC(=O)N3)Cl)C4=NSC5=CC=CC=C54,60854,,UNDEFINED,RAT,CORTEX,,3.3,"Seeman P, Tallerico T., 1998",http://www.ncbi.nlm.nih.gov/entrez/query.fcgi?cmd=Retrieve&db=PubMed&list_uids=9577836&dopt=Abstract,ziprasidone
19795,5-HT2A,HTR2A,1599,RISPERIDONE,CC1=C(C(=O)N2CCCCC2=N1)CCN3CCC(CC3)C4=NOC5=C4C=CC(=C5)F,106266-06-2,,UNDEFINED,RAT,CORTEX,,0.21,"Seeman P, Tallerico T., 1998",http://www.ncbi.nlm.nih.gov/entrez/query.fcgi?cmd=Retrieve&db=PubMed&list_uids=9577836&dopt=Abstract,risperidone
20709,5-HT1A,HTR1A,437,"DMT,5-OH",CN(C)CCC1=CNC2=C1C=C(C=C2)O,487-93-4,89593.0,3H-PAT,RAT,STRIATUM,,1023.2929922808,"Gozlan H et al., 1983",http://www.ncbi.nlm.nih.gov/entrez/query.fcgi?cmd=Retrieve&db=PubMed&list_uids=6225026&dopt=Abstract,"dmt,5-oh"
20710,5-HT1A,HTR1A,2793,"5-M-N,N-DMT",,,,3H-PAT,RAT,STRIATUM,,288.40315031266,"Gozlan H et al., 1983",http://www.ncbi.nlm.nih.gov/entrez/query.fcgi?cmd=Retrieve&db=PubMed&list_uids=6225026&dopt=Abstract,"5-m-n,n-dmt"
20712,5-HT1A,HTR1A,150,5-Hydroxy Tryptamine,C1=CC2=C(C=C1O)C(=CN2)CCN,50-67-9,58241.0,3H-PAT,RAT,STRIATUM,,46.77351412872,"Gozlan H et al., 1983",http://www.ncbi.nlm.nih.gov/entrez/query.fcgi?cmd=Retrieve&db=PubMed&list_uids=6225026&dopt=Abstract,5-hydroxy tryptamine
20746,5-HT1A,HTR1A,2793,"5-M-N,N-DMT",,,,3H-PAT,RAT,HIPPOCAMPUS,,39.81071705535,"Gozlan H et al., 1983",http://www.ncbi.nlm.nih.gov/entrez/query.fcgi?cmd=Retrieve&db=PubMed&list_uids=6225026&dopt=Abstract,"5-m-n,n-dmt"
20747,5-HT1A,HTR1A,437,"DMT,5-OH",CN(C)CCC1=CNC2=C1C=C(C=C2)O,487-93-4,89593.0,3H-PAT,RAT,HIPPOCAMPUS,,21.379620895022,"Gozlan H et al., 1983",http://www.ncbi.nlm.nih.gov/entrez/query.fcgi?cmd=Retrieve&db=PubMed&list_uids=6225026&dopt=Abstract,"dmt,5-oh"
20749,5-HT1A,HTR1A,150,5-Hydroxy Tryptamine,C1=CC2=C(C=C1O)C(=CN2)CCN,50-67-9,58241.0,3H-PAT,RAT,HIPPOCAMPUS,,6.7608297539198,"Gozlan H et al., 1983",http://www.ncbi.nlm.nih.gov/entrez/query.fcgi?cmd=Retrieve&db=PubMed&list_uids=6225026&dopt=Abstract,5-hydroxy tryptamine
21989,5-HT2C,HTR2C,281,AMDA,,,,3H-MESULERGINE,RAT,CLONED,,43.0,"Runyon S.P. et al., 2001",http://www.ncbi.nlm.nih.gov:80/entrez/query.fcgi?cmd=Retrieve&db=PubMed&list_uids=11266163&dopt=Abstract#http://www.ncbi.nlm.nih.gov:80/entrez/query.fcgi?cmd=Retrieve&db=PubMed&list_uids=11266163&dopt=Abstract#,amda
21992,5-HT2A,HTR2A,281,AMDA,,,,3H-KETANSERIN,RAT,CLONED,,20.0,"Runyon S.P. et al., 2001",http://www.ncbi.nlm.nih.gov:80/entrez/query.fcgi?cmd=Retrieve&db=PubMed&list_uids=11266163&dopt=Abstract#http://www.ncbi.nlm.nih.gov:80/entrez/query.fcgi?cmd=Retrieve&db=PubMed&list_uids=11266163&dopt=Abstract#,amda
22548,5-HT2A,HTR2A,1599,RISPERIDONE,CC1=C(C(=O)N2CCCCC2=N1)CCN3CCC(CC3)C4=NOC5=C4C=CC(=C5)F,106266-06-2,,3H-Methylspiperone,HUMAN,CLONED,,1.1,"Kongsamut, S, et. al., 2002",http://www.ncbi.nlm.nih.gov/entrez/query.fcgi?cmd=Retrieve&db=PubMed&list_uids=12176106&dopt=Abstract,risperidone
22549,5-HT2A,HTR2A,1996,Ziprasidone,C1CN(CCN1CCC2=C(C=C3C(=C2)CC(=O)N3)Cl)C4=NSC5=CC=CC=C54,60854,,3H-Methylspiperone,HUMAN,CLONED,,0.5,"Kongsamut, S, et. al., 2002",http://www.ncbi.nlm.nih.gov/entrez/query.fcgi?cmd=Retrieve&db=PubMed&list_uids=12176106&dopt=Abstract,ziprasidone
24067,5-HT2A,HTR2A,1247,MOLINDONE,CCC1=C(NC2=C1C(=O)C(CC2)CN3CCOCC3)C,7416-34-4,,UNDEFINED,HUMAN,CLONED,,5800.0,"Seeman, Philip  2001",http://www.sciencedirect.com/science?_ob=ArticleURL&_udi=B6W84-42KD8D9-7&_coverDate=01%2F31%2F2001&_alid=93617739&_rdoc=1&_fmt=&_orig=search&_qd=1&_cdi=6644&_sort=d&view=c&_acct=C000050221&_version=1&_urlVersion=0&_userid=10&md5=5e5748d1ff8f5317fb6669f7ddc989f6,molindone
24072,5-HT2A,HTR2A,1599,RISPERIDONE,CC1=C(C(=O)N2CCCCC2=N1)CCN3CCC(CC3)C4=NOC5=C4C=CC(=C5)F,106266-06-2,,UNDEFINED,HUMAN,CLONED,,0.21,"Seeman, Philip  2001",http://www.sciencedirect.com/science?_ob=ArticleURL&_udi=B6W84-42KD8D9-7&_coverDate=01%2F31%2F2001&_alid=93617739&_rdoc=1&_fmt=&_orig=search&_qd=1&_cdi=6644&_sort=d&view=c&_acct=C000050221&_version=1&_urlVersion=0&_userid=10&md5=5e5748d1ff8f5317fb6669f7ddc989f6,risperidone
24082,5-HT2A,HTR2A,1247,MOLINDONE,CCC1=C(NC2=C1C(=O)C(CC2)CN3CCOCC3)C,7416-34-4,,3H-KETANSERIN,HUMAN,CLONED,,5200.0,"Seeman, Philip  2001",http://www.sciencedirect.com/science?_ob=ArticleURL&_udi=B6W84-42KD8D9-7&_coverDate=01%2F31%2F2001&_alid=93617739&_rdoc=1&_fmt=&_orig=search&_qd=1&_cdi=6644&_sort=d&view=c&_acct=C000050221&_version=1&_urlVersion=0&_userid=10&md5=5e5748d1ff8f5317fb6669f7ddc989f6,molindone
24086,5-HT2A,HTR2A,1599,RISPERIDONE,CC1=C(C(=O)N2CCCCC2=N1)CCN3CCC(CC3)C4=NOC5=C4C=CC(=C5)F,106266-06-2,,3H-KETANSERIN,HUMAN,CLONED,,0.2,"Seeman, Philip  2001",http://www.sciencedirect.com/science?_ob=ArticleURL&_udi=B6W84-42KD8D9-7&_coverDate=01%2F31%2F2001&_alid=93617739&_rdoc=1&_fmt=&_orig=search&_qd=1&_cdi=6644&_sort=d&view=c&_acct=C000050221&_version=1&_urlVersion=0&_userid=10&md5=5e5748d1ff8f5317fb6669f7ddc989f6,risperidone
24097,5-HT2A,HTR2A,1247,MOLINDONE,CCC1=C(NC2=C1C(=O)C(CC2)CN3CCOCC3)C,7416-34-4,,3H-SPIPERONE,HUMAN,CLONED,,5000.0,"Seeman, Philip  2001",http://www.sciencedirect.com/science?_ob=ArticleURL&_udi=B6W84-42KD8D9-7&_coverDate=01%2F31%2F2001&_alid=93617739&_rdoc=1&_fmt=&_orig=search&_qd=1&_cdi=6644&_sort=d&view=c&_acct=C000050221&_version=1&_urlVersion=0&_userid=10&md5=5e5748d1ff8f5317fb6669f7ddc989f6,molindone
24101,5-HT2A,HTR2A,1599,RISPERIDONE,CC1=C(C(=O)N2CCCCC2=N1)CCN3CCC(CC3)C4=NOC5=C4C=CC(=C5)F,106266-06-2,,3H-SPIPERONE,HUMAN,CLONED,,0.19,"Seeman, Philip  2001",http://www.sciencedirect.com/science?_ob=ArticleURL&_udi=B6W84-42KD8D9-7&_coverDate=01%2F31%2F2001&_alid=93617739&_rdoc=1&_fmt=&_orig=search&_qd=1&_cdi=6644&_sort=d&view=c&_acct=C000050221&_version=1&_urlVersion=0&_userid=10&md5=5e5748d1ff8f5317fb6669f7ddc989f6,risperidone
24271,5-HT2B,HTR2B,3076,"MDA, (R,S)",,,,3H-LSD,HUMAN,CLONED,,100.0,"Setola V, et al., 2003",http://molpharm.aspetjournals.org/cgi/content/full/63/6/1223,"mda, (r,s)"
24577,5-HT1A,HTR1A,150,5-Hydroxy Tryptamine,C1=CC2=C(C=C1O)C(=CN2)CCN,50-67-9,58241.0,3H-8-OH-DPAT,RAT,HIPPOCAMPUS,,1.8,"Borsini F, et al., 1995",http://www.ncbi.nlm.nih.gov/entrez/query.fcgi?cmd=Retrieve&db=PubMed&list_uids=8584042&dopt=Abstract,5-hydroxy tryptamine
24578,5-HT1A,HTR1A,150,5-Hydroxy Tryptamine,C1=CC2=C(C=C1O)C(=CN2)CCN,50-67-9,58241.0,3H-8-OH-DPAT,RAT,FR. CORTEX,,4.2,"Borsini F, et al., 1995",http://www.ncbi.nlm.nih.gov/entrez/query.fcgi?cmd=Retrieve&db=PubMed&list_uids=8584042&dopt=Abstract,5-hydroxy tryptamine
24579,5-HT1B,HTR1B,150,5-Hydroxy Tryptamine,C1=CC2=C(C=C1O)C(=CN2)CCN,50-67-9,58241.0,3H-5HT,RAT,STRIATUM,,3.0,"Borsini F, et al., 1995",http://www.ncbi.nlm.nih.gov/entrez/query.fcgi?cmd=Retrieve&db=PubMed&list_uids=8584042&dopt=Abstract,5-hydroxy tryptamine
24580,5-HT1D,HTR1D,150,5-Hydroxy Tryptamine,C1=CC2=C(C=C1O)C(=CN2)CCN,50-67-9,58241.0,3H-5HT,RAT,CEREBRAL CORTEX,,18.0,"Borsini F, et al., 1995",http://www.ncbi.nlm.nih.gov/entrez/query.fcgi?cmd=Retrieve&db=PubMed&list_uids=8584042&dopt=Abstract,5-hydroxy tryptamine
25131,5-HT6,HTR6,1599,RISPERIDONE,CC1=C(C(=O)N2CCCCC2=N1)CCN3CCC(CC3)C4=NOC5=C4C=CC(=C5)F,106266-06-2,,3H-LSD,HUMAN,CLONED,,2240.67,PDSP Certified Data,http://pdsp.med.unc.edu/pdsp.php,risperidone
25141,5-HT1A,HTR1A,1599,RISPERIDONE,CC1=C(C(=O)N2CCCCC2=N1)CCN3CCC(CC3)C4=NOC5=C4C=CC(=C5)F,106266-06-2,,3H-8-OH-DPAT,HUMAN,CLONED,,427.0,PDSP Certified Data,http://pdsp.med.unc.edu/pdsp.php,risperidone
25142,5-HT3,HTR3A,1599,RISPERIDONE,CC1=C(C(=O)N2CCCCC2=N1)CCN3CCC(CC3)C4=NOC5=C4C=CC(=C5)F,106266-06-2,,3H-ZACOPRIDE,HUMAN,CLONED,>,10000.0,PDSP Certified Data,http://pdsp.med.unc.edu/pdsp.php,risperidone
25150,5-HT2A,HTR2A,1599,RISPERIDONE,CC1=C(C(=O)N2CCCCC2=N1)CCN3CCC(CC3)C4=NOC5=C4C=CC(=C5)F,106266-06-2,,3H-KETANSERIN,RAT,CLONED,,0.19,PDSP Certified Data,http://pdsp.med.unc.edu/pdsp.php,risperidone
25151,5-HT1E,HTR1E,1599,RISPERIDONE,CC1=C(C(=O)N2CCCCC2=N1)CCN3CCC(CC3)C4=NOC5=C4C=CC(=C5)F,106266-06-2,,3H-5HT,HUMAN,CLONED,>,10000.0,PDSP Certified Data,http://pdsp.med.unc.edu/pdsp.php,risperidone
25153,5-HT1D,HTR1D,1599,RISPERIDONE,CC1=C(C(=O)N2CCCCC2=N1)CCN3CCC(CC3)C4=NOC5=C4C=CC(=C5)F,106266-06-2,,3H-GR-125743,HUMAN,CLONED,,29.22,PDSP Certified Data,http://pdsp.med.unc.edu/pdsp.php,risperidone
25165,5-HT1B,HTR1B,1599,RISPERIDONE,CC1=C(C(=O)N2CCCCC2=N1)CCN3CCC(CC3)C4=NOC5=C4C=CC(=C5)F,106266-06-2,,3H-GR-125743,HUMAN,CLONED,,53.61,PDSP Certified Data,http://pdsp.med.unc.edu/pdsp.php,risperidone
25167,5-HT2C,HTR2C,1599,RISPERIDONE,CC1=C(C(=O)N2CCCCC2=N1)CCN3CCC(CC3)C4=NOC5=C4C=CC(=C5)F,106266-06-2,,3H-MESULERGINE,RAT,CLONED,,94.91,PDSP Certified Data,http://pdsp.med.unc.edu/pdsp.php,risperidone
25171,5-HT7,HTR7,1599,RISPERIDONE,CC1=C(C(=O)N2CCCCC2=N1)CCN3CCC(CC3)C4=NOC5=C4C=CC(=C5)F,106266-06-2,,3H-LSD,HUMAN,CLONED,,6.6,PDSP Certified Data,http://pdsp.med.unc.edu/pdsp.php,risperidone
25274,5-HT2C,HTR2C,1996,Ziprasidone,C1CN(CCN1CCC2=C(C=C3C(=C2)CC(=O)N3)Cl)C4=NSC5=CC=CC=C54,60854,,3H-MESULERGINE,RAT,CLONED,,68.0,PDSP Certified Data,http://pdsp.med.unc.edu/pdsp.php,ziprasidone
25279,5-HT1B,HTR1B,1996,Ziprasidone,C1CN(CCN1CCC2=C(C=C3C(=C2)CC(=O)N3)Cl)C4=NSC5=CC=CC=C54,60854,,3H-GR-125743,HUMAN,CLONED,,4.0,PDSP Certified Data,http://pdsp.med.unc.edu/pdsp.php,ziprasidone
25280,5-HT1E,HTR1E,1996,Ziprasidone,C1CN(CCN1CCC2=C(C=C3C(=C2)CC(=O)N3)Cl)C4=NSC5=CC=CC=C54,60854,,3H-5HT,HUMAN,CLONED,,1279.0,PDSP Certified Data,http://pdsp.med.unc.edu/pdsp.php,ziprasidone
25288,5-HT1D,HTR1D,1996,Ziprasidone,C1CN(CCN1CCC2=C(C=C3C(=C2)CC(=O)N3)Cl)C4=NSC5=CC=CC=C54,60854,,3H-GR-125743,HUMAN,CLONED,,9.0,PDSP Certified Data,http://pdsp.med.unc.edu/pdsp.php,ziprasidone
25289,5-HT2A,HTR2A,1996,Ziprasidone,C1CN(CCN1CCC2=C(C=C3C(=C2)CC(=O)N3)Cl)C4=NSC5=CC=CC=C54,60854,,3H-KETANSERIN,RAT,CLONED,,2.8,PDSP Certified Data,http://pdsp.med.unc.edu/pdsp.php,ziprasidone
25297,5-HT6,HTR6,1996,Ziprasidone,C1CN(CCN1CCC2=C(C=C3C(=C2)CC(=O)N3)Cl)C4=NSC5=CC=CC=C54,60854,,3H-LSD,HUMAN,CLONED,,61.0,PDSP Certified Data,http://pdsp.med.unc.edu/pdsp.php,ziprasidone
25302,5-HT7,HTR7,1996,Ziprasidone,C1CN(CCN1CCC2=C(C=C3C(=C2)CC(=O)N3)Cl)C4=NSC5=CC=CC=C54,60854,,3H-LSD,HUMAN,CLONED,,6.0,PDSP Certified Data,http://pdsp.med.unc.edu/pdsp.php,ziprasidone
25306,5-HT1A,HTR1A,1996,Ziprasidone,C1CN(CCN1CCC2=C(C=C3C(=C2)CC(=O)N3)Cl)C4=NSC5=CC=CC=C54,60854,,3H-8-OH-DPAT,HUMAN,CLONED,,76.0,PDSP Certified Data,http://pdsp.med.unc.edu/pdsp.php,ziprasidone
25313,5-HT3,HTR3A,1996,Ziprasidone,C1CN(CCN1CCC2=C(C=C3C(=C2)CC(=O)N3)Cl)C4=NSC5=CC=CC=C54,60854,,3H-ZACOPRIDE,HUMAN,CLONED,>,10000.0,PDSP Certified Data,http://pdsp.med.unc.edu/pdsp.php,ziprasidone
26108,5-HT1A,HTR1A,3154,"Pseudonorephedrine, (+) [cathine, (+)]",CC(C(C1=CC=CC=C1)O)N,4786,,3H-8-OH-DPAT,HUMAN,CLONED,>,10000.0,PDSP Certified Data,http://pdsp.med.unc.edu/pdsp.php,"pseudonorephedrine, (+) [cathine, (+)]"
26123,5-HT1B,HTR1B,3154,"Pseudonorephedrine, (+) [cathine, (+)]",CC(C(C1=CC=CC=C1)O)N,4786,,3H-GR-125743,HUMAN,CLONED,>,10000.0,PDSP Certified Data,http://pdsp.med.unc.edu/pdsp.php,"pseudonorephedrine, (+) [cathine, (+)]"
26127,5-HT7,HTR7,3154,"Pseudonorephedrine, (+) [cathine, (+)]",CC(C(C1=CC=CC=C1)O)N,4786,,3H-LSD,HUMAN,CLONED,>,10000.0,PDSP Certified Data,http://pdsp.med.unc.edu/pdsp.php,"pseudonorephedrine, (+) [cathine, (+)]"
26131,5-HT2C,HTR2C,3154,"Pseudonorephedrine, (+) [cathine, (+)]",CC(C(C1=CC=CC=C1)O)N,4786,,3H-MESULERGINE,RAT,CLONED,>,10000.0,PDSP Certified Data,http://pdsp.med.unc.edu/pdsp.php,"pseudonorephedrine, (+) [cathine, (+)]"
26137,5-HT3,HTR3A,3154,"Pseudonorephedrine, (+) [cathine, (+)]",CC(C(C1=CC=CC=C1)O)N,4786,,3H-ZACOPRIDE,HUMAN,CLONED,>,10000.0,PDSP Certified Data,http://pdsp.med.unc.edu/pdsp.php,"pseudonorephedrine, (+) [cathine, (+)]"
26139,5-HT6,HTR6,3154,"Pseudonorephedrine, (+) [cathine, (+)]",CC(C(C1=CC=CC=C1)O)N,4786,,3H-LSD,HUMAN,CLONED,>,10000.0,PDSP Certified Data,http://pdsp.med.unc.edu/pdsp.php,"pseudonorephedrine, (+) [cathine, (+)]"
26146,5-HT1D,HTR1D,3154,"Pseudonorephedrine, (+) [cathine, (+)]",CC(C(C1=CC=CC=C1)O)N,4786,,3H-GR-125743,HUMAN,CLONED,>,10000.0,PDSP Certified Data,http://pdsp.med.unc.edu/pdsp.php,"pseudonorephedrine, (+) [cathine, (+)]"
26153,5-HT2A,HTR2A,3154,"Pseudonorephedrine, (+) [cathine, (+)]",CC(C(C1=CC=CC=C1)O)N,4786,,3H-KETANSERIN,RAT,CLONED,>,10000.0,PDSP Certified Data,http://pdsp.med.unc.edu/pdsp.php,"pseudonorephedrine, (+) [cathine, (+)]"
26155,5-HT1E,HTR1E,3154,"Pseudonorephedrine, (+) [cathine, (+)]",CC(C(C1=CC=CC=C1)O)N,4786,,3H-5HT,HUMAN,CLONED,>,10000.0,PDSP Certified Data,http://pdsp.med.unc.edu/pdsp.php,"pseudonorephedrine, (+) [cathine, (+)]"
26165,5-HT1A,HTR1A,3153,"Pseudonorephedrine, (-) [cathine, (-)]",CC(C(C1=CC=CC=C1)O)N,4786,,3H-8-OH-DPAT,HUMAN,CLONED,>,10000.0,PDSP Certified Data,http://pdsp.med.unc.edu/pdsp.php,"pseudonorephedrine, (-) [cathine, (-)]"
26166,5-HT2C,HTR2C,3153,"Pseudonorephedrine, (-) [cathine, (-)]",CC(C(C1=CC=CC=C1)O)N,4786,,3H-MESULERGINE,RAT,CLONED,>,10000.0,PDSP Certified Data,http://pdsp.med.unc.edu/pdsp.php,"pseudonorephedrine, (-) [cathine, (-)]"
26169,5-HT3,HTR3A,3153,"Pseudonorephedrine, (-) [cathine, (-)]",CC(C(C1=CC=CC=C1)O)N,4786,,3H-ZACOPRIDE,HUMAN,CLONED,>,10000.0,PDSP Certified Data,http://pdsp.med.unc.edu/pdsp.php,"pseudonorephedrine, (-) [cathine, (-)]"
26170,5-HT1B,HTR1B,3153,"Pseudonorephedrine, (-) [cathine, (-)]",CC(C(C1=CC=CC=C1)O)N,4786,,3H-GR-125743,HUMAN,CLONED,>,10000.0,PDSP Certified Data,http://pdsp.med.unc.edu/pdsp.php,"pseudonorephedrine, (-) [cathine, (-)]"
26171,5-HT1E,HTR1E,3153,"Pseudonorephedrine, (-) [cathine, (-)]",CC(C(C1=CC=CC=C1)O)N,4786,,3H-5HT,HUMAN,CLONED,>,10000.0,PDSP Certified Data,http://pdsp.med.unc.edu/pdsp.php,"pseudonorephedrine, (-) [cathine, (-)]"
26174,5-HT1D,HTR1D,3153,"Pseudonorephedrine, (-) [cathine, (-)]",CC(C(C1=CC=CC=C1)O)N,4786,,3H-GR-125743,HUMAN,CLONED,>,10000.0,PDSP Certified Data,http://pdsp.med.unc.edu/pdsp.php,"pseudonorephedrine, (-) [cathine, (-)]"
26178,5-HT2A,HTR2A,3153,"Pseudonorephedrine, (-) [cathine, (-)]",CC(C(C1=CC=CC=C1)O)N,4786,,3H-KETANSERIN,RAT,CLONED,>,10000.0,PDSP Certified Data,http://pdsp.med.unc.edu/pdsp.php,"pseudonorephedrine, (-) [cathine, (-)]"
26208,5-HT6,HTR6,3153,"Pseudonorephedrine, (-) [cathine, (-)]",CC(C(C1=CC=CC=C1)O)N,4786,,3H-LSD,HUMAN,CLONED,>,10000.0,PDSP Certified Data,http://pdsp.med.unc.edu/pdsp.php,"pseudonorephedrine, (-) [cathine, (-)]"
26212,5-HT7,HTR7,3153,"Pseudonorephedrine, (-) [cathine, (-)]",CC(C(C1=CC=CC=C1)O)N,4786,,3H-LSD,HUMAN,CLONED,>,10000.0,PDSP Certified Data,http://pdsp.med.unc.edu/pdsp.php,"pseudonorephedrine, (-) [cathine, (-)]"
26927,5-HT6,HTR6,150,5-Hydroxy Tryptamine,C1=CC2=C(C=C1O)C(=CN2)CCN,50-67-9,58241.0,3H-LSD,HUMAN,CLONED,,131.82567385564,"Hirst WD, et.al.,2003",http://www.ncbi.nlm.nih.gov/entrez/query.fcgi?cmd=Retrieve&db=PubMed&list_uids=14645659&dopt=Abstract,5-hydroxy tryptamine
26928,5-HT6,HTR6,150,5-Hydroxy Tryptamine,C1=CC2=C(C=C1O)C(=CN2)CCN,50-67-9,58241.0,3H-LSD,RAT,CLONED,,79.432823472428,"Hirst WD, et.al.,2003",http://www.ncbi.nlm.nih.gov/entrez/query.fcgi?cmd=Retrieve&db=PubMed&list_uids=14645659&dopt=Abstract,5-hydroxy tryptamine
26929,5-HT6,HTR6,150,5-Hydroxy Tryptamine,C1=CC2=C(C=C1O)C(=CN2)CCN,50-67-9,58241.0,3H-LSD,MOUSE,CLONED,,95.499258602144,"Hirst WD, et.al.,2003",http://www.ncbi.nlm.nih.gov/entrez/query.fcgi?cmd=Retrieve&db=PubMed&list_uids=14645659&dopt=Abstract,5-hydroxy tryptamine
26930,5-HT6,HTR6,172,5-Methoxytryptamine,COC1=CC2=C(C=C1)NC=C2CCN,608-07-1,56422.0,3H-LSD,MOUSE,CLONED,,23.442288153199,"Hirst WD, et.al.,2003",http://www.ncbi.nlm.nih.gov/entrez/query.fcgi?cmd=Retrieve&db=PubMed&list_uids=14645659&dopt=Abstract,5-methoxytryptamine
26931,5-HT6,HTR6,172,5-Methoxytryptamine,COC1=CC2=C(C=C1)NC=C2CCN,608-07-1,56422.0,3H-LSD,RAT,CLONED,,22.387211385683,"Hirst WD, et.al.,2003",http://www.ncbi.nlm.nih.gov/entrez/query.fcgi?cmd=Retrieve&db=PubMed&list_uids=14645659&dopt=Abstract,5-methoxytryptamine
26932,5-HT6,HTR6,172,5-Methoxytryptamine,COC1=CC2=C(C=C1)NC=C2CCN,608-07-1,56422.0,3H-LSD,HUMAN,CLONED,,69.183097091894,"Hirst WD, et.al.,2003",http://www.ncbi.nlm.nih.gov/entrez/query.fcgi?cmd=Retrieve&db=PubMed&list_uids=14645659&dopt=Abstract,5-methoxytryptamine
27135,5-HT1A,HTR1A,150,5-Hydroxy Tryptamine,C1=CC2=C(C=C1O)C(=CN2)CCN,50-67-9,58241.0,3H-8-OH-DPAT,HUMAN,CLONED,,1.2,"May JA, et al., 2003",http://www.ncbi.nlm.nih.gov/entrez/query.fcgi?cmd=Retrieve&db=PubMed&list_uids=12954071&dopt=Abstract,5-hydroxy tryptamine
27142,5-HT1A,HTR1A,720,"DOI,(-)",CC(CC1=CC(=C(C=C1OC)I)OC)N,82864-02-6,,3H-8-OH-DPAT,HUMAN,CLONED,,3843.0,"May JA, et al., 2003",http://www.ncbi.nlm.nih.gov/entrez/query.fcgi?cmd=Retrieve&db=PubMed&list_uids=12954071&dopt=Abstract,"doi,(-)"
27143,5-HT2A,HTR2A,150,5-Hydroxy Tryptamine,C1=CC2=C(C=C1O)C(=CN2)CCN,50-67-9,58241.0,125I-DOI,RAT,BRAIN,,0.3,"May JA, et al., 2003",http://www.ncbi.nlm.nih.gov/entrez/query.fcgi?cmd=Retrieve&db=PubMed&list_uids=12954071&dopt=Abstract,5-hydroxy tryptamine
27152,5-HT2A,HTR2A,720,"DOI,(-)",CC(CC1=CC(=C(C=C1OC)I)OC)N,82864-02-6,,125I-DOI,RAT,BRAIN,,0.1,"May JA, et al., 2003",http://www.ncbi.nlm.nih.gov/entrez/query.fcgi?cmd=Retrieve&db=PubMed&list_uids=12954071&dopt=Abstract,"doi,(-)"
27153,5-HT2A,HTR2A,150,5-Hydroxy Tryptamine,C1=CC2=C(C=C1O)C(=CN2)CCN,50-67-9,58241.0,125I-DOI,HUMAN,CLONED,,8.2,"May JA, et al., 2003",http://www.ncbi.nlm.nih.gov/entrez/query.fcgi?cmd=Retrieve&db=PubMed&list_uids=12954071&dopt=Abstract,5-hydroxy tryptamine
27161,5-HT2A,HTR2A,720,"DOI,(-)",CC(CC1=CC(=C(C=C1OC)I)OC)N,82864-02-6,,125I-DOI,HUMAN,CLONED,,0.65,"May JA, et al., 2003",http://www.ncbi.nlm.nih.gov/entrez/query.fcgi?cmd=Retrieve&db=PubMed&list_uids=12954071&dopt=Abstract,"doi,(-)"
27509,5-HT1B,HTR1B,150,5-Hydroxy Tryptamine,C1=CC2=C(C=C1O)C(=CN2)CCN,50-67-9,58241.0,3H-GR-125743,RAT,FR. CORTEX,,0.85113803820238,"Millan MJ, et al., 2002a",http://www.ncbi.nlm.nih.gov/entrez/query.fcgi?cmd=Retrieve&db=PubMed&list_uids=11888550&dopt=Abstract,5-hydroxy tryptamine
27510,5-HT1B,HTR1B,150,5-Hydroxy Tryptamine,C1=CC2=C(C=C1O)C(=CN2)CCN,50-67-9,58241.0,3H-GR-125743,GUINEA PIG,STRIATUM,,2.2908676527678,"Millan MJ, et al., 2002a",http://www.ncbi.nlm.nih.gov/entrez/query.fcgi?cmd=Retrieve&db=PubMed&list_uids=11888550&dopt=Abstract,5-hydroxy tryptamine
27757,5-HT2B,HTR2B,150,5-Hydroxy Tryptamine,C1=CC2=C(C=C1O)C(=CN2)CCN,50-67-9,58241.0,Functional,HUMAN,CLONED,,1.0,"Setola V, et al., 2003",http://molpharm.aspetjournals.org/cgi/content/full/63/6/1223,5-hydroxy tryptamine
27763,5-HT2B,HTR2B,1185,"MDMA, R(-)",,,,Functional,HUMAN,CLONED,,900.0,"Setola V, et al., 2003",http://molpharm.aspetjournals.org/cgi/content/full/63/6/1223,"mdma, r(-)"
27764,5-HT2B,HTR2B,1186,"MDMA,S(+)",CC(CC1=CC2=C(C=C1O)OCO2)NC,64057-70-1,168383.0,Functional,HUMAN,CLONED,,6000.0,"Setola V, et al., 2003",http://molpharm.aspetjournals.org/cgi/content/full/63/6/1223,"mdma,s(+)"
27765,5-HT2B,HTR2B,3076,"MDA, (R,S)",,,,Functional,HUMAN,CLONED,,190.0,"Setola V, et al., 2003",http://molpharm.aspetjournals.org/cgi/content/full/63/6/1223,"mda, (r,s)"
27766,5-HT2B,HTR2B,1170,"MDA,R(-)",CC(CC1=CC2=C(C=C1)OCO2)N,3046161,,Functional,HUMAN,CLONED,,150.0,"Setola V, et al., 2003",http://molpharm.aspetjournals.org/cgi/content/full/63/6/1223,"mda,r(-)"
27767,5-HT2B,HTR2B,1171,"MDA,S(+)",CC(CC1=CC2=C(C=C1)OCO2)N,3050061,,Functional,HUMAN,CLONED,,100.0,"Setola V, et al., 2003",http://molpharm.aspetjournals.org/cgi/content/full/63/6/1223,"mda,s(+)"
27866,5-HT2A,HTR2A,3306,SpAMDA,,,,3H-KETANSERIN,HUMAN,CLONED,,4.0,"Peddi S, et.al., 2003a",http://www.ncbi.nlm.nih.gov/entrez/query.fcgi?cmd=Retrieve&db=PubMed&list_uids=14660041&dopt=Abstract,spamda
27868,5-HT2A,HTR2A,281,AMDA,,,,3H-KETANSERIN,HUMAN,CLONED,,21.0,"Peddi S, et.al., 2003a",http://www.ncbi.nlm.nih.gov/entrez/query.fcgi?cmd=Retrieve&db=PubMed&list_uids=14660041&dopt=Abstract,amda
27869,5-HT6,HTR6,3308,"5-Methoxy-N,N-dimethyl-1-(benzenesulfonyl)tryptamine",,,,3H-LSD,HUMAN,CLONED,,2.3,"Pullagurla M, et.al.,2003",http://www.ncbi.nlm.nih.gov/entrez/query.fcgi?cmd=Retrieve&db=PubMed&list_uids=12951125&dopt=Abstract,"5-methoxy-n,n-dimethyl-1-(benzenesulfonyl)tryptamine"
27870,5-HT6,HTR6,3309,"5-Hydroxy-N,N-dimethyl-1-(benzenesulfonyl)tryptamine",,,,3H-LSD,HUMAN,CLONED,,28.0,"Pullagurla M, et.al.,2003",http://www.ncbi.nlm.nih.gov/entrez/query.fcgi?cmd=Retrieve&db=PubMed&list_uids=12951125&dopt=Abstract,"5-hydroxy-n,n-dimethyl-1-(benzenesulfonyl)tryptamine"
27871,5-HT6,HTR6,3310,"N,N-dimethyl-1-(benzenesulfonyl)tryptamine",,,,3H-LSD,HUMAN,CLONED,,4.1,"Pullagurla M, et.al.,2003",http://www.ncbi.nlm.nih.gov/entrez/query.fcgi?cmd=Retrieve&db=PubMed&list_uids=12951125&dopt=Abstract,"n,n-dimethyl-1-(benzenesulfonyl)tryptamine"
27872,5-HT6,HTR6,3311,5-Methoxy-N-methyl-1-(benzenesulfonyl)tryptamine,,,,3H-LSD,HUMAN,CLONED,,23.0,"Pullagurla M, et.al.,2003",http://www.ncbi.nlm.nih.gov/entrez/query.fcgi?cmd=Retrieve&db=PubMed&list_uids=12951125&dopt=Abstract,5-methoxy-n-methyl-1-(benzenesulfonyl)tryptamine
27873,5-HT6,HTR6,3312,"5-Methoxy-N,N-diethyl-1-(benzenesulfonyl)tryptamine",,,,3H-LSD,HUMAN,CLONED,,6.2,"Pullagurla M, et.al.,2003",http://www.ncbi.nlm.nih.gov/entrez/query.fcgi?cmd=Retrieve&db=PubMed&list_uids=12951125&dopt=Abstract,"5-methoxy-n,n-diethyl-1-(benzenesulfonyl)tryptamine"
27874,5-HT6,HTR6,3313,5-Methoxy-N-benzyl-N-methyl-1-(benzenesulfonyl)tryptamine,,,,3H-LSD,HUMAN,CLONED,,43.0,"Pullagurla M, et.al.,2003",http://www.ncbi.nlm.nih.gov/entrez/query.fcgi?cmd=Retrieve&db=PubMed&list_uids=12951125&dopt=Abstract,5-methoxy-n-benzyl-n-methyl-1-(benzenesulfonyl)tryptamine
27875,5-HT6,HTR6,3314,"5-Methoxy-N,N-dimethyl-1-(4-acetamidobenzenesulfonyl)tryptamine",,,,3H-LSD,HUMAN,CLONED,,34.0,"Pullagurla M, et.al.,2003",http://www.ncbi.nlm.nih.gov/entrez/query.fcgi?cmd=Retrieve&db=PubMed&list_uids=12951125&dopt=Abstract,"5-methoxy-n,n-dimethyl-1-(4-acetamidobenzenesulfonyl)tryptamine"
27876,5-HT6,HTR6,3315,"5-Methoxy-N,N-dimethyl-1-(4-aminobenzenesulfonyl)tryptamine",,,,3H-LSD,HUMAN,CLONED,,2.0,"Pullagurla M, et.al.,2003",http://www.ncbi.nlm.nih.gov/entrez/query.fcgi?cmd=Retrieve&db=PubMed&list_uids=12951125&dopt=Abstract,"5-methoxy-n,n-dimethyl-1-(4-aminobenzenesulfonyl)tryptamine"
27877,5-HT6,HTR6,3316,"5-Methoxy-N,N-diethyl-1-(4-acetamidobenzenesulfonyl)tryptamine",,,,3H-LSD,HUMAN,CLONED,,230.0,"Pullagurla M, et.al.,2003",http://www.ncbi.nlm.nih.gov/entrez/query.fcgi?cmd=Retrieve&db=PubMed&list_uids=12951125&dopt=Abstract,"5-methoxy-n,n-diethyl-1-(4-acetamidobenzenesulfonyl)tryptamine"
27878,5-HT6,HTR6,3317,"5-Methoxy-N,N-diethyl-1-(4-aminobenzenesulfonyl)tryptamine",,,,3H-LSD,HUMAN,CLONED,,0.6,"Pullagurla M, et.al.,2003",http://www.ncbi.nlm.nih.gov/entrez/query.fcgi?cmd=Retrieve&db=PubMed&list_uids=12951125&dopt=Abstract,"5-methoxy-n,n-diethyl-1-(4-aminobenzenesulfonyl)tryptamine"
27879,5-HT6,HTR6,3318,"N,N-Dimethyl-1-(4-acetamidobenzenesulfonyl)tryptamine",,,,3H-LSD,HUMAN,CLONED,,27.0,"Pullagurla M, et.al.,2003",http://www.ncbi.nlm.nih.gov/entrez/query.fcgi?cmd=Retrieve&db=PubMed&list_uids=12951125&dopt=Abstract,"n,n-dimethyl-1-(4-acetamidobenzenesulfonyl)tryptamine"
27880,5-HT6,HTR6,3319,"N,N-Dimethyl-1-(4-aminobenzenesulfonyl)tryptamine",,,,3H-LSD,HUMAN,CLONED,,0.8,"Pullagurla M, et.al.,2003",http://www.ncbi.nlm.nih.gov/entrez/query.fcgi?cmd=Retrieve&db=PubMed&list_uids=12951125&dopt=Abstract,"n,n-dimethyl-1-(4-aminobenzenesulfonyl)tryptamine"
27881,5-HT6,HTR6,3320,"N,N-Diethyl-1-(4-acetamidobenzenesulfonyl)tryptamine",,,,3H-LSD,HUMAN,CLONED,,90.0,"Pullagurla M, et.al.,2003",http://www.ncbi.nlm.nih.gov/entrez/query.fcgi?cmd=Retrieve&db=PubMed&list_uids=12951125&dopt=Abstract,"n,n-diethyl-1-(4-acetamidobenzenesulfonyl)tryptamine"
27882,5-HT6,HTR6,3321,"N,N-Diethyl-1-(4-aminobenzenesulfonyl)tryptamine",,,,3H-LSD,HUMAN,CLONED,,0.6,"Pullagurla M, et.al.,2003",http://www.ncbi.nlm.nih.gov/entrez/query.fcgi?cmd=Retrieve&db=PubMed&list_uids=12951125&dopt=Abstract,"n,n-diethyl-1-(4-aminobenzenesulfonyl)tryptamine"
27883,5-HT6,HTR6,3322,5-Methoxy-N-benzyl-N-methyl-1-(4-aminobenzenesulfonyl)tryptamine,,,,3H-LSD,HUMAN,CLONED,,3.0,"Pullagurla M, et.al.,2003",http://www.ncbi.nlm.nih.gov/entrez/query.fcgi?cmd=Retrieve&db=PubMed&list_uids=12951125&dopt=Abstract,5-methoxy-n-benzyl-n-methyl-1-(4-aminobenzenesulfonyl)tryptamine
27908,5-HT2A,HTR2A,437,"DMT,5-OH",CN(C)CCC1=CNC2=C1C=C(C=C2)O,487-93-4,89593.0,3H-KETANSERIN,HUMAN,CLONED,,145.0,"Egan C, et.al., 2000",http://www.ncbi.nlm.nih.gov/entrez/query.fcgi?cmd=Retrieve&db=PubMed&list_uids=10611640&dopt=Abstract,"dmt,5-oh"
27909,5-HT2A,HTR2A,437,"DMT,5-OH",CN(C)CCC1=CNC2=C1C=C(C=C2)O,487-93-4,89593.0,3H-DOB,HUMAN,CLONED,,15.0,"Egan C, et.al., 2000",http://www.ncbi.nlm.nih.gov/entrez/query.fcgi?cmd=Retrieve&db=PubMed&list_uids=10611640&dopt=Abstract,"dmt,5-oh"
27912,5-HT2A,HTR2A,694,"DMT,5-Me",CN(C)CCC1=CNC2=C1C=C(C=C2)OC,1832,,3H-KETANSERIN,HUMAN,CLONED,,1325.0,"Egan C, et.al., 2000",http://www.ncbi.nlm.nih.gov/entrez/query.fcgi?cmd=Retrieve&db=PubMed&list_uids=10611640&dopt=Abstract,"dmt,5-me"
27913,5-HT2A,HTR2A,694,"DMT,5-Me",CN(C)CCC1=CNC2=C1C=C(C=C2)OC,1832,,3H-DOB,HUMAN,CLONED,,90.0,"Egan C, et.al., 2000",http://www.ncbi.nlm.nih.gov/entrez/query.fcgi?cmd=Retrieve&db=PubMed&list_uids=10611640&dopt=Abstract,"dmt,5-me"
27916,5-HT2A,HTR2A,172,5-Methoxytryptamine,COC1=CC2=C(C=C1)NC=C2CCN,608-07-1,56422.0,3H-KETANSERIN,HUMAN,CLONED,,724.0,"Egan C, et.al., 2000",http://www.ncbi.nlm.nih.gov/entrez/query.fcgi?cmd=Retrieve&db=PubMed&list_uids=10611640&dopt=Abstract,5-methoxytryptamine
27917,5-HT2A,HTR2A,172,5-Methoxytryptamine,COC1=CC2=C(C=C1)NC=C2CCN,608-07-1,56422.0,3H-DOB,HUMAN,CLONED,,38.0,"Egan C, et.al., 2000",http://www.ncbi.nlm.nih.gov/entrez/query.fcgi?cmd=Retrieve&db=PubMed&list_uids=10611640&dopt=Abstract,5-methoxytryptamine
27920,5-HT2A,HTR2A,150,5-Hydroxy Tryptamine,C1=CC2=C(C=C1O)C(=CN2)CCN,50-67-9,58241.0,3H-KETANSERIN,HUMAN,CLONED,,341.0,"Egan C, et.al., 2000",http://www.ncbi.nlm.nih.gov/entrez/query.fcgi?cmd=Retrieve&db=PubMed&list_uids=10611640&dopt=Abstract,5-hydroxy tryptamine
27921,5-HT2A,HTR2A,150,5-Hydroxy Tryptamine,C1=CC2=C(C=C1O)C(=CN2)CCN,50-67-9,58241.0,3H-DOB,HUMAN,CLONED,,14.0,"Egan C, et.al., 2000",http://www.ncbi.nlm.nih.gov/entrez/query.fcgi?cmd=Retrieve&db=PubMed&list_uids=10611640&dopt=Abstract,5-hydroxy tryptamine
27944,5-HT2C,HTR2C,172,5-Methoxytryptamine,COC1=CC2=C(C=C1)NC=C2CCN,608-07-1,56422.0,3H-MESULERGINE,RAT,CLONED,,215.0,"Egan C, et.al., 2000",http://www.ncbi.nlm.nih.gov/entrez/query.fcgi?cmd=Retrieve&db=PubMed&list_uids=10611640&dopt=Abstract,5-methoxytryptamine
27945,5-HT2C,HTR2C,172,5-Methoxytryptamine,COC1=CC2=C(C=C1)NC=C2CCN,608-07-1,56422.0,3H-5HT,RAT,CLONED,,14.0,"Egan C, et.al., 2000",http://www.ncbi.nlm.nih.gov/entrez/query.fcgi?cmd=Retrieve&db=PubMed&list_uids=10611640&dopt=Abstract,5-methoxytryptamine
27946,5-HT2C,HTR2C,150,5-Hydroxy Tryptamine,C1=CC2=C(C=C1O)C(=CN2)CCN,50-67-9,58241.0,3H-MESULERGINE,RAT,CLONED,,159.0,"Egan C, et.al., 2000",http://www.ncbi.nlm.nih.gov/entrez/query.fcgi?cmd=Retrieve&db=PubMed&list_uids=10611640&dopt=Abstract,5-hydroxy tryptamine
27947,5-HT2C,HTR2C,150,5-Hydroxy Tryptamine,C1=CC2=C(C=C1O)C(=CN2)CCN,50-67-9,58241.0,3H-5HT,RAT,CLONED,,11.0,"Egan C, et.al., 2000",http://www.ncbi.nlm.nih.gov/entrez/query.fcgi?cmd=Retrieve&db=PubMed&list_uids=10611640&dopt=Abstract,5-hydroxy tryptamine
27951,5-HT6,HTR6,3325,"Tryptamine, 5-methoxy-2me",,,,3H-Lysergic,HUMAN,CLONED,,98.0,"Glennon RA, et.al., 2000",http://www.ncbi.nlm.nih.gov/entrez/query.fcgi?cmd=Retrieve&db=PubMed&list_uids=10715164&dopt=Abstract,"tryptamine, 5-methoxy-2me"
27952,5-HT6,HTR6,3326,"DMT,2-Me",,,,3H-Lysergic,HUMAN,CLONED,,300.0,"Glennon RA, et.al., 2000",http://www.ncbi.nlm.nih.gov/entrez/query.fcgi?cmd=Retrieve&db=PubMed&list_uids=10715164&dopt=Abstract,"dmt,2-me"
27953,5-HT6,HTR6,3327,"DMT,2-Me-5-methoxy",,,,3H-Lysergic,HUMAN,CLONED,,80.0,"Glennon RA, et.al., 2000",http://www.ncbi.nlm.nih.gov/entrez/query.fcgi?cmd=Retrieve&db=PubMed&list_uids=10715164&dopt=Abstract,"dmt,2-me-5-methoxy"
27955,5-HT6,HTR6,3329,5-Methoxy-2-n-propyl-DMT Oxalate,,,,3H-Lysergic,HUMAN,CLONED,,185.0,"Glennon RA, et.al., 2000",http://www.ncbi.nlm.nih.gov/entrez/query.fcgi?cmd=Retrieve&db=PubMed&list_uids=10715164&dopt=Abstract,5-methoxy-2-n-propyl-dmt oxalate
27956,5-HT6,HTR6,3330,5-Methoxy-2-phenyl-DMT Oxalate,,,,3H-Lysergic,HUMAN,CLONED,,54.0,"Glennon RA, et.al., 2000",http://www.ncbi.nlm.nih.gov/entrez/query.fcgi?cmd=Retrieve&db=PubMed&list_uids=10715164&dopt=Abstract,5-methoxy-2-phenyl-dmt oxalate
27957,5-HT6,HTR6,694,"DMT,5-Me",CN(C)CCC1=CNC2=C1C=C(C=C2)OC,1832,,3H-Lysergic,HUMAN,CLONED,,78.0,"Glennon RA, et.al., 2000",http://www.ncbi.nlm.nih.gov/entrez/query.fcgi?cmd=Retrieve&db=PubMed&list_uids=10715164&dopt=Abstract,"dmt,5-me"
27958,5-HT6,HTR6,3331,5-Methoxy-1-(2-propyl)-DMT Maleate,,,,3H-Lysergic,HUMAN,CLONED,,130.0,"Glennon RA, et.al., 2000",http://www.ncbi.nlm.nih.gov/entrez/query.fcgi?cmd=Retrieve&db=PubMed&list_uids=10715164&dopt=Abstract,5-methoxy-1-(2-propyl)-dmt maleate
27967,5-HT1A,HTR1A,3327,"DMT,2-Me-5-methoxy",,,,3H-8-OH-DPAT,HUMAN,CLONED,,200.0,"Glennon RA, et.al., 2000",http://www.ncbi.nlm.nih.gov/entrez/query.fcgi?cmd=Retrieve&db=PubMed&list_uids=10715164&dopt=Abstract,"dmt,2-me-5-methoxy"
27969,5-HT1A,HTR1A,3330,5-Methoxy-2-phenyl-DMT Oxalate,,,,3H-8-OH-DPAT,HUMAN,CLONED,,1470.0,"Glennon RA, et.al., 2000",http://www.ncbi.nlm.nih.gov/entrez/query.fcgi?cmd=Retrieve&db=PubMed&list_uids=10715164&dopt=Abstract,5-methoxy-2-phenyl-dmt oxalate
27970,5-HT1D,HTR1D,3327,"DMT,2-Me-5-methoxy",,,,3H-GR-125743,HUMAN,CLONED,,250.0,"Glennon RA, et.al., 2000",http://www.ncbi.nlm.nih.gov/entrez/query.fcgi?cmd=Retrieve&db=PubMed&list_uids=10715164&dopt=Abstract,"dmt,2-me-5-methoxy"
27972,5-HT1D,HTR1D,3330,5-Methoxy-2-phenyl-DMT Oxalate,,,,3H-GR-125743,HUMAN,CLONED,,6225.0,"Glennon RA, et.al., 2000",http://www.ncbi.nlm.nih.gov/entrez/query.fcgi?cmd=Retrieve&db=PubMed&list_uids=10715164&dopt=Abstract,5-methoxy-2-phenyl-dmt oxalate
27973,5-HT1E,HTR1E,3327,"DMT,2-Me-5-methoxy",,,,3H-5HT,HUMAN,CLONED,,1800.0,"Glennon RA, et.al., 2000",http://www.ncbi.nlm.nih.gov/entrez/query.fcgi?cmd=Retrieve&db=PubMed&list_uids=10715164&dopt=Abstract,"dmt,2-me-5-methoxy"
27975,5-HT1E,HTR1E,3330,5-Methoxy-2-phenyl-DMT Oxalate,,,,3H-5HT,HUMAN,CLONED,>,10000.0,"Glennon RA, et.al., 2000",http://www.ncbi.nlm.nih.gov/entrez/query.fcgi?cmd=Retrieve&db=PubMed&list_uids=10715164&dopt=Abstract,5-methoxy-2-phenyl-dmt oxalate
27976,5-HT2A,HTR2A,3327,"DMT,2-Me-5-methoxy",,,,3H-KETANSERIN,RAT,CLONED,>,10000.0,"Glennon RA, et.al., 2000",http://www.ncbi.nlm.nih.gov/entrez/query.fcgi?cmd=Retrieve&db=PubMed&list_uids=10715164&dopt=Abstract,"dmt,2-me-5-methoxy"
27978,5-HT2A,HTR2A,3330,5-Methoxy-2-phenyl-DMT Oxalate,,,,3H-KETANSERIN,RAT,CLONED,,470.0,"Glennon RA, et.al., 2000",http://www.ncbi.nlm.nih.gov/entrez/query.fcgi?cmd=Retrieve&db=PubMed&list_uids=10715164&dopt=Abstract,5-methoxy-2-phenyl-dmt oxalate
27979,5-HT2C,HTR2C,3327,"DMT,2-Me-5-methoxy",,,,3H-MESULERGINE,RAT,CLONED,,4020.0,"Glennon RA, et.al., 2000",http://www.ncbi.nlm.nih.gov/entrez/query.fcgi?cmd=Retrieve&db=PubMed&list_uids=10715164&dopt=Abstract,"dmt,2-me-5-methoxy"
27981,5-HT2C,HTR2C,3330,5-Methoxy-2-phenyl-DMT Oxalate,,,,3H-MESULERGINE,RAT,CLONED,,675.0,"Glennon RA, et.al., 2000",http://www.ncbi.nlm.nih.gov/entrez/query.fcgi?cmd=Retrieve&db=PubMed&list_uids=10715164&dopt=Abstract,5-methoxy-2-phenyl-dmt oxalate
27985,5-HT7,HTR7,3327,"DMT,2-Me-5-methoxy",,,,3H-LSD,HUMAN,CLONED,,145.0,"Glennon RA, et.al., 2000",http://www.ncbi.nlm.nih.gov/entrez/query.fcgi?cmd=Retrieve&db=PubMed&list_uids=10715164&dopt=Abstract,"dmt,2-me-5-methoxy"
27987,5-HT7,HTR7,3330,5-Methoxy-2-phenyl-DMT Oxalate,,,,3H-LSD,HUMAN,CLONED,,155.0,"Glennon RA, et.al., 2000",http://www.ncbi.nlm.nih.gov/entrez/query.fcgi?cmd=Retrieve&db=PubMed&list_uids=10715164&dopt=Abstract,5-methoxy-2-phenyl-dmt oxalate
27988,5-HT6,HTR6,3327,"DMT,2-Me-5-methoxy",,,,3H-LSD,HUMAN,CLONED,,60.0,"Glennon RA, et.al., 2000",http://www.ncbi.nlm.nih.gov/entrez/query.fcgi?cmd=Retrieve&db=PubMed&list_uids=10715164&dopt=Abstract,"dmt,2-me-5-methoxy"
27990,5-HT6,HTR6,3330,5-Methoxy-2-phenyl-DMT Oxalate,,,,3H-LSD,HUMAN,CLONED,,20.0,"Glennon RA, et.al., 2000",http://www.ncbi.nlm.nih.gov/entrez/query.fcgi?cmd=Retrieve&db=PubMed&list_uids=10715164&dopt=Abstract,5-methoxy-2-phenyl-dmt oxalate
28465,5-HT2C,HTR2C,1247,MOLINDONE,CCC1=C(NC2=C1C(=O)C(CC2)CN3CCOCC3)C,7416-34-4,,125I-DOI,HUMAN,CLONED,>,10000.0,"Kroeze WK, et.al., 2003",http://www.ncbi.nlm.nih.gov/entrez/query.fcgi?cmd=Retrieve&db=PubMed&list_uids=12629531&dopt=Abstract,molindone
28470,5-HT2C,HTR2C,1599,RISPERIDONE,CC1=C(C(=O)N2CCCCC2=N1)CCN3CCC(CC3)C4=NOC5=C4C=CC(=C5)F,106266-06-2,,125I-DOI,HUMAN,CLONED,,35.0,"Kroeze WK, et.al., 2003",http://www.ncbi.nlm.nih.gov/entrez/query.fcgi?cmd=Retrieve&db=PubMed&list_uids=12629531&dopt=Abstract,risperidone
28475,5-HT2C,HTR2C,1996,Ziprasidone,C1CN(CCN1CCC2=C(C=C3C(=C2)CC(=O)N3)Cl)C4=NSC5=CC=CC=C54,60854,,125I-DOI,HUMAN,CLONED,,13.0,"Kroeze WK, et.al., 2003",http://www.ncbi.nlm.nih.gov/entrez/query.fcgi?cmd=Retrieve&db=PubMed&list_uids=12629531&dopt=Abstract,ziprasidone
28482,5-HT2A,HTR2A,1247,MOLINDONE,CCC1=C(NC2=C1C(=O)C(CC2)CN3CCOCC3)C,7416-34-4,,3H-KETANSERIN,HUMAN,CLONED,,320.0,"Kroeze WK, et.al., 2003",http://www.ncbi.nlm.nih.gov/entrez/query.fcgi?cmd=Retrieve&db=PubMed&list_uids=12629531&dopt=Abstract,molindone
28487,5-HT2A,HTR2A,1599,RISPERIDONE,CC1=C(C(=O)N2CCCCC2=N1)CCN3CCC(CC3)C4=NOC5=C4C=CC(=C5)F,106266-06-2,,3H-KETANSERIN,HUMAN,CLONED,,0.17,"Kroeze WK, et.al., 2003",http://www.ncbi.nlm.nih.gov/entrez/query.fcgi?cmd=Retrieve&db=PubMed&list_uids=12629531&dopt=Abstract,risperidone
28492,5-HT2A,HTR2A,1996,Ziprasidone,C1CN(CCN1CCC2=C(C=C3C(=C2)CC(=O)N3)Cl)C4=NSC5=CC=CC=C54,60854,,3H-KETANSERIN,HUMAN,CLONED,,0.3,"Kroeze WK, et.al., 2003",http://www.ncbi.nlm.nih.gov/entrez/query.fcgi?cmd=Retrieve&db=PubMed&list_uids=12629531&dopt=Abstract,ziprasidone
28618,5-HT1A,HTR1A,1247,MOLINDONE,CCC1=C(NC2=C1C(=O)C(CC2)CN3CCOCC3)C,7416-34-4,,3H-8-OH-DPAT,HUMAN,CLONED,,3797.0,"Kroeze WK, et.al., 2003",http://www.ncbi.nlm.nih.gov/entrez/query.fcgi?cmd=Retrieve&db=PubMed&list_uids=12629531&dopt=Abstract,molindone
28623,5-HT1A,HTR1A,1599,RISPERIDONE,CC1=C(C(=O)N2CCCCC2=N1)CCN3CCC(CC3)C4=NOC5=C4C=CC(=C5)F,106266-06-2,,3H-8-OH-DPAT,HUMAN,CLONED,,427.5,"Kroeze WK, et.al., 2003",http://www.ncbi.nlm.nih.gov/entrez/query.fcgi?cmd=Retrieve&db=PubMed&list_uids=12629531&dopt=Abstract,risperidone
28628,5-HT1A,HTR1A,1996,Ziprasidone,C1CN(CCN1CCC2=C(C=C3C(=C2)CC(=O)N3)Cl)C4=NSC5=CC=CC=C54,60854,,3H-8-OH-DPAT,HUMAN,CLONED,,76.0,"Kroeze WK, et.al., 2003",http://www.ncbi.nlm.nih.gov/entrez/query.fcgi?cmd=Retrieve&db=PubMed&list_uids=12629531&dopt=Abstract,ziprasidone
28635,5-HT6,HTR6,1247,MOLINDONE,CCC1=C(NC2=C1C(=O)C(CC2)CN3CCOCC3)C,7416-34-4,,3H-LSD,HUMAN,CLONED,,1008.0,"Kroeze WK, et.al., 2003",http://www.ncbi.nlm.nih.gov/entrez/query.fcgi?cmd=Retrieve&db=PubMed&list_uids=12629531&dopt=Abstract,molindone
28640,5-HT6,HTR6,1599,RISPERIDONE,CC1=C(C(=O)N2CCCCC2=N1)CCN3CCC(CC3)C4=NOC5=C4C=CC(=C5)F,106266-06-2,,3H-LSD,HUMAN,CLONED,,1188.0,"Kroeze WK, et.al., 2003",http://www.ncbi.nlm.nih.gov/entrez/query.fcgi?cmd=Retrieve&db=PubMed&list_uids=12629531&dopt=Abstract,risperidone
28645,5-HT6,HTR6,1996,Ziprasidone,C1CN(CCN1CCC2=C(C=C3C(=C2)CC(=O)N3)Cl)C4=NSC5=CC=CC=C54,60854,,3H-LSD,HUMAN,CLONED,,60.9,"Kroeze WK, et.al., 2003",http://www.ncbi.nlm.nih.gov/entrez/query.fcgi?cmd=Retrieve&db=PubMed&list_uids=12629531&dopt=Abstract,ziprasidone
28652,5-HT7,HTR7,1247,MOLINDONE,CCC1=C(NC2=C1C(=O)C(CC2)CN3CCOCC3)C,7416-34-4,,3H-LSD,HUMAN,CLONED,,3053.0,"Kroeze WK, et.al., 2003",http://www.ncbi.nlm.nih.gov/entrez/query.fcgi?cmd=Retrieve&db=PubMed&list_uids=12629531&dopt=Abstract,molindone
28657,5-HT7,HTR7,1599,RISPERIDONE,CC1=C(C(=O)N2CCCCC2=N1)CCN3CCC(CC3)C4=NOC5=C4C=CC(=C5)F,106266-06-2,,3H-LSD,HUMAN,CLONED,,6.6,"Kroeze WK, et.al., 2003",http://www.ncbi.nlm.nih.gov/entrez/query.fcgi?cmd=Retrieve&db=PubMed&list_uids=12629531&dopt=Abstract,risperidone
28662,5-HT7,HTR7,1996,Ziprasidone,C1CN(CCN1CCC2=C(C=C3C(=C2)CC(=O)N3)Cl)C4=NSC5=CC=CC=C54,60854,,3H-LSD,HUMAN,CLONED,,6.62,"Kroeze WK, et.al., 2003",http://www.ncbi.nlm.nih.gov/entrez/query.fcgi?cmd=Retrieve&db=PubMed&list_uids=12629531&dopt=Abstract,ziprasidone
30632,5-HT3,HTR3A,150,5-Hydroxy Tryptamine,C1=CC2=C(C=C1O)C(=CN2)CCN,50-67-9,58241.0,3H-GRANISETRON,MOUSE,CLONED,,27.0,"Green, T et. al., 1995",http://www.ncbi.nlm.nih.gov/entrez/query.fcgi?cmd=Retrieve&db=pubmed&dopt=Abstract&list_uids=7890738,5-hydroxy tryptamine
31055,5-HT4,HTR4,172,5-Methoxytryptamine,COC1=CC2=C(C=C1)NC=C2CCN,608-07-1,56422.0,3H-5HT,RAT,esophagus,,316.0,"BARD JA, ET AL., 1993",http://www.ncbi.nlm.nih.gov/entrez/query.fcgi?cmd=Retrieve&db=PubMed&list_uids=8226867&dopt=Abstract,5-methoxytryptamine
31056,5-HT4,HTR4,150,5-Hydroxy Tryptamine,C1=CC2=C(C=C1O)C(=CN2)CCN,50-67-9,58241.0,3H-5HT,RAT,esophagus,,200.0,"BARD JA, ET AL., 1993",http://www.ncbi.nlm.nih.gov/entrez/query.fcgi?cmd=Retrieve&db=PubMed&list_uids=8226867&dopt=Abstract,5-hydroxy tryptamine
31356,5-HT7,HTR7,150,5-Hydroxy Tryptamine,C1=CC2=C(C=C1O)C(=CN2)CCN,50-67-9,58241.0,3H-MESULERGINE,RAT,BRAIN,,0.12589254117942,"Hemedah M, et al., 1999",http://www.ncbi.nlm.nih.gov/entrez/query.fcgi?cmd=Retrieve&db=pubmed&dopt=Abstract&list_uids=10051134,5-hydroxy tryptamine
31357,5-HT7,HTR7,172,5-Methoxytryptamine,COC1=CC2=C(C=C1)NC=C2CCN,608-07-1,56422.0,3H-MESULERGINE,RAT,BRAIN,,0.63095734448019,"Hemedah M, et al., 1999",http://www.ncbi.nlm.nih.gov/entrez/query.fcgi?cmd=Retrieve&db=pubmed&dopt=Abstract&list_uids=10051134,5-methoxytryptamine
31359,5-HT7,HTR7,1599,RISPERIDONE,CC1=C(C(=O)N2CCCCC2=N1)CCN3CCC(CC3)C4=NOC5=C4C=CC(=C5)F,106266-06-2,,3H-MESULERGINE,RAT,BRAIN,,5.0118723362727,"Hemedah M, et al., 1999",http://www.ncbi.nlm.nih.gov/entrez/query.fcgi?cmd=Retrieve&db=pubmed&dopt=Abstract&list_uids=10051134,risperidone
31366,5-HT7,HTR7,150,5-Hydroxy Tryptamine,C1=CC2=C(C=C1O)C(=CN2)CCN,50-67-9,58241.0,3H-MESULERGINE,GUINEA PIG,ILEUM,,0.1,"Hemedah M, et al., 1999",http://www.ncbi.nlm.nih.gov/entrez/query.fcgi?cmd=Retrieve&db=pubmed&dopt=Abstract&list_uids=10051134,5-hydroxy tryptamine
31367,5-HT7,HTR7,172,5-Methoxytryptamine,COC1=CC2=C(C=C1)NC=C2CCN,608-07-1,56422.0,3H-MESULERGINE,GUINEA PIG,ILEUM,,0.25118864315096,"Hemedah M, et al., 1999",http://www.ncbi.nlm.nih.gov/entrez/query.fcgi?cmd=Retrieve&db=pubmed&dopt=Abstract&list_uids=10051134,5-methoxytryptamine
31369,5-HT7,HTR7,1599,RISPERIDONE,CC1=C(C(=O)N2CCCCC2=N1)CCN3CCC(CC3)C4=NOC5=C4C=CC(=C5)F,106266-06-2,,3H-MESULERGINE,GUINEA PIG,ILEUM,,0.3981071705535,"Hemedah M, et al., 1999",http://www.ncbi.nlm.nih.gov/entrez/query.fcgi?cmd=Retrieve&db=pubmed&dopt=Abstract&list_uids=10051134,risperidone
31734,5-HT1A,HTR1A,1599,RISPERIDONE,CC1=C(C(=O)N2CCCCC2=N1)CCN3CCC(CC3)C4=NOC5=C4C=CC(=C5)F,106266-06-2,,3H-8-OH-DPAT,RAT,CORTEX,,490.0,"Bymaster F.P., et. al., 1996",http://www.ncbi.nlm.nih.gov/entrez/query.fcgi?cmd=Retrieve&db=pubmed&dopt=Abstract&list_uids=8822531,risperidone
31736,5-HT1A,HTR1A,1422,ORG-5222,CN1CC2C(C1)C3=C(C=CC(=C3)Cl)OC4=CC=CC=C24,163091,,3H-8-OH-DPAT,RAT,CORTEX,,19.0,"Bymaster F.P., et. al., 1996",http://www.ncbi.nlm.nih.gov/entrez/query.fcgi?cmd=Retrieve&db=pubmed&dopt=Abstract&list_uids=8822531,org-5222
31740,5-HT1B,HTR1B,1599,RISPERIDONE,CC1=C(C(=O)N2CCCCC2=N1)CCN3CCC(CC3)C4=NOC5=C4C=CC(=C5)F,106266-06-2,,3H-5HT,RAT,CORTEX,,1325.0,"Bymaster F.P., et. al., 1996",http://www.ncbi.nlm.nih.gov/entrez/query.fcgi?cmd=Retrieve&db=pubmed&dopt=Abstract&list_uids=8822531,risperidone
31742,5-HT1B,HTR1B,1422,ORG-5222,CN1CC2C(C1)C3=C(C=CC(=C3)Cl)OC4=CC=CC=C24,163091,,3H-5HT,RAT,CORTEX,,68.0,"Bymaster F.P., et. al., 1996",http://www.ncbi.nlm.nih.gov/entrez/query.fcgi?cmd=Retrieve&db=pubmed&dopt=Abstract&list_uids=8822531,org-5222
31745,5-HT1D,HTR1D,1599,RISPERIDONE,CC1=C(C(=O)N2CCCCC2=N1)CCN3CCC(CC3)C4=NOC5=C4C=CC(=C5)F,106266-06-2,,3H-5HT,Beef,STRIATUM,,100.0,"Bymaster F.P., et. al., 1996",http://www.ncbi.nlm.nih.gov/entrez/query.fcgi?cmd=Retrieve&db=pubmed&dopt=Abstract&list_uids=8822531,risperidone
31748,5-HT1D,HTR1D,1422,ORG-5222,CN1CC2C(C1)C3=C(C=CC(=C3)Cl)OC4=CC=CC=C24,163091,,3H-5HT,Beef,STRIATUM,,18.0,"Bymaster F.P., et. al., 1996",http://www.ncbi.nlm.nih.gov/entrez/query.fcgi?cmd=Retrieve&db=pubmed&dopt=Abstract&list_uids=8822531,org-5222
31752,5-HT2A,HTR2A,1599,RISPERIDONE,CC1=C(C(=O)N2CCCCC2=N1)CCN3CCC(CC3)C4=NOC5=C4C=CC(=C5)F,106266-06-2,,3H-KETANSERIN,RAT,CORTEX,,0.6,"Bymaster F.P., et. al., 1996",http://www.ncbi.nlm.nih.gov/entrez/query.fcgi?cmd=Retrieve&db=pubmed&dopt=Abstract&list_uids=8822531,risperidone
31754,5-HT2A,HTR2A,1422,ORG-5222,CN1CC2C(C1)C3=C(C=CC(=C3)Cl)OC4=CC=CC=C24,163091,,3H-KETANSERIN,RAT,CORTEX,,0.4,"Bymaster F.P., et. al., 1996",http://www.ncbi.nlm.nih.gov/entrez/query.fcgi?cmd=Retrieve&db=pubmed&dopt=Abstract&list_uids=8822531,org-5222
31758,5-HT2C,HTR2C,1599,RISPERIDONE,CC1=C(C(=O)N2CCCCC2=N1)CCN3CCC(CC3)C4=NOC5=C4C=CC(=C5)F,106266-06-2,,3H-MESULERGINE,HUMAN,CORTEX,,26.0,"Bymaster F.P., et. al., 1996",http://www.ncbi.nlm.nih.gov/entrez/query.fcgi?cmd=Retrieve&db=pubmed&dopt=Abstract&list_uids=8822531,risperidone
31760,5-HT2C,HTR2C,1422,ORG-5222,CN1CC2C(C1)C3=C(C=CC(=C3)Cl)OC4=CC=CC=C24,163091,,3H-MESULERGINE,HUMAN,CORTEX,,0.2,"Bymaster F.P., et. al., 1996",http://www.ncbi.nlm.nih.gov/entrez/query.fcgi?cmd=Retrieve&db=pubmed&dopt=Abstract&list_uids=8822531,org-5222
31765,5-HT3,HTR3A,1422,ORG-5222,CN1CC2C(C1)C3=C(C=CC(=C3)Cl)OC4=CC=CC=C24,163091,,3H-LY 278584,RAT,CORTEX,,3000.0,"Bymaster F.P., et. al., 1996",http://www.ncbi.nlm.nih.gov/entrez/query.fcgi?cmd=Retrieve&db=pubmed&dopt=Abstract&list_uids=8822531,org-5222
31836,5-HT2A,HTR2A,1599,RISPERIDONE,CC1=C(C(=O)N2CCCCC2=N1)CCN3CCC(CC3)C4=NOC5=C4C=CC(=C5)F,106266-06-2,,35S-GTPGammaS,HUMAN,CLONED,,7.0,"Bymaster F.P., et. al., 1999",http://www.ncbi.nlm.nih.gov/entrez/query.fcgi?cmd=Retrieve&db=pubmed&dopt=Abstract&list_uids=10227113,risperidone
31837,5-HT2B,HTR2B,1599,RISPERIDONE,CC1=C(C(=O)N2CCCCC2=N1)CCN3CCC(CC3)C4=NOC5=C4C=CC(=C5)F,106266-06-2,,35S-GTPGammaS,HUMAN,CLONED,,115.0,"Bymaster F.P., et. al., 1999",http://www.ncbi.nlm.nih.gov/entrez/query.fcgi?cmd=Retrieve&db=pubmed&dopt=Abstract&list_uids=10227113,risperidone
31838,5-HT2C,HTR2C,1599,RISPERIDONE,CC1=C(C(=O)N2CCCCC2=N1)CCN3CCC(CC3)C4=NOC5=C4C=CC(=C5)F,106266-06-2,,35S-GTPGammaS,HUMAN,CLONED,,44.0,"Bymaster F.P., et. al., 1999",http://www.ncbi.nlm.nih.gov/entrez/query.fcgi?cmd=Retrieve&db=pubmed&dopt=Abstract&list_uids=10227113,risperidone
31951,5-HT2C,HTR2C,1599,RISPERIDONE,CC1=C(C(=O)N2CCCCC2=N1)CCN3CCC(CC3)C4=NOC5=C4C=CC(=C5)F,106266-06-2,,UNDEFINED,HUMAN,CLONED,,44.0,"Bymaster F.P., et. al., 2003",http://www.ncbi.nlm.nih.gov/entrez/query.fcgi?cmd=Retrieve&db=pubmed&dopt=Abstract&list_uids=14642972,risperidone
32037,5-HT7,HTR7,150,5-Hydroxy Tryptamine,C1=CC2=C(C=C1O)C(=CN2)CCN,50-67-9,58241.0,3H-5CT,HUMAN,CLONED,,6.3095734448019,"Thomas DR et al., 1998",http://www.ncbi.nlm.nih.gov/entrez/query.fcgi?cmd=Retrieve&db=pubmed&dopt=Abstract&list_uids=9720804,5-hydroxy tryptamine
32039,5-HT7,HTR7,1599,RISPERIDONE,CC1=C(C(=O)N2CCCCC2=N1)CCN3CCC(CC3)C4=NOC5=C4C=CC(=C5)F,106266-06-2,,3H-5CT,HUMAN,CLONED,,5.0118723362727,"Thomas DR et al., 1998",http://www.ncbi.nlm.nih.gov/entrez/query.fcgi?cmd=Retrieve&db=pubmed&dopt=Abstract&list_uids=9720804,risperidone
32500,5-HT2C,HTR2C,150,5-Hydroxy Tryptamine,C1=CC2=C(C=C1O)C(=CN2)CCN,50-67-9,58241.0,3H-5HT,HUMAN,CLONED,,2.4,"Kimura Y, et al., 2004",http://www.ncbi.nlm.nih.gov/entrez/query.fcgi?cmd=Retrieve&db=pubmed&dopt=Abstract&list_uids=14709324,5-hydroxy tryptamine
32504,5-HT2A,HTR2A,150,5-Hydroxy Tryptamine,C1=CC2=C(C=C1O)C(=CN2)CCN,50-67-9,58241.0,3H-5HT,HUMAN,CLONED,,21.0,"Kimura Y, et al., 2004",http://www.ncbi.nlm.nih.gov/entrez/query.fcgi?cmd=Retrieve&db=pubmed&dopt=Abstract&list_uids=14709324,5-hydroxy tryptamine
32508,5-HT2B,HTR2B,150,5-Hydroxy Tryptamine,C1=CC2=C(C=C1O)C(=CN2)CCN,50-67-9,58241.0,3H-5HT,HUMAN,CLONED,,19.0,"Kimura Y, et al., 2004",http://www.ncbi.nlm.nih.gov/entrez/query.fcgi?cmd=Retrieve&db=pubmed&dopt=Abstract&list_uids=14709324,5-hydroxy tryptamine
32531,5-HT2A,HTR2A,150,5-Hydroxy Tryptamine,C1=CC2=C(C=C1O)C(=CN2)CCN,50-67-9,58241.0,125I-DOI,HUMAN,CLONED,,14.0,"Bentley JM, et al., 2004",http://www.ncbi.nlm.nih.gov/entrez/query.fcgi?cmd=Retrieve&db=pubmed&dopt=Abstract&list_uids=15081042,5-hydroxy tryptamine
32534,5-HT2B,HTR2B,150,5-Hydroxy Tryptamine,C1=CC2=C(C=C1O)C(=CN2)CCN,50-67-9,58241.0,3H-5HT,HUMAN,CLONED,,12.0,"Bentley JM, et al., 2004",http://www.ncbi.nlm.nih.gov/entrez/query.fcgi?cmd=Retrieve&db=pubmed&dopt=Abstract&list_uids=15081042,5-hydroxy tryptamine
32537,5-HT2C,HTR2C,150,5-Hydroxy Tryptamine,C1=CC2=C(C=C1O)C(=CN2)CCN,50-67-9,58241.0,3H-5HT,HUMAN,CLONED,,6.9,"Bentley JM, et al., 2004",http://www.ncbi.nlm.nih.gov/entrez/query.fcgi?cmd=Retrieve&db=pubmed&dopt=Abstract&list_uids=15081042,5-hydroxy tryptamine
32543,5-HT2C,HTR2C,150,5-Hydroxy Tryptamine,C1=CC2=C(C=C1O)C(=CN2)CCN,50-67-9,58241.0,3H-MESULERGINE,PIG,CORTEX,,39.81071705535,"PAZOS ET AL, 1984",,5-hydroxy tryptamine
32557,5-HT2C,HTR2C,150,5-Hydroxy Tryptamine,C1=CC2=C(C=C1O)C(=CN2)CCN,50-67-9,58241.0,3H-MESULERGINE,PIG,Choroid Plexus,,25.118864315096,"PAZOS ET AL, 1984",,5-hydroxy tryptamine
32571,5-HT2C,HTR2C,150,5-Hydroxy Tryptamine,C1=CC2=C(C=C1O)C(=CN2)CCN,50-67-9,58241.0,3H-5HT,PIG,CORTEX,,5.0118723362727,"PAZOS ET AL, 1984",,5-hydroxy tryptamine
32585,5-HT2C,HTR2C,150,5-Hydroxy Tryptamine,C1=CC2=C(C=C1O)C(=CN2)CCN,50-67-9,58241.0,3H-5HT,PIG,Choroid Plexus,,19.952623149689,"PAZOS ET AL, 1984",,5-hydroxy tryptamine
33287,5-HT1A,HTR1A,3989,Acetylsalicylic acid,CC(=O)OC1=CC=CC=C1C(=O)O,50-78-2,,3H-8-OH-DPAT,HUMAN,CLONED,>,10000.0,PDSP Certified Data,http://pdsp.med.unc.edu/pdsp.php,acetylsalicylic acid
33288,5-HT1B,HTR1B,3989,Acetylsalicylic acid,CC(=O)OC1=CC=CC=C1C(=O)O,50-78-2,,3H-GR-125743,HUMAN,CLONED,>,10000.0,PDSP Certified Data,http://pdsp.med.unc.edu/pdsp.php,acetylsalicylic acid
33289,5-HT1D,HTR1D,3989,Acetylsalicylic acid,CC(=O)OC1=CC=CC=C1C(=O)O,50-78-2,,3H-GR-125743,HUMAN,CLONED,>,10000.0,PDSP Certified Data,http://pdsp.med.unc.edu/pdsp.php,acetylsalicylic acid
33290,5-HT2A,HTR2A,3989,Acetylsalicylic acid,CC(=O)OC1=CC=CC=C1C(=O)O,50-78-2,,3H-KETANSERIN,HUMAN,CLONED,>,10000.0,PDSP Certified Data,http://pdsp.med.unc.edu/pdsp.php,acetylsalicylic acid
33291,5-HT2B,HTR2B,3989,Acetylsalicylic acid,CC(=O)OC1=CC=CC=C1C(=O)O,50-78-2,,3H-LSD,HUMAN,CLONED,>,10000.0,PDSP Certified Data,http://pdsp.med.unc.edu/pdsp.php,acetylsalicylic acid
33292,5-HT2C,HTR2C,3989,Acetylsalicylic acid,CC(=O)OC1=CC=CC=C1C(=O)O,50-78-2,,3H-MESULERGINE,RAT,CLONED,>,10000.0,PDSP Certified Data,http://pdsp.med.unc.edu/pdsp.php,acetylsalicylic acid
33293,5-HT3,HTR3A,3989,Acetylsalicylic acid,CC(=O)OC1=CC=CC=C1C(=O)O,50-78-2,,3H-ZACOPRIDE,HUMAN,CLONED,>,10000.0,PDSP Certified Data,http://pdsp.med.unc.edu/pdsp.php,acetylsalicylic acid
33295,5-HT6,HTR6,3989,Acetylsalicylic acid,CC(=O)OC1=CC=CC=C1C(=O)O,50-78-2,,3H-LSD,HUMAN,CLONED,>,10000.0,PDSP Certified Data,http://pdsp.med.unc.edu/pdsp.php,acetylsalicylic acid
33296,5-HT7,HTR7,3989,Acetylsalicylic acid,CC(=O)OC1=CC=CC=C1C(=O)O,50-78-2,,3H-LSD,HUMAN,CLONED,>,10000.0,PDSP Certified Data,http://pdsp.med.unc.edu/pdsp.php,acetylsalicylic acid
33745,5-HT1A,HTR1A,4002,N-(4-Acetamidophenyl)indomethacinamide,CC1=C(C2=C(N1C(=O)C3=CC=C(C=C3)Cl)C=CC(=C2)OC)CC(=O)NCCC4=CC=C(C=C4)NC(=O)C,4297,,3H-8-OH-DPAT,HUMAN,CLONED,>,10000.0,PDSP Certified Data,http://pdsp.med.unc.edu/pdsp.php,n-(4-acetamidophenyl)indomethacinamide
33746,5-HT1B,HTR1B,4002,N-(4-Acetamidophenyl)indomethacinamide,CC1=C(C2=C(N1C(=O)C3=CC=C(C=C3)Cl)C=CC(=C2)OC)CC(=O)NCCC4=CC=C(C=C4)NC(=O)C,4297,,3H-GR-125743,HUMAN,CLONED,>,10000.0,PDSP Certified Data,http://pdsp.med.unc.edu/pdsp.php,n-(4-acetamidophenyl)indomethacinamide
33748,5-HT1E,HTR1E,4002,N-(4-Acetamidophenyl)indomethacinamide,CC1=C(C2=C(N1C(=O)C3=CC=C(C=C3)Cl)C=CC(=C2)OC)CC(=O)NCCC4=CC=C(C=C4)NC(=O)C,4297,,3H-5HT,HUMAN,CLONED,>,10000.0,PDSP Certified Data,http://pdsp.med.unc.edu/pdsp.php,n-(4-acetamidophenyl)indomethacinamide
33749,5-HT2A,HTR2A,4002,N-(4-Acetamidophenyl)indomethacinamide,CC1=C(C2=C(N1C(=O)C3=CC=C(C=C3)Cl)C=CC(=C2)OC)CC(=O)NCCC4=CC=C(C=C4)NC(=O)C,4297,,3H-KETANSERIN,HUMAN,CLONED,>,10000.0,PDSP Certified Data,http://pdsp.med.unc.edu/pdsp.php,n-(4-acetamidophenyl)indomethacinamide
33750,5-HT2B,HTR2B,4002,N-(4-Acetamidophenyl)indomethacinamide,CC1=C(C2=C(N1C(=O)C3=CC=C(C=C3)Cl)C=CC(=C2)OC)CC(=O)NCCC4=CC=C(C=C4)NC(=O)C,4297,,3H-LSD,HUMAN,CLONED,>,10000.0,PDSP Certified Data,http://pdsp.med.unc.edu/pdsp.php,n-(4-acetamidophenyl)indomethacinamide
33752,5-HT3,HTR3A,4002,N-(4-Acetamidophenyl)indomethacinamide,CC1=C(C2=C(N1C(=O)C3=CC=C(C=C3)Cl)C=CC(=C2)OC)CC(=O)NCCC4=CC=C(C=C4)NC(=O)C,4297,,3H-ZACOPRIDE,HUMAN,CLONED,>,10000.0,PDSP Certified Data,http://pdsp.med.unc.edu/pdsp.php,n-(4-acetamidophenyl)indomethacinamide
33754,5-HT6,HTR6,4002,N-(4-Acetamidophenyl)indomethacinamide,CC1=C(C2=C(N1C(=O)C3=CC=C(C=C3)Cl)C=CC(=C2)OC)CC(=O)NCCC4=CC=C(C=C4)NC(=O)C,4297,,3H-LSD,HUMAN,CLONED,>,10000.0,PDSP Certified Data,http://pdsp.med.unc.edu/pdsp.php,n-(4-acetamidophenyl)indomethacinamide
33755,5-HT7,HTR7,4002,N-(4-Acetamidophenyl)indomethacinamide,CC1=C(C2=C(N1C(=O)C3=CC=C(C=C3)Cl)C=CC(=C2)OC)CC(=O)NCCC4=CC=C(C=C4)NC(=O)C,4297,,3H-LSD,HUMAN,CLONED,>,10000.0,PDSP Certified Data,http://pdsp.med.unc.edu/pdsp.php,n-(4-acetamidophenyl)indomethacinamide
33775,5-HT2C,HTR2C,4002,N-(4-Acetamidophenyl)indomethacinamide,CC1=C(C2=C(N1C(=O)C3=CC=C(C=C3)Cl)C=CC(=C2)OC)CC(=O)NCCC4=CC=C(C=C4)NC(=O)C,4297,,3H-MESULERGINE,RAT,CLONED,>,10000.0,PDSP Certified Data,http://pdsp.med.unc.edu/pdsp.php,n-(4-acetamidophenyl)indomethacinamide
35616,5-HT2A,HTR2A,1599,RISPERIDONE,CC1=C(C(=O)N2CCCCC2=N1)CCN3CCC(CC3)C4=NOC5=C4C=CC(=C5)F,106266-06-2,,125I-LSD,RAT,CLONED,,0.16,"Phillips ST, et. al., 1995",http://www.ncbi.nlm.nih.gov/entrez/query.fcgi?cmd=Retrieve&db=pubmed&dopt=Abstract&list_uids=7861418,risperidone
36529,5-HT1A,HTR1A,1600,9-OH-risperidone,CC1=C(C(=O)N2CCCC(C2=N1)O)CCN3CCC(CC3)C4=NOC5=C4C=CC(=C5)F,115237,,3H-8-OH-DPAT,HUMAN,CLONED,,637.8,PDSP Certified Data,http://pdsp.med.unc.edu/pdsp.php,9-oh-risperidone
36530,5-HT1B,HTR1B,1600,9-OH-risperidone,CC1=C(C(=O)N2CCCC(C2=N1)O)CCN3CCC(CC3)C4=NOC5=C4C=CC(=C5)F,115237,,3H-GR-125743,HUMAN,CLONED,,108.7,PDSP Certified Data,http://pdsp.med.unc.edu/pdsp.php,9-oh-risperidone
36531,5-HT1E,HTR1E,1600,9-OH-risperidone,CC1=C(C(=O)N2CCCC(C2=N1)O)CCN3CCC(CC3)C4=NOC5=C4C=CC(=C5)F,115237,,3H-5HT,HUMAN,CLONED,>,10000.0,PDSP Certified Data,http://pdsp.med.unc.edu/pdsp.php,9-oh-risperidone
36532,5-HT2A,HTR2A,1600,9-OH-risperidone,CC1=C(C(=O)N2CCCC(C2=N1)O)CCN3CCC(CC3)C4=NOC5=C4C=CC(=C5)F,115237,,3H-KETANSERIN,HUMAN,CLONED,,1.9,PDSP Certified Data,http://pdsp.med.unc.edu/pdsp.php,9-oh-risperidone
36533,5-HT2B,HTR2B,1600,9-OH-risperidone,CC1=C(C(=O)N2CCCC(C2=N1)O)CCN3CCC(CC3)C4=NOC5=C4C=CC(=C5)F,115237,,3H-LSD,HUMAN,CLONED,,61.86,PDSP Certified Data,http://pdsp.med.unc.edu/pdsp.php,9-oh-risperidone
36534,5-HT2C,HTR2C,1600,9-OH-risperidone,CC1=C(C(=O)N2CCCC(C2=N1)O)CCN3CCC(CC3)C4=NOC5=C4C=CC(=C5)F,115237,,3H-MESULERGINE,RAT,CLONED,,100.315,PDSP Certified Data,http://pdsp.med.unc.edu/pdsp.php,9-oh-risperidone
36535,5-HT3,HTR3A,1600,9-OH-risperidone,CC1=C(C(=O)N2CCCC(C2=N1)O)CCN3CCC(CC3)C4=NOC5=C4C=CC(=C5)F,115237,,3H-ZACOPRIDE,HUMAN,CLONED,>,10000.0,PDSP Certified Data,http://pdsp.med.unc.edu/pdsp.php,9-oh-risperidone
36537,5-HT6,HTR6,1600,9-OH-risperidone,CC1=C(C(=O)N2CCCC(C2=N1)O)CCN3CCC(CC3)C4=NOC5=C4C=CC(=C5)F,115237,,3H-LSD,HUMAN,CLONED,,2414.0,PDSP Certified Data,http://pdsp.med.unc.edu/pdsp.php,9-oh-risperidone
36538,5-HT7,HTR7,1600,9-OH-risperidone,CC1=C(C(=O)N2CCCC(C2=N1)O)CCN3CCC(CC3)C4=NOC5=C4C=CC(=C5)F,115237,,3H-LSD,HUMAN,CLONED,,2.7,PDSP Certified Data,http://pdsp.med.unc.edu/pdsp.php,9-oh-risperidone
36572,5-HT2A,HTR2A,1599,RISPERIDONE,CC1=C(C(=O)N2CCCCC2=N1)CCN3CCC(CC3)C4=NOC5=C4C=CC(=C5)F,106266-06-2,,3H-KETANSERIN,RAT,FR. CORTEX,,0.016,"Leysen JE, et.al., 1994",http://www.ncbi.nlm.nih.gov/entrez/query.fcgi?cmd=Retrieve&db=pubmed&dopt=Abstract&list_uids=7520908&query_hl=5,risperidone
36573,5-HT2A,HTR2A,1599,RISPERIDONE,CC1=C(C(=O)N2CCCCC2=N1)CCN3CCC(CC3)C4=NOC5=C4C=CC(=C5)F,106266-06-2,,125I-R091150,HUMAN,CLONED,,0.43,"Leysen JE, et.al., 1994",http://www.ncbi.nlm.nih.gov/entrez/query.fcgi?cmd=Retrieve&db=pubmed&dopt=Abstract&list_uids=7520908&query_hl=5,risperidone
36574,5-HT2C,HTR2C,1599,RISPERIDONE,CC1=C(C(=O)N2CCCCC2=N1)CCN3CCC(CC3)C4=NOC5=C4C=CC(=C5)F,106266-06-2,,3H-MESULERGINE,PIG,Choroid Plexus,,48.0,"Leysen JE, et.al., 1994",http://www.ncbi.nlm.nih.gov/entrez/query.fcgi?cmd=Retrieve&db=pubmed&dopt=Abstract&list_uids=7520908&query_hl=5,risperidone
36575,5-HT1A,HTR1A,1599,RISPERIDONE,CC1=C(C(=O)N2CCCCC2=N1)CCN3CCC(CC3)C4=NOC5=C4C=CC(=C5)F,106266-06-2,,3H-8-OH-DPAT,HUMAN,CLONED,,417.0,"Leysen JE, et.al., 1994",http://www.ncbi.nlm.nih.gov/entrez/query.fcgi?cmd=Retrieve&db=pubmed&dopt=Abstract&list_uids=7520908&query_hl=5,risperidone
36576,5-HT1B,HTR1B,1599,RISPERIDONE,CC1=C(C(=O)N2CCCCC2=N1)CCN3CCC(CC3)C4=NOC5=C4C=CC(=C5)F,106266-06-2,,3H-5HT,RAT,STRIATUM,,4000.0,"Leysen JE, et.al., 1994",http://www.ncbi.nlm.nih.gov/entrez/query.fcgi?cmd=Retrieve&db=pubmed&dopt=Abstract&list_uids=7520908&query_hl=5,risperidone
36577,5-HT1D,HTR1D,1599,RISPERIDONE,CC1=C(C(=O)N2CCCCC2=N1)CCN3CCC(CC3)C4=NOC5=C4C=CC(=C5)F,106266-06-2,,3H-Alniditan,CALF,S. Nigra,,60.0,"Leysen JE, et.al., 1994",http://www.ncbi.nlm.nih.gov/entrez/query.fcgi?cmd=Retrieve&db=pubmed&dopt=Abstract&list_uids=7520908&query_hl=5,risperidone
36578,5-HT1B,HTR1B,1599,RISPERIDONE,CC1=C(C(=O)N2CCCCC2=N1)CCN3CCC(CC3)C4=NOC5=C4C=CC(=C5)F,106266-06-2,,3H-Alniditan,HUMAN,CLONED,,20.0,"Leysen JE, et.al., 1994",http://www.ncbi.nlm.nih.gov/entrez/query.fcgi?cmd=Retrieve&db=pubmed&dopt=Abstract&list_uids=7520908&query_hl=5,risperidone
36579,5-HT3,HTR3A,1599,RISPERIDONE,CC1=C(C(=O)N2CCCCC2=N1)CCN3CCC(CC3)C4=NOC5=C4C=CC(=C5)F,106266-06-2,,3H-GR-65630,MOUSE,NG108-15,>,10000.0,"Leysen JE, et.al., 1994",http://www.ncbi.nlm.nih.gov/entrez/query.fcgi?cmd=Retrieve&db=pubmed&dopt=Abstract&list_uids=7520908&query_hl=5,risperidone
36580,5-HT2A,HTR2A,1600,9-OH-risperidone,CC1=C(C(=O)N2CCCC(C2=N1)O)CCN3CCC(CC3)C4=NOC5=C4C=CC(=C5)F,115237,,3H-KETANSERIN,RAT,FR. CORTEX,,0.22,"Leysen JE, et.al., 1994",http://www.ncbi.nlm.nih.gov/entrez/query.fcgi?cmd=Retrieve&db=pubmed&dopt=Abstract&list_uids=7520908&query_hl=5,9-oh-risperidone
36581,5-HT2A,HTR2A,1600,9-OH-risperidone,CC1=C(C(=O)N2CCCC(C2=N1)O)CCN3CCC(CC3)C4=NOC5=C4C=CC(=C5)F,115237,,125I-R091150,HUMAN,CLONED,,0.43,"Leysen JE, et.al., 1994",http://www.ncbi.nlm.nih.gov/entrez/query.fcgi?cmd=Retrieve&db=pubmed&dopt=Abstract&list_uids=7520908&query_hl=5,9-oh-risperidone
36582,5-HT2C,HTR2C,1600,9-OH-risperidone,CC1=C(C(=O)N2CCCC(C2=N1)O)CCN3CCC(CC3)C4=NOC5=C4C=CC(=C5)F,115237,,3H-MESULERGINE,PIG,Choroid Plexus,,47.0,"Leysen JE, et.al., 1994",http://www.ncbi.nlm.nih.gov/entrez/query.fcgi?cmd=Retrieve&db=pubmed&dopt=Abstract&list_uids=7520908&query_hl=5,9-oh-risperidone
36583,5-HT1A,HTR1A,1600,9-OH-risperidone,CC1=C(C(=O)N2CCCC(C2=N1)O)CCN3CCC(CC3)C4=NOC5=C4C=CC(=C5)F,115237,,3H-8-OH-DPAT,HUMAN,CLONED,,622.0,"Leysen JE, et.al., 1994",http://www.ncbi.nlm.nih.gov/entrez/query.fcgi?cmd=Retrieve&db=pubmed&dopt=Abstract&list_uids=7520908&query_hl=5,9-oh-risperidone
36584,5-HT1B,HTR1B,1600,9-OH-risperidone,CC1=C(C(=O)N2CCCC(C2=N1)O)CCN3CCC(CC3)C4=NOC5=C4C=CC(=C5)F,115237,,3H-5HT,RAT,STRIATUM,,3500.0,"Leysen JE, et.al., 1994",http://www.ncbi.nlm.nih.gov/entrez/query.fcgi?cmd=Retrieve&db=pubmed&dopt=Abstract&list_uids=7520908&query_hl=5,9-oh-risperidone
36585,5-HT1D,HTR1D,1600,9-OH-risperidone,CC1=C(C(=O)N2CCCC(C2=N1)O)CCN3CCC(CC3)C4=NOC5=C4C=CC(=C5)F,115237,,3H-Alniditan,CALF,S. Nigra,,117.0,"Leysen JE, et.al., 1994",http://www.ncbi.nlm.nih.gov/entrez/query.fcgi?cmd=Retrieve&db=pubmed&dopt=Abstract&list_uids=7520908&query_hl=5,9-oh-risperidone
36586,5-HT1B,HTR1B,1600,9-OH-risperidone,CC1=C(C(=O)N2CCCC(C2=N1)O)CCN3CCC(CC3)C4=NOC5=C4C=CC(=C5)F,115237,,3H-Alniditan,HUMAN,CLONED,,23.0,"Leysen JE, et.al., 1994",http://www.ncbi.nlm.nih.gov/entrez/query.fcgi?cmd=Retrieve&db=pubmed&dopt=Abstract&list_uids=7520908&query_hl=5,9-oh-risperidone
36587,5-HT3,HTR3A,1600,9-OH-risperidone,CC1=C(C(=O)N2CCCC(C2=N1)O)CCN3CCC(CC3)C4=NOC5=C4C=CC(=C5)F,115237,,3H-GR-65630,MOUSE,NG108-15,>,10000.0,"Leysen JE, et.al., 1994",http://www.ncbi.nlm.nih.gov/entrez/query.fcgi?cmd=Retrieve&db=pubmed&dopt=Abstract&list_uids=7520908&query_hl=5,9-oh-risperidone
36627,5-HT2A,HTR2A,1599,RISPERIDONE,CC1=C(C(=O)N2CCCCC2=N1)CCN3CCC(CC3)C4=NOC5=C4C=CC(=C5)F,106266-06-2,,125I-R091150,HUMAN,CLONED,,0.81,"Fernandez J, et al., 2005",http://www.ncbi.nlm.nih.gov/entrez/query.fcgi?cmd=Retrieve&db=pubmed&dopt=Abstract&list_uids=15771415&query_hl=1,risperidone
36634,5-HT7,HTR7,1599,RISPERIDONE,CC1=C(C(=O)N2CCCCC2=N1)CCN3CCC(CC3)C4=NOC5=C4C=CC(=C5)F,106266-06-2,,3H-5HT,HUMAN,CLONED,,4.3,"Fernandez J, et al., 2005",http://www.ncbi.nlm.nih.gov/entrez/query.fcgi?cmd=Retrieve&db=pubmed&dopt=Abstract&list_uids=15771415&query_hl=1,risperidone
36641,5-HT2C,HTR2C,1599,RISPERIDONE,CC1=C(C(=O)N2CCCCC2=N1)CCN3CCC(CC3)C4=NOC5=C4C=CC(=C5)F,106266-06-2,,3H-MESULERGINE,HUMAN,CLONED,,12.0,"Fernandez J, et al., 2005",http://www.ncbi.nlm.nih.gov/entrez/query.fcgi?cmd=Retrieve&db=pubmed&dopt=Abstract&list_uids=15771415&query_hl=1,risperidone
37238,5-HT1A,HTR1A,1303,Nefazodone,CCC1=NN(C(=O)N1CCOC2=CC=CC=C2)CCCN3CCN(CC3)C4=CC(=CC=C4)Cl,83366-66-9,,3H-8-OH-DPAT,RAT,CORTEX,,1000.0,"Sanchez C, et al., 1999",http://www.ncbi.nlm.nih.gov/entrez/query.fcgi?cmd=Retrieve&db=pubmed&dopt=Abstract&list_uids=10379421&query_hl=2,nefazodone
37249,5-HT2A,HTR2A,1303,Nefazodone,CCC1=NN(C(=O)N1CCOC2=CC=CC=C2)CCCN3CCN(CC3)C4=CC(=CC=C4)Cl,83366-66-9,,3H-KETANSERIN,RAT,CORTEX,,10.0,"Sanchez C, et al., 1999",http://www.ncbi.nlm.nih.gov/entrez/query.fcgi?cmd=Retrieve&db=pubmed&dopt=Abstract&list_uids=10379421&query_hl=2,nefazodone
37257,5-HT2C,HTR2C,1303,Nefazodone,CCC1=NN(C(=O)N1CCOC2=CC=CC=C2)CCCN3CCN(CC3)C4=CC(=CC=C4)Cl,83366-66-9,,3H-MESULERGINE,RAT,CLONED,,72.0,"Sanchez C, et al., 1999",http://www.ncbi.nlm.nih.gov/entrez/query.fcgi?cmd=Retrieve&db=pubmed&dopt=Abstract&list_uids=10379421&query_hl=2,nefazodone
39290,5-HT2A,HTR2A,5105,1-Methylpsilocin,,,,3H-KETANSERIN,RAT,CLONED,,590.0,"Sard H, et al., 2005",http://www.ncbi.nlm.nih.gov/entrez/query.fcgi?cmd=Retrieve&db=pubmed&dopt=Abstract&list_uids=16061378&query_hl=4,1-methylpsilocin
39291,5-HT2A,HTR2A,5105,1-Methylpsilocin,,,,3H-KETANSERIN,HUMAN,CLONED,,900.0,"Sard H, et al., 2005",http://www.ncbi.nlm.nih.gov/entrez/query.fcgi?cmd=Retrieve&db=pubmed&dopt=Abstract&list_uids=16061378&query_hl=4,1-methylpsilocin
39292,5-HT2B,HTR2B,5105,1-Methylpsilocin,,,,3H-LSD,HUMAN,CLONED,,38.0,"Sard H, et al., 2005",http://www.ncbi.nlm.nih.gov/entrez/query.fcgi?cmd=Retrieve&db=pubmed&dopt=Abstract&list_uids=16061378&query_hl=4,1-methylpsilocin
39293,5-HT2C,HTR2C,5105,1-Methylpsilocin,,,,3H-MESULERGINE,RAT,CLONED,,48.0,"Sard H, et al., 2005",http://www.ncbi.nlm.nih.gov/entrez/query.fcgi?cmd=Retrieve&db=pubmed&dopt=Abstract&list_uids=16061378&query_hl=4,1-methylpsilocin
39352,5-HT1A,HTR1A,5138,dipropyltryptamine,CCCN(CCC)CCC1=CNC2=CC=CC=C21,6091,,3H-8-OH-DPAT,HUMAN,CLONED,,100.0,"Thiagaraj HV, et al., 2005",http://www.ncbi.nlm.nih.gov/entrez/query.fcgi?cmd=Retrieve&db=pubmed&dopt=Abstract&list_uids=15886504&query_hl=3,dipropyltryptamine
39445,5-HT2A,HTR2A,5155,1-Methylpsilocybin,,,,3H-KETANSERIN,RAT,CLONED,>,10000.0,"Sard H, et al., 2005",http://www.ncbi.nlm.nih.gov/entrez/query.fcgi?cmd=Retrieve&db=pubmed&dopt=Abstract&list_uids=16061378&query_hl=4,1-methylpsilocybin
39446,5-HT2A,HTR2A,5156,1-Butylpsilocin,,,,3H-KETANSERIN,RAT,CLONED,,200.0,"Sard H, et al., 2005",http://www.ncbi.nlm.nih.gov/entrez/query.fcgi?cmd=Retrieve&db=pubmed&dopt=Abstract&list_uids=16061378&query_hl=4,1-butylpsilocin
39447,5-HT2A,HTR2A,5157,1-Butylpsilocybin,,,,3H-KETANSERIN,RAT,CLONED,>,10000.0,"Sard H, et al., 2005",http://www.ncbi.nlm.nih.gov/entrez/query.fcgi?cmd=Retrieve&db=pubmed&dopt=Abstract&list_uids=16061378&query_hl=4,1-butylpsilocybin
39455,5-HT2A,HTR2A,5155,1-Methylpsilocybin,,,,3H-KETANSERIN,HUMAN,CLONED,>,10000.0,"Sard H, et al., 2005",http://www.ncbi.nlm.nih.gov/entrez/query.fcgi?cmd=Retrieve&db=pubmed&dopt=Abstract&list_uids=16061378&query_hl=4,1-methylpsilocybin
39456,5-HT2A,HTR2A,5156,1-Butylpsilocin,,,,3H-KETANSERIN,HUMAN,CLONED,,310.0,"Sard H, et al., 2005",http://www.ncbi.nlm.nih.gov/entrez/query.fcgi?cmd=Retrieve&db=pubmed&dopt=Abstract&list_uids=16061378&query_hl=4,1-butylpsilocin
39457,5-HT2A,HTR2A,5157,1-Butylpsilocybin,,,,3H-KETANSERIN,HUMAN,CLONED,,3000.0,"Sard H, et al., 2005",http://www.ncbi.nlm.nih.gov/entrez/query.fcgi?cmd=Retrieve&db=pubmed&dopt=Abstract&list_uids=16061378&query_hl=4,1-butylpsilocybin
39467,5-HT2B,HTR2B,5155,1-Methylpsilocybin,,,,3H-LSD,HUMAN,CLONED,,5500.0,"Sard H, et al., 2005",http://www.ncbi.nlm.nih.gov/entrez/query.fcgi?cmd=Retrieve&db=pubmed&dopt=Abstract&list_uids=16061378&query_hl=4,1-methylpsilocybin
39468,5-HT2B,HTR2B,5156,1-Butylpsilocin,,,,3H-LSD,HUMAN,CLONED,,5.8,"Sard H, et al., 2005",http://www.ncbi.nlm.nih.gov/entrez/query.fcgi?cmd=Retrieve&db=pubmed&dopt=Abstract&list_uids=16061378&query_hl=4,1-butylpsilocin
39469,5-HT2B,HTR2B,5157,1-Butylpsilocybin,,,,3H-LSD,HUMAN,CLONED,,170.0,"Sard H, et al., 2005",http://www.ncbi.nlm.nih.gov/entrez/query.fcgi?cmd=Retrieve&db=pubmed&dopt=Abstract&list_uids=16061378&query_hl=4,1-butylpsilocybin
39479,5-HT2C,HTR2C,5155,1-Methylpsilocybin,,,,3H-MESULERGINE,RAT,CLONED,>,10000.0,"Sard H, et al., 2005",http://www.ncbi.nlm.nih.gov/entrez/query.fcgi?cmd=Retrieve&db=pubmed&dopt=Abstract&list_uids=16061378&query_hl=4,1-methylpsilocybin
39480,5-HT2C,HTR2C,5156,1-Butylpsilocin,,,,3H-MESULERGINE,RAT,CLONED,,15.7,"Sard H, et al., 2005",http://www.ncbi.nlm.nih.gov/entrez/query.fcgi?cmd=Retrieve&db=pubmed&dopt=Abstract&list_uids=16061378&query_hl=4,1-butylpsilocin
39481,5-HT2C,HTR2C,5157,1-Butylpsilocybin,,,,3H-MESULERGINE,RAT,CLONED,,5700.0,"Sard H, et al., 2005",http://www.ncbi.nlm.nih.gov/entrez/query.fcgi?cmd=Retrieve&db=pubmed&dopt=Abstract&list_uids=16061378&query_hl=4,1-butylpsilocybin
39576,5-HT2A,HTR2A,150,5-Hydroxy Tryptamine,C1=CC2=C(C=C1O)C(=CN2)CCN,50-67-9,58241.0,Functional,HUMAN,CLONED,,30.902954325136,"Porter RH, et.al., 1999",http://www.ncbi.nlm.nih.gov/entrez/query.fcgi?cmd=Retrieve&db=pubmed&dopt=Abstract&list_uids=10498829&query_hl=2,5-hydroxy tryptamine
39587,5-HT2A,HTR2A,1421,ORG-37684,,,,Functional,HUMAN,CLONED,,77.624711662869,"Porter RH, et.al., 1999",http://www.ncbi.nlm.nih.gov/entrez/query.fcgi?cmd=Retrieve&db=pubmed&dopt=Abstract&list_uids=10498829&query_hl=2,org-37684
39597,5-HT2B,HTR2B,150,5-Hydroxy Tryptamine,C1=CC2=C(C=C1O)C(=CN2)CCN,50-67-9,58241.0,Functional,HUMAN,CLONED,,2.089296130854,"Porter RH, et.al., 1999",http://www.ncbi.nlm.nih.gov/entrez/query.fcgi?cmd=Retrieve&db=pubmed&dopt=Abstract&list_uids=10498829&query_hl=2,5-hydroxy tryptamine
39609,5-HT2B,HTR2B,1421,ORG-37684,,,,Functional,HUMAN,CLONED,,10.964781961432,"Porter RH, et.al., 1999",http://www.ncbi.nlm.nih.gov/entrez/query.fcgi?cmd=Retrieve&db=pubmed&dopt=Abstract&list_uids=10498829&query_hl=2,org-37684
39617,5-HT2C,HTR2C,150,5-Hydroxy Tryptamine,C1=CC2=C(C=C1O)C(=CN2)CCN,50-67-9,58241.0,Functional,HUMAN,CLONED,,5.7543993733716,"Porter RH, et.al., 1999",http://www.ncbi.nlm.nih.gov/entrez/query.fcgi?cmd=Retrieve&db=pubmed&dopt=Abstract&list_uids=10498829&query_hl=2,5-hydroxy tryptamine
39629,5-HT2C,HTR2C,1421,ORG-37684,,,,Functional,HUMAN,CLONED,,6.7608297539198,"Porter RH, et.al., 1999",http://www.ncbi.nlm.nih.gov/entrez/query.fcgi?cmd=Retrieve&db=pubmed&dopt=Abstract&list_uids=10498829&query_hl=2,org-37684
39650,5-HT2A,HTR2A,150,5-Hydroxy Tryptamine,C1=CC2=C(C=C1O)C(=CN2)CCN,50-67-9,58241.0,125I-DOI,HUMAN,CLONED,,16.218100973589,"Knight AR, et al., 2004",http://www.ncbi.nlm.nih.gov/entrez/query.fcgi?cmd=Retrieve&db=pubmed&dopt=Abstract&list_uids=15322733&query_hl=1,5-hydroxy tryptamine
39657,5-HT2A,HTR2A,721,"DOI,(+)",CC(CC1=CC(=C(C=C1OC)I)OC)N,99665-05-1,,125I-DOI,HUMAN,CLONED,,0.93325430079699,"Knight AR, et al., 2004",http://www.ncbi.nlm.nih.gov/entrez/query.fcgi?cmd=Retrieve&db=pubmed&dopt=Abstract&list_uids=15322733&query_hl=1,"doi,(+)"
39658,5-HT2A,HTR2A,720,"DOI,(-)",CC(CC1=CC(=C(C=C1OC)I)OC)N,82864-02-6,,125I-DOI,HUMAN,CLONED,,0.64565422903466,"Knight AR, et al., 2004",http://www.ncbi.nlm.nih.gov/entrez/query.fcgi?cmd=Retrieve&db=pubmed&dopt=Abstract&list_uids=15322733&query_hl=1,"doi,(-)"
39664,5-HT2A,HTR2A,1421,ORG-37684,,,,125I-DOI,HUMAN,CLONED,,32.359365692963,"Knight AR, et al., 2004",http://www.ncbi.nlm.nih.gov/entrez/query.fcgi?cmd=Retrieve&db=pubmed&dopt=Abstract&list_uids=15322733&query_hl=1,org-37684
39674,5-HT2B,HTR2B,150,5-Hydroxy Tryptamine,C1=CC2=C(C=C1O)C(=CN2)CCN,50-67-9,58241.0,3H-5HT,HUMAN,CLONED,,13.489628825917,"Knight AR, et al., 2004",http://www.ncbi.nlm.nih.gov/entrez/query.fcgi?cmd=Retrieve&db=pubmed&dopt=Abstract&list_uids=15322733&query_hl=1,5-hydroxy tryptamine
39681,5-HT2B,HTR2B,721,"DOI,(+)",CC(CC1=CC(=C(C=C1OC)I)OC)N,99665-05-1,,3H-5HT,HUMAN,CLONED,,28.183829312645,"Knight AR, et al., 2004",http://www.ncbi.nlm.nih.gov/entrez/query.fcgi?cmd=Retrieve&db=pubmed&dopt=Abstract&list_uids=15322733&query_hl=1,"doi,(+)"
39682,5-HT2B,HTR2B,720,"DOI,(-)",CC(CC1=CC(=C(C=C1OC)I)OC)N,82864-02-6,,3H-5HT,HUMAN,CLONED,,53.703179637025,"Knight AR, et al., 2004",http://www.ncbi.nlm.nih.gov/entrez/query.fcgi?cmd=Retrieve&db=pubmed&dopt=Abstract&list_uids=15322733&query_hl=1,"doi,(-)"
39688,5-HT2B,HTR2B,1421,ORG-37684,,,,3H-5HT,HUMAN,CLONED,,42.657951880159,"Knight AR, et al., 2004",http://www.ncbi.nlm.nih.gov/entrez/query.fcgi?cmd=Retrieve&db=pubmed&dopt=Abstract&list_uids=15322733&query_hl=1,org-37684
39698,5-HT2C,HTR2C,150,5-Hydroxy Tryptamine,C1=CC2=C(C=C1O)C(=CN2)CCN,50-67-9,58241.0,3H-5HT,HUMAN,CLONED,,5.7543993733716,"Knight AR, et al., 2004",http://www.ncbi.nlm.nih.gov/entrez/query.fcgi?cmd=Retrieve&db=pubmed&dopt=Abstract&list_uids=15322733&query_hl=1,5-hydroxy tryptamine
39705,5-HT2C,HTR2C,721,"DOI,(+)",CC(CC1=CC(=C(C=C1OC)I)OC)N,99665-05-1,,3H-5HT,HUMAN,CLONED,,8.3176377110267,"Knight AR, et al., 2004",http://www.ncbi.nlm.nih.gov/entrez/query.fcgi?cmd=Retrieve&db=pubmed&dopt=Abstract&list_uids=15322733&query_hl=1,"doi,(+)"
39706,5-HT2C,HTR2C,720,"DOI,(-)",CC(CC1=CC(=C(C=C1OC)I)OC)N,82864-02-6,,3H-5HT,HUMAN,CLONED,,5.3703179637025,"Knight AR, et al., 2004",http://www.ncbi.nlm.nih.gov/entrez/query.fcgi?cmd=Retrieve&db=pubmed&dopt=Abstract&list_uids=15322733&query_hl=1,"doi,(-)"
39712,5-HT2C,HTR2C,1421,ORG-37684,,,,3H-5HT,HUMAN,CLONED,,7.5857757502919,"Knight AR, et al., 2004",http://www.ncbi.nlm.nih.gov/entrez/query.fcgi?cmd=Retrieve&db=pubmed&dopt=Abstract&list_uids=15322733&query_hl=1,org-37684
39756,5-HT2A,HTR2A,1905,TRAZODONE,C1CN(CCN1CCCN2C(=O)N3C=CC=CC3=N2)C4=CC(=CC=C4)Cl,19794-93-5,,125I-DOI,HUMAN,CLONED,,44.668359215096,"Knight AR, et al., 2004",http://www.ncbi.nlm.nih.gov/entrez/query.fcgi?cmd=Retrieve&db=pubmed&dopt=Abstract&list_uids=15322733&query_hl=1,trazodone
39777,5-HT2B,HTR2B,1905,TRAZODONE,C1CN(CCN1CCCN2C(=O)N3C=CC=CC3=N2)C4=CC(=CC=C4)Cl,19794-93-5,,3H-5HT,HUMAN,CLONED,,83.176377110267,"Knight AR, et al., 2004",http://www.ncbi.nlm.nih.gov/entrez/query.fcgi?cmd=Retrieve&db=pubmed&dopt=Abstract&list_uids=15322733&query_hl=1,trazodone
39798,5-HT2C,HTR2C,1905,TRAZODONE,C1CN(CCN1CCCN2C(=O)N3C=CC=CC3=N2)C4=CC(=CC=C4)Cl,19794-93-5,,3H-5HT,HUMAN,CLONED,,223.87211385683,"Knight AR, et al., 2004",http://www.ncbi.nlm.nih.gov/entrez/query.fcgi?cmd=Retrieve&db=pubmed&dopt=Abstract&list_uids=15322733&query_hl=1,trazodone
39803,5-HT2C,HTR2C,150,5-Hydroxy Tryptamine,C1=CC2=C(C=C1O)C(=CN2)CCN,50-67-9,58241.0,3H-MESULERGINE,HUMAN,CLONED,,18.1970085861,"Cussac D, et al., 2002",http://www.ncbi.nlm.nih.gov/entrez/query.fcgi?cmd=Retrieve&db=pubmed&dopt=Abstract&list_uids=11882920&query_hl=1,5-hydroxy tryptamine
39812,5-HT2B,HTR2B,150,5-Hydroxy Tryptamine,C1=CC2=C(C=C1O)C(=CN2)CCN,50-67-9,58241.0,3H-MESULERGINE,HUMAN,CLONED,,2.8183829312644,"Cussac D, et al., 2002",http://www.ncbi.nlm.nih.gov/entrez/query.fcgi?cmd=Retrieve&db=pubmed&dopt=Abstract&list_uids=11882920&query_hl=1,5-hydroxy tryptamine
40603,5-HT1D,HTR1D,1600,9-OH-risperidone,CC1=C(C(=O)N2CCCC(C2=N1)O)CCN3CCC(CC3)C4=NOC5=C4C=CC(=C5)F,115237,,3H-GR-125743,HUMAN,CLONED,,15.01,PDSP Certified Data,http://pdsp.med.unc.edu/pdsp.php,9-oh-risperidone
40604,5-HT2B,HTR2B,1599,RISPERIDONE,CC1=C(C(=O)N2CCCCC2=N1)CCN3CCC(CC3)C4=NOC5=C4C=CC(=C5)F,106266-06-2,,3H-LSD,HUMAN,CLONED,,41.5833,PDSP Certified Data,http://pdsp.med.unc.edu/pdsp.php,risperidone
41668,5-HT1A,HTR1A,1422,ORG-5222,CN1CC2C(C1)C3=C(C=CC(=C3)Cl)OC4=CC=CC=C24,163091,,3H-8-OH-DPAT,HUMAN,CLONED,,53.6,PDSP Certified Data,http://pdsp.med.unc.edu/pdsp.php,org-5222
41669,5-HT1B,HTR1B,1422,ORG-5222,CN1CC2C(C1)C3=C(C=CC(=C3)Cl)OC4=CC=CC=C24,163091,,3H-GR-125743,HUMAN,CLONED,,5.2,PDSP Certified Data,http://pdsp.med.unc.edu/pdsp.php,org-5222
41670,5-HT1E,HTR1E,1422,ORG-5222,CN1CC2C(C1)C3=C(C=CC(=C3)Cl)OC4=CC=CC=C24,163091,,3H-5HT,HUMAN,CLONED,,37.4,PDSP Certified Data,http://pdsp.med.unc.edu/pdsp.php,org-5222
41671,5-HT2A,HTR2A,1422,ORG-5222,CN1CC2C(C1)C3=C(C=CC(=C3)Cl)OC4=CC=CC=C24,163091,,3H-KETANSERIN,HUMAN,CLONED,,0.3,PDSP Certified Data,http://pdsp.med.unc.edu/pdsp.php,org-5222
41672,5-HT2C,HTR2C,1422,ORG-5222,CN1CC2C(C1)C3=C(C=CC(=C3)Cl)OC4=CC=CC=C24,163091,,3H-MESULERGINE,RAT,CLONED,,0.8,PDSP Certified Data,http://pdsp.med.unc.edu/pdsp.php,org-5222
41673,5-HT3,HTR3A,1422,ORG-5222,CN1CC2C(C1)C3=C(C=CC(=C3)Cl)OC4=CC=CC=C24,163091,,3H-ZACOPRIDE,HUMAN,CLONED,,447.6,PDSP Certified Data,http://pdsp.med.unc.edu/pdsp.php,org-5222
41675,5-HT6,HTR6,1422,ORG-5222,CN1CC2C(C1)C3=C(C=CC(=C3)Cl)OC4=CC=CC=C24,163091,,3H-LSD,HUMAN,CLONED,,1.4,PDSP Certified Data,http://pdsp.med.unc.edu/pdsp.php,org-5222
41676,5-HT7,HTR7,1422,ORG-5222,CN1CC2C(C1)C3=C(C=CC(=C3)Cl)OC4=CC=CC=C24,163091,,3H-LSD,HUMAN,CLONED,,0.9,PDSP Certified Data,http://pdsp.med.unc.edu/pdsp.php,org-5222
47382,5-HT2B,HTR2B,1996,Ziprasidone,C1CN(CCN1CCC2=C(C=C3C(=C2)CC(=O)N3)Cl)C4=NSC5=CC=CC=C54,60854,,3H-5HT,HUMAN,CLONED,,27.23,PDSP Certified Data,http://pdsp.med.unc.edu/pdsp.php,ziprasidone
48341,5-HT2A,HTR2A,281,AMDA,,,,3H-KETANSERIN,RAT,CLONED,,20.0,"Runyon SP et al., 2002",http://www.ncbi.nlm.nih.gov/entrez/query.fcgi?cmd=Retrieve&db=PubMed&list_uids=11931619&dopt=Abstract,amda
49074,5-HT1A,HTR1A,1905,TRAZODONE,C1CN(CCN1CCCN2C(=O)N3C=CC=CC3=N2)C4=CC(=CC=C4)Cl,19794-93-5,,3H-8-OH-DPAT,HUMAN,CLONED,,118.0,PDSP Certified Data,http://pdsp.med.unc.edu/pdsp.php,trazodone
49075,5-HT1B,HTR1B,1905,TRAZODONE,C1CN(CCN1CCCN2C(=O)N3C=CC=CC3=N2)C4=CC(=CC=C4)Cl,19794-93-5,,3H-GR-125743,HUMAN,CLONED,>,10000.0,PDSP Certified Data,http://pdsp.med.unc.edu/pdsp.php,trazodone
49076,5-HT1E,HTR1E,1905,TRAZODONE,C1CN(CCN1CCCN2C(=O)N3C=CC=CC3=N2)C4=CC(=CC=C4)Cl,19794-93-5,,3H-5HT,HUMAN,CLONED,>,10000.0,PDSP Certified Data,http://pdsp.med.unc.edu/pdsp.php,trazodone
49077,5-HT2A,HTR2A,1905,TRAZODONE,C1CN(CCN1CCCN2C(=O)N3C=CC=CC3=N2)C4=CC(=CC=C4)Cl,19794-93-5,,3H-KETANSERIN,HUMAN,CLONED,,27.0,PDSP Certified Data,http://pdsp.med.unc.edu/pdsp.php,trazodone
49078,5-HT2C,HTR2C,1905,TRAZODONE,C1CN(CCN1CCCN2C(=O)N3C=CC=CC3=N2)C4=CC(=CC=C4)Cl,19794-93-5,,3H-MESULERGINE,RAT,CLONED,,1999.0,PDSP Certified Data,http://pdsp.med.unc.edu/pdsp.php,trazodone
49080,5-HT6,HTR6,1905,TRAZODONE,C1CN(CCN1CCCN2C(=O)N3C=CC=CC3=N2)C4=CC(=CC=C4)Cl,19794-93-5,,3H-LSD,HUMAN,CLONED,>,10000.0,PDSP Certified Data,http://pdsp.med.unc.edu/pdsp.php,trazodone
49081,5-HT7,HTR7,1905,TRAZODONE,C1CN(CCN1CCCN2C(=O)N3C=CC=CC3=N2)C4=CC(=CC=C4)Cl,19794-93-5,,3H-LSD,HUMAN,CLONED,,1782.0,PDSP Certified Data,http://pdsp.med.unc.edu/pdsp.php,trazodone
49082,5-HT2B,HTR2B,1905,TRAZODONE,C1CN(CCN1CCCN2C(=O)N3C=CC=CC3=N2)C4=CC(=CC=C4)Cl,19794-93-5,,3H-LSD,HUMAN,CLONED,,189.0,PDSP Certified Data,http://pdsp.med.unc.edu/pdsp.php,trazodone
49808,5-HT1D,HTR1D,1905,TRAZODONE,C1CN(CCN1CCCN2C(=O)N3C=CC=CC3=N2)C4=CC(=CC=C4)Cl,19794-93-5,,3H-GR-125743,HUMAN,CLONED,,106.0,PDSP Certified Data,http://pdsp.med.unc.edu/pdsp.php,trazodone
49809,5-HT3,HTR3A,1905,TRAZODONE,C1CN(CCN1CCCN2C(=O)N3C=CC=CC3=N2)C4=CC(=CC=C4)Cl,19794-93-5,,3H-ZACOPRIDE,HUMAN,CLONED,>,10000.0,PDSP Certified Data,http://pdsp.med.unc.edu/pdsp.php,trazodone
50461,5-HT2A,HTR2A,150,5-Hydroxy Tryptamine,C1=CC2=C(C=C1O)C(=CN2)CCN,50-67-9,58241.0,125I-DOI,RAT,CORTEX,,3.0,"MCKENNA & PEROUTKA, 1989",http://www.ncbi.nlm.nih.gov/pubmed/2795135?itool=EntrezSystem2.PEntrez.Pubmed.Pubmed_ResultsPanel.Pubmed_RVDocSum&ordinalpos=33,5-hydroxy tryptamine
50462,5-HT2A,HTR2A,716,"DOET,(-)",CCC1=CC(=C(C=C1OC)CC(C)N)OC.Cl,62066,,125I-DOI,RAT,CORTEX,,0.54,"MCKENNA & PEROUTKA, 1989",http://www.ncbi.nlm.nih.gov/pubmed/2795135?itool=EntrezSystem2.PEntrez.Pubmed.Pubmed_ResultsPanel.Pubmed_RVDocSum&ordinalpos=33,"doet,(-)"
50463,5-HT2A,HTR2A,709,"DOB,R(-)",CC(C1=CC=CC2=NC3=C(C=CC=C3N=C21)C(=O)O)OC(=O)C(CO)OC,3035990,,125I-DOI,RAT,CORTEX,,0.4,"MCKENNA & PEROUTKA, 1989",http://www.ncbi.nlm.nih.gov/pubmed/2795135?itool=EntrezSystem2.PEntrez.Pubmed.Pubmed_ResultsPanel.Pubmed_RVDocSum&ordinalpos=33,"dob,r(-)"
50465,5-HT2A,HTR2A,721,"DOI,(+)",CC(CC1=CC(=C(C=C1OC)I)OC)N,99665-05-1,,125I-DOI,RAT,CORTEX,,0.89,"MCKENNA & PEROUTKA, 1989",http://www.ncbi.nlm.nih.gov/pubmed/2795135?itool=EntrezSystem2.PEntrez.Pubmed.Pubmed_ResultsPanel.Pubmed_RVDocSum&ordinalpos=33,"doi,(+)"
50466,5-HT2A,HTR2A,710,"DOB,S(+)",,,,125I-DOI,RAT,CORTEX,,1.0,"MCKENNA & PEROUTKA, 1989",http://www.ncbi.nlm.nih.gov/pubmed/2795135?itool=EntrezSystem2.PEntrez.Pubmed.Pubmed_ResultsPanel.Pubmed_RVDocSum&ordinalpos=33,"dob,s(+)"
50469,5-HT2A,HTR2A,720,"DOI,(-)",CC(CC1=CC(=C(C=C1OC)I)OC)N,82864-02-6,,125I-DOI,RAT,CORTEX,,0.53,"MCKENNA & PEROUTKA, 1989",http://www.ncbi.nlm.nih.gov/pubmed/2795135?itool=EntrezSystem2.PEntrez.Pubmed.Pubmed_ResultsPanel.Pubmed_RVDocSum&ordinalpos=33,"doi,(-)"
50470,5-HT2A,HTR2A,1867,"TMA,3,4,5-",,,,125I-DOI,RAT,CORTEX,,73.0,"MCKENNA & PEROUTKA, 1989",http://www.ncbi.nlm.nih.gov/pubmed/2795135?itool=EntrezSystem2.PEntrez.Pubmed.Pubmed_ResultsPanel.Pubmed_RVDocSum&ordinalpos=33,"tma,3,4,5-"
50471,5-HT2A,HTR2A,695,"DMT,5-MeO",CN(C)CCC1=CNC2=C1C=C(C=C2)OC,1832,,125I-DOI,RAT,CORTEX,,14.0,"MCKENNA & PEROUTKA, 1989",http://www.ncbi.nlm.nih.gov/pubmed/2795135?itool=EntrezSystem2.PEntrez.Pubmed.Pubmed_ResultsPanel.Pubmed_RVDocSum&ordinalpos=33,"dmt,5-meo"
50473,5-HT2A,HTR2A,724,"DOM,R(-)",CC1=CC(=C(C=C1OC)CC(C)N)OC,85875,,125I-DOI,RAT,CORTEX,,4.8,"MCKENNA & PEROUTKA, 1989",http://www.ncbi.nlm.nih.gov/pubmed/2795135?itool=EntrezSystem2.PEntrez.Pubmed.Pubmed_ResultsPanel.Pubmed_RVDocSum&ordinalpos=33,"dom,r(-)"
52774,5-HT2A,HTR2A,1996,Ziprasidone,C1CN(CCN1CCC2=C(C=C3C(=C2)CC(=O)N3)Cl)C4=NSC5=CC=CC=C54,60854,,UNDEFINED,HUMAN,UNDEFINED,,0.0799999982118607,"Graham JM et al., 2008",https://www.ncbi.nlm.nih.gov/pubmed/18160289,ziprasidone
52798,5-HT1A,HTR1A,1996,Ziprasidone,C1CN(CCN1CCC2=C(C=C3C(=C2)CC(=O)N3)Cl)C4=NSC5=CC=CC=C54,60854,,UNDEFINED,HUMAN,UNDEFINED,,4.0,"Graham JM et al., 2008",https://www.ncbi.nlm.nih.gov/pubmed/18160289,ziprasidone
53681,5-HT6,HTR6,1996,Ziprasidone,C1CN(CCN1CCC2=C(C=C3C(=C2)CC(=O)N3)Cl)C4=NSC5=CC=CC=C54,60854,,UNDEFINED,HUMAN,UNDEFINED,,76.0,"Ablordeppey SY et al., 2008",https://www.ncbi.nlm.nih.gov/pubmed/18595716,ziprasidone
53682,5-HT6,HTR6,1599,RISPERIDONE,CC1=C(C(=O)N2CCCCC2=N1)CCN3CCC(CC3)C4=NOC5=C4C=CC(=C5)F,106266-06-2,,UNDEFINED,HUMAN,UNDEFINED,,2000.0,"Ablordeppey SY et al., 2008",https://www.ncbi.nlm.nih.gov/pubmed/18595716,risperidone
53751,5-HT2C,HTR2C,1996,Ziprasidone,C1CN(CCN1CCC2=C(C=C3C(=C2)CC(=O)N3)Cl)C4=NSC5=CC=CC=C54,60854,,UNDEFINED,HUMAN,UNDEFINED,,0.720000028610229,"Ablordeppey SY et al., 2008",https://www.ncbi.nlm.nih.gov/pubmed/18595716,ziprasidone
53752,5-HT2C,HTR2C,1599,RISPERIDONE,CC1=C(C(=O)N2CCCCC2=N1)CCN3CCC(CC3)C4=NOC5=C4C=CC(=C5)F,106266-06-2,,UNDEFINED,HUMAN,UNDEFINED,,10.0,"Ablordeppey SY et al., 2008",https://www.ncbi.nlm.nih.gov/pubmed/18595716,risperidone
53778,5-HT1A,HTR1A,1996,Ziprasidone,C1CN(CCN1CCC2=C(C=C3C(=C2)CC(=O)N3)Cl)C4=NSC5=CC=CC=C54,60854,,UNDEFINED,HUMAN,UNDEFINED,,2.5,"Ablordeppey SY et al., 2008",https://www.ncbi.nlm.nih.gov/pubmed/18595716,ziprasidone
53779,5-HT1A,HTR1A,1599,RISPERIDONE,CC1=C(C(=O)N2CCCCC2=N1)CCN3CCC(CC3)C4=NOC5=C4C=CC(=C5)F,106266-06-2,,UNDEFINED,HUMAN,UNDEFINED,,210.0,"Ablordeppey SY et al., 2008",https://www.ncbi.nlm.nih.gov/pubmed/18595716,risperidone
53793,5-HT2A,HTR2A,1996,Ziprasidone,C1CN(CCN1CCC2=C(C=C3C(=C2)CC(=O)N3)Cl)C4=NSC5=CC=CC=C54,60854,,UNDEFINED,HUMAN,UNDEFINED,,0.389999985694885,"Ablordeppey SY et al., 2008",https://www.ncbi.nlm.nih.gov/pubmed/18595716,ziprasidone
53794,5-HT2A,HTR2A,1599,RISPERIDONE,CC1=C(C(=O)N2CCCCC2=N1)CCN3CCC(CC3)C4=NOC5=C4C=CC(=C5)F,106266-06-2,,UNDEFINED,HUMAN,UNDEFINED,,0.28999999165535,"Ablordeppey SY et al., 2008",https://www.ncbi.nlm.nih.gov/pubmed/18595716,risperidone
53877,5-HT1A,HTR1A,150,5-Hydroxy Tryptamine,C1=CC2=C(C=C1O)C(=CN2)CCN,50-67-9,58241.0,UNDEFINED,RAT,UNDEFINED,,3.0,"Liu Z et al., 2008",https://www.ncbi.nlm.nih.gov/pubmed/18562201,5-hydroxy tryptamine
55687,5-HT1B,HTR1B,150,5-Hydroxy Tryptamine,C1=CC2=C(C=C1O)C(=CN2)CCN,50-67-9,58241.0,UNDEFINED,HUMAN,UNDEFINED,,1.10000002384186,"Choi SK et al., 2008",https://www.ncbi.nlm.nih.gov/pubmed/18507369,5-hydroxy tryptamine
55723,5-HT1D,HTR1D,150,5-Hydroxy Tryptamine,C1=CC2=C(C=C1O)C(=CN2)CCN,50-67-9,58241.0,UNDEFINED,HUMAN,UNDEFINED,,0.5,"Choi SK et al., 2008",https://www.ncbi.nlm.nih.gov/pubmed/18507369,5-hydroxy tryptamine
55867,5-HT1A,HTR1A,1599,RISPERIDONE,CC1=C(C(=O)N2CCCCC2=N1)CCN3CCC(CC3)C4=NOC5=C4C=CC(=C5)F,106266-06-2,,UNDEFINED,RAT,UNDEFINED,,190.0,"Butini S et al., 2009",https://www.ncbi.nlm.nih.gov/pubmed/19072656,risperidone
58125,5-HT2A,HTR2A,10432,N-(3-Iodobenzyl)-2-(5-methoxy-1H-indol-3-yl)ethan-1-amine maleate,,,,125I-DOI,HUMAN,CLONED,,0.62,"Nichols DE, 2014",http://pubs.acs.org/doi/abs/10.1021%2Fcn500292d,n-(3-iodobenzyl)-2-(5-methoxy-1h-indol-3-yl)ethan-1-amine maleate
58126,5-HT2A,HTR2A,10432,N-(3-Iodobenzyl)-2-(5-methoxy-1H-indol-3-yl)ethan-1-amine maleate,,,,3H-KETANSERIN,HUMAN,CLONED,,3.47,"Nichols DE, 2014",http://pubs.acs.org/doi/abs/10.1021%2Fcn500292d,n-(3-iodobenzyl)-2-(5-methoxy-1h-indol-3-yl)ethan-1-amine maleate
58139,5-HT2C,HTR2C,10432,N-(3-Iodobenzyl)-2-(5-methoxy-1H-indol-3-yl)ethan-1-amine maleate,,,,3H-MESULERGINE,HUMAN,CLONED,,6.46,"Nichols DE, 2014",http://pubs.acs.org/doi/abs/10.1021%2Fcn500292d,n-(3-iodobenzyl)-2-(5-methoxy-1h-indol-3-yl)ethan-1-amine maleate
58140,5-HT2C,HTR2C,10432,N-(3-Iodobenzyl)-2-(5-methoxy-1H-indol-3-yl)ethan-1-amine maleate,,,,125I-DOI,HUMAN,CLONED,,1.05,"Nichols DE, 2014",http://pubs.acs.org/doi/abs/10.1021%2Fcn500292d,n-(3-iodobenzyl)-2-(5-methoxy-1h-indol-3-yl)ethan-1-amine maleate
58995,5-HT2C,HTR2C,1303,Nefazodone,CCC1=NN(C(=O)N1CCOC2=CC=CC=C2)CCCN3CCN(CC3)C4=CC(=CC=C4)Cl,83366-66-9,,3H-MESULERGINE,HUMAN,CLONED,,72.0,"Roth B. et al., 2006",http://www.ncbi.nlm.nih.gov/pubmed/16712488,nefazodone
59005,5-HT2A,HTR2A,10532,"2-((2,5-Dimethoxy-4-(trifluoromethyl)phenethylamino)methyl)phenol hydrochloride",,,,3H-KETANSERIN,HUMAN,CLONED,,0.6606934480076,"Hansen M, et al., 2014",http://pubs.acs.org/doi/pdf/10.1021/cn400216u,"2-((2,5-dimethoxy-4-(trifluoromethyl)phenethylamino)methyl)phenol hydrochloride"
59012,5-HT2C,HTR2C,10532,"2-((2,5-Dimethoxy-4-(trifluoromethyl)phenethylamino)methyl)phenol hydrochloride",,,,3H-MESULERGINE,HUMAN,CLONED,,3.2359365692963,"Hansen M, et al., 2014",http://pubs.acs.org/doi/pdf/10.1021/cn400216u,"2-((2,5-dimethoxy-4-(trifluoromethyl)phenethylamino)methyl)phenol hydrochloride"
59013,5-HT2C,HTR2C,10532,"2-((2,5-Dimethoxy-4-(trifluoromethyl)phenethylamino)methyl)phenol hydrochloride",,,,3H-MESULERGINE,HUMAN,CLONED,,12.022644346174,"Hansen M, et al., 2014",http://pubs.acs.org/doi/pdf/10.1021/cn400216u,"2-((2,5-dimethoxy-4-(trifluoromethyl)phenethylamino)methyl)phenol hydrochloride"
59014,5-HT2C,HTR2C,10536,"2-((4-Ethyl-2,5-dimethoxyphenethylamino)methyl)phenol hydrochloride",,,,3H-MESULERGINE,HUMAN,CLONED,,3.388441561392,"Hansen M, et al., 2014",http://pubs.acs.org/doi/pdf/10.1021/cn400216u,"2-((4-ethyl-2,5-dimethoxyphenethylamino)methyl)phenol hydrochloride"
59015,5-HT2C,HTR2C,10537,"2-((2,5-Dimethoxy-4-propylphenethylamino)methyl)phenol hydrochloride",,,,3H-MESULERGINE,HUMAN,CLONED,,3.0902954325136,"Hansen M, et al., 2014",http://pubs.acs.org/doi/pdf/10.1021/cn400216u,"2-((2,5-dimethoxy-4-propylphenethylamino)methyl)phenol hydrochloride"
59022,5-HT2A,HTR2A,10537,"2-((2,5-Dimethoxy-4-propylphenethylamino)methyl)phenol hydrochloride",,,,3H-KETANSERIN,HUMAN,CLONED,,0.52480746024977,"Hansen M, et al., 2014",http://pubs.acs.org/doi/pdf/10.1021/cn400216u,"2-((2,5-dimethoxy-4-propylphenethylamino)methyl)phenol hydrochloride"
59023,5-HT2A,HTR2A,10536,"2-((4-Ethyl-2,5-dimethoxyphenethylamino)methyl)phenol hydrochloride",,,,3H-KETANSERIN,HUMAN,CLONED,,0.28840315031266,"Hansen M, et al., 2014",http://pubs.acs.org/doi/pdf/10.1021/cn400216u,"2-((4-ethyl-2,5-dimethoxyphenethylamino)methyl)phenol hydrochloride"
59024,5-HT2A,HTR2A,10541,"2-((2,5-Dimethoxy-4-methylphenethylamino)methyl)phenol hydrochloride",,,,3H-KETANSERIN,HUMAN,CLONED,,1.0964781961432,"Hansen M, et al., 2014",http://pubs.acs.org/doi/pdf/10.1021/cn400216u,"2-((2,5-dimethoxy-4-methylphenethylamino)methyl)phenol hydrochloride"
59098,5-HT2A,HTR2A,1599,RISPERIDONE,CC1=C(C(=O)N2CCCCC2=N1)CCN3CCC(CC3)C4=NOC5=C4C=CC(=C5)F,106266-06-2,,3H-KETANSERIN,HUMAN,CLONED,,0.48977881936845,"Davies M, et al. 2005",http://www.nature.com/tpj/journal/v6/n1/pdf/6500342a.pdf,risperidone
59099,5-HT2A,HTR2A,1996,Ziprasidone,C1CN(CCN1CCC2=C(C=C3C(=C2)CC(=O)N3)Cl)C4=NSC5=CC=CC=C54,60854,,3H-KETANSERIN,HUMAN,CLONED,,0.85113803820238,"Davies M, et al. 2005",http://www.nature.com/tpj/journal/v6/n1/pdf/6500342a.pdf,ziprasidone
59148,5-HT2A,HTR2A,1599,RISPERIDONE,CC1=C(C(=O)N2CCCCC2=N1)CCN3CCC(CC3)C4=NOC5=C4C=CC(=C5)F,106266-06-2,,3H-KETANSERIN,HUMAN,CLONED,,0.2,"Gillman P, et al., 2005",http://www.ncbi.nlm.nih.gov/pubmed/16051647,risperidone
59149,5-HT1A,HTR1A,1599,RISPERIDONE,CC1=C(C(=O)N2CCCCC2=N1)CCN3CCC(CC3)C4=NOC5=C4C=CC(=C5)F,106266-06-2,,3H-WAY100635,HUMAN,CLONED,,427.0,"Gillman P, et al., 2005",http://www.ncbi.nlm.nih.gov/pubmed/16051647,risperidone
59502,5-HT2A,HTR2A,10660,4-{[(4-Iodobenzyl)sulfanyl]methyl}-1H-imidazole,,,,3H-KETANSERIN,RAT,BRAIN,>,10000.0,"Hough, L. et. al., 2007",http://www.ncbi.nlm.nih.gov/pubmed/17336343,4-{[(4-iodobenzyl)sulfanyl]methyl}-1h-imidazole
59503,5-HT2B,HTR2B,10660,4-{[(4-Iodobenzyl)sulfanyl]methyl}-1H-imidazole,,,,3H-LSD,RAT,BRAIN,>,10000.0,"Hough, L. et. al., 2007",http://www.ncbi.nlm.nih.gov/pubmed/17336343,4-{[(4-iodobenzyl)sulfanyl]methyl}-1h-imidazole
59504,5-HT2C,HTR2C,10660,4-{[(4-Iodobenzyl)sulfanyl]methyl}-1H-imidazole,,,,3H-MESULERGINE,RAT,BRAIN,>,10000.0,"Hough, L. et. al., 2007",http://www.ncbi.nlm.nih.gov/pubmed/17336343,4-{[(4-iodobenzyl)sulfanyl]methyl}-1h-imidazole
59750,5-HT2A,HTR2A,281,AMDA,,,,3H-KETANSERIN,HUMAN,CLONED,,20.0,"Dewkar, G. et. al., 2008",http://www.ncbi.nlm.nih.gov/pmc/articles/PMC3082371/,amda
61695,5-HT2A,HTR2A,11164,"2-(benzo[d][1,3]dioxol-5-yl)-N-benzyl-N-(3,4-dimethoxyphenethyl)ethan-1-amine",,,,3H-KETANSERIN,HUMAN,CLONED,,3531.0,"Ponnala, Shashikanth et. al. 2015",http://pubs.rsc.org/en/content/articlepdf/2015/md/c4md00418c,"2-(benzo[d][1,3]dioxol-5-yl)-n-benzyl-n-(3,4-dimethoxyphenethyl)ethan-1-amine"
61696,5-HT2A,HTR2A,11165,"2-(benzo[d][1,3]dioxol-5-yl)-N-(3,4-dimethoxyphenethyl)-N-phenethylethan-1-amine",,,,3H-KETANSERIN,HUMAN,CLONED,,1472.0,"Ponnala, Shashikanth et. al. 2015",http://pubs.rsc.org/en/content/articlepdf/2015/md/c4md00418c,"2-(benzo[d][1,3]dioxol-5-yl)-n-(3,4-dimethoxyphenethyl)-n-phenethylethan-1-amine"
61697,5-HT2A,HTR2A,11166,"N-(2-(benzo[d][1,3]dioxol-5-yl)ethyl)-N-(3,4-dimethoxyphenethyl)-3-phenylpropan-1-amine",,,,3H-KETANSERIN,HUMAN,CLONED,,165.0,"Ponnala, Shashikanth et. al. 2015",http://pubs.rsc.org/en/content/articlepdf/2015/md/c4md00418c,"n-(2-(benzo[d][1,3]dioxol-5-yl)ethyl)-n-(3,4-dimethoxyphenethyl)-3-phenylpropan-1-amine"
61698,5-HT2A,HTR2A,11167,"N-(2-(benzo[d][1,3]dioxol-5-yl)ethyl)-N-(3,4-dimethoxyphenethyl)-3-(2-methoxyphenyl)propan-1-amine",,,,3H-KETANSERIN,HUMAN,CLONED,,140.0,"Ponnala, Shashikanth et. al. 2015",http://pubs.rsc.org/en/content/articlepdf/2015/md/c4md00418c,"n-(2-(benzo[d][1,3]dioxol-5-yl)ethyl)-n-(3,4-dimethoxyphenethyl)-3-(2-methoxyphenyl)propan-1-amine"
61699,5-HT2A,HTR2A,11168,"N-(2-(benzo[d][1,3]dioxol-5-yl)ethyl)-N-(3,4-dimethoxyphenethyl)-3-(3-methoxyphenyl)propan-1-amine",,,,3H-KETANSERIN,HUMAN,CLONED,,200.0,"Ponnala, Shashikanth et. al. 2015",http://pubs.rsc.org/en/content/articlepdf/2015/md/c4md00418c,"n-(2-(benzo[d][1,3]dioxol-5-yl)ethyl)-n-(3,4-dimethoxyphenethyl)-3-(3-methoxyphenyl)propan-1-amine"
61700,5-HT2A,HTR2A,11169,"N-(2-(benzo[d][1,3]dioxol-5-yl)ethyl)-N-(3,4-dimethoxyphenethyl)-3-(4-methoxyphenyl)propan-1-amine",,,,3H-KETANSERIN,HUMAN,CLONED,,267.0,"Ponnala, Shashikanth et. al. 2015",http://pubs.rsc.org/en/content/articlepdf/2015/md/c4md00418c,"n-(2-(benzo[d][1,3]dioxol-5-yl)ethyl)-n-(3,4-dimethoxyphenethyl)-3-(4-methoxyphenyl)propan-1-amine"
61701,5-HT2A,HTR2A,11170,"N-(2-(benzo[d][1,3]dioxol-5-yl)ethyl)-N-(3,4-dimethoxyphenethyl)-3-(2,5-dimethoxyphenyl)propan-1-amine",,,,3H-KETANSERIN,HUMAN,CLONED,,919.0,"Ponnala, Shashikanth et. al. 2015",http://pubs.rsc.org/en/content/articlepdf/2015/md/c4md00418c,"n-(2-(benzo[d][1,3]dioxol-5-yl)ethyl)-n-(3,4-dimethoxyphenethyl)-3-(2,5-dimethoxyphenyl)propan-1-amine"
61702,5-HT2A,HTR2A,11171,"N-(2-(benzo[d][1,3]dioxol-5-yl)ethyl)-N-(3,4-dimethoxyphenethyl)-3-(3,4,5-trimethoxyphenyl)propan-1-amine",,,,3H-KETANSERIN,HUMAN,CLONED,,146.0,"Ponnala, Shashikanth et. al. 2015",http://pubs.rsc.org/en/content/articlepdf/2015/md/c4md00418c,"n-(2-(benzo[d][1,3]dioxol-5-yl)ethyl)-n-(3,4-dimethoxyphenethyl)-3-(3,4,5-trimethoxyphenyl)propan-1-amine"
61703,5-HT2A,HTR2A,11172,"N-(2-(benzo[d][1,3]dioxol-4-yl)ethyl)-N-(3,4-dimethoxyphenethyl)-3-(3-methoxyphenyl)propan-1-amine",,,,3H-KETANSERIN,HUMAN,CLONED,,1507.0,"Ponnala, Shashikanth et. al. 2015",http://pubs.rsc.org/en/content/articlepdf/2015/md/c4md00418c,"n-(2-(benzo[d][1,3]dioxol-4-yl)ethyl)-n-(3,4-dimethoxyphenethyl)-3-(3-methoxyphenyl)propan-1-amine"
61704,5-HT2A,HTR2A,11173,"N-(2-(benzo[d][1,3]dioxol-4-yl)ethyl)-N-(3,4-dimethoxyphenethyl)-3-(3,4,5-trimethoxyphenyl)propan-1-amine",,,,3H-KETANSERIN,HUMAN,CLONED,,2234.0,"Ponnala, Shashikanth et. al. 2015",http://pubs.rsc.org/en/content/articlepdf/2015/md/c4md00418c,"n-(2-(benzo[d][1,3]dioxol-4-yl)ethyl)-n-(3,4-dimethoxyphenethyl)-3-(3,4,5-trimethoxyphenyl)propan-1-amine"
61705,5-HT2A,HTR2A,11174,"(Z)-N-(2-(benzo[d][1,3]dioxol-4-yl)ethyl)-N-(3,4-dimethoxyphenethyl)-4-phenylbut-3-en-1-amine",,,,3H-KETANSERIN,HUMAN,CLONED,,226.0,"Ponnala, Shashikanth et. al. 2015",http://pubs.rsc.org/en/content/articlepdf/2015/md/c4md00418c,"(z)-n-(2-(benzo[d][1,3]dioxol-4-yl)ethyl)-n-(3,4-dimethoxyphenethyl)-4-phenylbut-3-en-1-amine"
61708,5-HT2B,HTR2B,11174,"(Z)-N-(2-(benzo[d][1,3]dioxol-4-yl)ethyl)-N-(3,4-dimethoxyphenethyl)-4-phenylbut-3-en-1-amine",,,,3H-LSD,HUMAN,CLONED,,21.0,"Ponnala, Shashikanth et. al. 2015",http://pubs.rsc.org/en/content/articlepdf/2015/md/c4md00418c,"(z)-n-(2-(benzo[d][1,3]dioxol-4-yl)ethyl)-n-(3,4-dimethoxyphenethyl)-4-phenylbut-3-en-1-amine"
61709,5-HT2B,HTR2B,11173,"N-(2-(benzo[d][1,3]dioxol-4-yl)ethyl)-N-(3,4-dimethoxyphenethyl)-3-(3,4,5-trimethoxyphenyl)propan-1-amine",,,,3H-LSD,HUMAN,CLONED,,231.0,"Ponnala, Shashikanth et. al. 2015",http://pubs.rsc.org/en/content/articlepdf/2015/md/c4md00418c,"n-(2-(benzo[d][1,3]dioxol-4-yl)ethyl)-n-(3,4-dimethoxyphenethyl)-3-(3,4,5-trimethoxyphenyl)propan-1-amine"
61710,5-HT2B,HTR2B,11172,"N-(2-(benzo[d][1,3]dioxol-4-yl)ethyl)-N-(3,4-dimethoxyphenethyl)-3-(3-methoxyphenyl)propan-1-amine",,,,3H-LSD,HUMAN,CLONED,,59.0,"Ponnala, Shashikanth et. al. 2015",http://pubs.rsc.org/en/content/articlepdf/2015/md/c4md00418c,"n-(2-(benzo[d][1,3]dioxol-4-yl)ethyl)-n-(3,4-dimethoxyphenethyl)-3-(3-methoxyphenyl)propan-1-amine"
61711,5-HT2B,HTR2B,11171,"N-(2-(benzo[d][1,3]dioxol-5-yl)ethyl)-N-(3,4-dimethoxyphenethyl)-3-(3,4,5-trimethoxyphenyl)propan-1-amine",,,,3H-LSD,HUMAN,CLONED,,4.1,"Ponnala, Shashikanth et. al. 2015",http://pubs.rsc.org/en/content/articlepdf/2015/md/c4md00418c,"n-(2-(benzo[d][1,3]dioxol-5-yl)ethyl)-n-(3,4-dimethoxyphenethyl)-3-(3,4,5-trimethoxyphenyl)propan-1-amine"
61712,5-HT2B,HTR2B,11170,"N-(2-(benzo[d][1,3]dioxol-5-yl)ethyl)-N-(3,4-dimethoxyphenethyl)-3-(2,5-dimethoxyphenyl)propan-1-amine",,,,3H-LSD,HUMAN,CLONED,,36.0,"Ponnala, Shashikanth et. al. 2015",http://pubs.rsc.org/en/content/articlepdf/2015/md/c4md00418c,"n-(2-(benzo[d][1,3]dioxol-5-yl)ethyl)-n-(3,4-dimethoxyphenethyl)-3-(2,5-dimethoxyphenyl)propan-1-amine"
61713,5-HT2B,HTR2B,11169,"N-(2-(benzo[d][1,3]dioxol-5-yl)ethyl)-N-(3,4-dimethoxyphenethyl)-3-(4-methoxyphenyl)propan-1-amine",,,,3H-LSD,HUMAN,CLONED,,6.8,"Ponnala, Shashikanth et. al. 2015",http://pubs.rsc.org/en/content/articlepdf/2015/md/c4md00418c,"n-(2-(benzo[d][1,3]dioxol-5-yl)ethyl)-n-(3,4-dimethoxyphenethyl)-3-(4-methoxyphenyl)propan-1-amine"
61714,5-HT2B,HTR2B,11168,"N-(2-(benzo[d][1,3]dioxol-5-yl)ethyl)-N-(3,4-dimethoxyphenethyl)-3-(3-methoxyphenyl)propan-1-amine",,,,3H-LSD,HUMAN,CLONED,,4.6,"Ponnala, Shashikanth et. al. 2015",http://pubs.rsc.org/en/content/articlepdf/2015/md/c4md00418c,"n-(2-(benzo[d][1,3]dioxol-5-yl)ethyl)-n-(3,4-dimethoxyphenethyl)-3-(3-methoxyphenyl)propan-1-amine"
61715,5-HT2B,HTR2B,11167,"N-(2-(benzo[d][1,3]dioxol-5-yl)ethyl)-N-(3,4-dimethoxyphenethyl)-3-(2-methoxyphenyl)propan-1-amine",,,,3H-LSD,HUMAN,CLONED,,5.8,"Ponnala, Shashikanth et. al. 2015",http://pubs.rsc.org/en/content/articlepdf/2015/md/c4md00418c,"n-(2-(benzo[d][1,3]dioxol-5-yl)ethyl)-n-(3,4-dimethoxyphenethyl)-3-(2-methoxyphenyl)propan-1-amine"
61716,5-HT2B,HTR2B,11166,"N-(2-(benzo[d][1,3]dioxol-5-yl)ethyl)-N-(3,4-dimethoxyphenethyl)-3-phenylpropan-1-amine",,,,3H-LSD,HUMAN,CLONED,,26.0,"Ponnala, Shashikanth et. al. 2015",http://pubs.rsc.org/en/content/articlepdf/2015/md/c4md00418c,"n-(2-(benzo[d][1,3]dioxol-5-yl)ethyl)-n-(3,4-dimethoxyphenethyl)-3-phenylpropan-1-amine"
61717,5-HT2B,HTR2B,11165,"2-(benzo[d][1,3]dioxol-5-yl)-N-(3,4-dimethoxyphenethyl)-N-phenethylethan-1-amine",,,,3H-LSD,HUMAN,CLONED,,17.0,"Ponnala, Shashikanth et. al. 2015",http://pubs.rsc.org/en/content/articlepdf/2015/md/c4md00418c,"2-(benzo[d][1,3]dioxol-5-yl)-n-(3,4-dimethoxyphenethyl)-n-phenethylethan-1-amine"
61718,5-HT2B,HTR2B,11164,"2-(benzo[d][1,3]dioxol-5-yl)-N-benzyl-N-(3,4-dimethoxyphenethyl)ethan-1-amine",,,,3H-LSD,HUMAN,CLONED,,59.0,"Ponnala, Shashikanth et. al. 2015",http://pubs.rsc.org/en/content/articlepdf/2015/md/c4md00418c,"2-(benzo[d][1,3]dioxol-5-yl)-n-benzyl-n-(3,4-dimethoxyphenethyl)ethan-1-amine"
61719,5-HT2C,HTR2C,11164,"2-(benzo[d][1,3]dioxol-5-yl)-N-benzyl-N-(3,4-dimethoxyphenethyl)ethan-1-amine",,,,3H-MESULERGINE,HUMAN,CLONED,,1091.0,"Ponnala, Shashikanth et. al. 2015",http://pubs.rsc.org/en/content/articlepdf/2015/md/c4md00418c,"2-(benzo[d][1,3]dioxol-5-yl)-n-benzyl-n-(3,4-dimethoxyphenethyl)ethan-1-amine"
61720,5-HT2C,HTR2C,11165,"2-(benzo[d][1,3]dioxol-5-yl)-N-(3,4-dimethoxyphenethyl)-N-phenethylethan-1-amine",,,,3H-MESULERGINE,HUMAN,CLONED,,690.0,"Ponnala, Shashikanth et. al. 2015",http://pubs.rsc.org/en/content/articlepdf/2015/md/c4md00418c,"2-(benzo[d][1,3]dioxol-5-yl)-n-(3,4-dimethoxyphenethyl)-n-phenethylethan-1-amine"
61721,5-HT2C,HTR2C,11166,"N-(2-(benzo[d][1,3]dioxol-5-yl)ethyl)-N-(3,4-dimethoxyphenethyl)-3-phenylpropan-1-amine",,,,3H-MESULERGINE,HUMAN,CLONED,,399.0,"Ponnala, Shashikanth et. al. 2015",http://pubs.rsc.org/en/content/articlepdf/2015/md/c4md00418c,"n-(2-(benzo[d][1,3]dioxol-5-yl)ethyl)-n-(3,4-dimethoxyphenethyl)-3-phenylpropan-1-amine"
61722,5-HT2C,HTR2C,11167,"N-(2-(benzo[d][1,3]dioxol-5-yl)ethyl)-N-(3,4-dimethoxyphenethyl)-3-(2-methoxyphenyl)propan-1-amine",,,,3H-MESULERGINE,HUMAN,CLONED,,123.0,"Ponnala, Shashikanth et. al. 2015",http://pubs.rsc.org/en/content/articlepdf/2015/md/c4md00418c,"n-(2-(benzo[d][1,3]dioxol-5-yl)ethyl)-n-(3,4-dimethoxyphenethyl)-3-(2-methoxyphenyl)propan-1-amine"
61723,5-HT2C,HTR2C,11168,"N-(2-(benzo[d][1,3]dioxol-5-yl)ethyl)-N-(3,4-dimethoxyphenethyl)-3-(3-methoxyphenyl)propan-1-amine",,,,3H-MESULERGINE,HUMAN,CLONED,,108.0,"Ponnala, Shashikanth et. al. 2015",http://pubs.rsc.org/en/content/articlepdf/2015/md/c4md00418c,"n-(2-(benzo[d][1,3]dioxol-5-yl)ethyl)-n-(3,4-dimethoxyphenethyl)-3-(3-methoxyphenyl)propan-1-amine"
61724,5-HT2C,HTR2C,11169,"N-(2-(benzo[d][1,3]dioxol-5-yl)ethyl)-N-(3,4-dimethoxyphenethyl)-3-(4-methoxyphenyl)propan-1-amine",,,,3H-MESULERGINE,HUMAN,CLONED,,206.0,"Ponnala, Shashikanth et. al. 2015",http://pubs.rsc.org/en/content/articlepdf/2015/md/c4md00418c,"n-(2-(benzo[d][1,3]dioxol-5-yl)ethyl)-n-(3,4-dimethoxyphenethyl)-3-(4-methoxyphenyl)propan-1-amine"
61725,5-HT2C,HTR2C,11170,"N-(2-(benzo[d][1,3]dioxol-5-yl)ethyl)-N-(3,4-dimethoxyphenethyl)-3-(2,5-dimethoxyphenyl)propan-1-amine",,,,3H-MESULERGINE,HUMAN,CLONED,,273.0,"Ponnala, Shashikanth et. al. 2015",http://pubs.rsc.org/en/content/articlepdf/2015/md/c4md00418c,"n-(2-(benzo[d][1,3]dioxol-5-yl)ethyl)-n-(3,4-dimethoxyphenethyl)-3-(2,5-dimethoxyphenyl)propan-1-amine"
61726,5-HT2C,HTR2C,11171,"N-(2-(benzo[d][1,3]dioxol-5-yl)ethyl)-N-(3,4-dimethoxyphenethyl)-3-(3,4,5-trimethoxyphenyl)propan-1-amine",,,,3H-MESULERGINE,HUMAN,CLONED,,194.0,"Ponnala, Shashikanth et. al. 2015",http://pubs.rsc.org/en/content/articlepdf/2015/md/c4md00418c,"n-(2-(benzo[d][1,3]dioxol-5-yl)ethyl)-n-(3,4-dimethoxyphenethyl)-3-(3,4,5-trimethoxyphenyl)propan-1-amine"
61727,5-HT2C,HTR2C,11172,"N-(2-(benzo[d][1,3]dioxol-4-yl)ethyl)-N-(3,4-dimethoxyphenethyl)-3-(3-methoxyphenyl)propan-1-amine",,,,3H-MESULERGINE,HUMAN,CLONED,,103.0,"Ponnala, Shashikanth et. al. 2015",http://pubs.rsc.org/en/content/articlepdf/2015/md/c4md00418c,"n-(2-(benzo[d][1,3]dioxol-4-yl)ethyl)-n-(3,4-dimethoxyphenethyl)-3-(3-methoxyphenyl)propan-1-amine"
61728,5-HT2C,HTR2C,11174,"(Z)-N-(2-(benzo[d][1,3]dioxol-4-yl)ethyl)-N-(3,4-dimethoxyphenethyl)-4-phenylbut-3-en-1-amine",,,,3H-MESULERGINE,HUMAN,CLONED,,241.0,"Ponnala, Shashikanth et. al. 2015",http://pubs.rsc.org/en/content/articlepdf/2015/md/c4md00418c,"(z)-n-(2-(benzo[d][1,3]dioxol-4-yl)ethyl)-n-(3,4-dimethoxyphenethyl)-4-phenylbut-3-en-1-amine"
62135,5-HT2B,HTR2B,11248,[3H] LSD,,,,3H-LSD,HUMAN,CLONED,,3851.0,"Iversen l., et al., 2012",http://www.ncbi.nlm.nih.gov/pubmed/23261499,[3h] lsd
63426,5-HT1A,HTR1A,1599,RISPERIDONE,CC1=C(C(=O)N2CCCCC2=N1)CCN3CCC(CC3)C4=NOC5=C4C=CC(=C5)F,106266-06-2,,3H-8-OH-DPAT,RAT,HIPPOCAMPUS,,110.0,"Morimoto, T et al., 2002",http://www.ncbi.nlm.nih.gov/entrez/query.fcgi?cmd=Retrieve&db=PubMed&list_uids=11927170&dopt=Abstract,risperidone
63431,5-HT2A,HTR2A,1599,RISPERIDONE,CC1=C(C(=O)N2CCCCC2=N1)CCN3CCC(CC3)C4=NOC5=C4C=CC(=C5)F,106266-06-2,,125I-DOI,RAT,CEREBRAL CORTEX,,0.28,"Morimoto, T et al., 2002",http://www.ncbi.nlm.nih.gov/entrez/query.fcgi?cmd=Retrieve&db=PubMed&list_uids=11927170&dopt=Abstract,risperidone
63436,5-HT2C,HTR2C,1599,RISPERIDONE,CC1=C(C(=O)N2CCCCC2=N1)CCN3CCC(CC3)C4=NOC5=C4C=CC(=C5)F,106266-06-2,,3H-MESULERGINE,PIG,Choroid Plexus,,22.0,"Morimoto, T et al., 2002",http://www.ncbi.nlm.nih.gov/entrez/query.fcgi?cmd=Retrieve&db=PubMed&list_uids=11927170&dopt=Abstract,risperidone
63654,5-HT1A,HTR1A,1996,Ziprasidone,C1CN(CCN1CCC2=C(C=C3C(=C2)CC(=O)N3)Cl)C4=NSC5=CC=CC=C54,60854,,3H-WAY100635,HUMAN,CLONED,,2.5118864315096,"Schmidt, AW. et, al. 2001",https://www.sciencedirect.com/science/article/pii/S0014299901011888?via%3Dihub,ziprasidone
63655,5-HT2A,HTR2A,1996,Ziprasidone,C1CN(CCN1CCC2=C(C=C3C(=C2)CC(=O)N3)Cl)C4=NSC5=CC=CC=C54,60854,,3H-KETANSERIN,HUMAN,CLONED,,0.38904514499428,"Schmidt, AW. et, al. 2001",https://www.sciencedirect.com/science/article/pii/S0014299901011888?via%3Dihub,ziprasidone
63656,5-HT2C,HTR2C,1996,Ziprasidone,C1CN(CCN1CCC2=C(C=C3C(=C2)CC(=O)N3)Cl)C4=NSC5=CC=CC=C54,60854,,3H-MESULERGINE,HUMAN,CLONED,,0.72443596007499,"Schmidt, AW. et, al. 2001",https://www.sciencedirect.com/science/article/pii/S0014299901011888?via%3Dihub,ziprasidone
63657,5-HT6,HTR6,1996,Ziprasidone,C1CN(CCN1CCC2=C(C=C3C(=C2)CC(=O)N3)Cl)C4=NSC5=CC=CC=C54,60854,,3H-LSD,HUMAN,CLONED,,75.857757502918,"Schmidt, AW. et, al. 2001",https://www.sciencedirect.com/science/article/pii/S0014299901011888?via%3Dihub,ziprasidone
63658,5-HT7,HTR7,1996,Ziprasidone,C1CN(CCN1CCC2=C(C=C3C(=C2)CC(=O)N3)Cl)C4=NSC5=CC=CC=C54,60854,,3H-LSD,HUMAN,CLONED,,9.3325430079699,"Schmidt, AW. et, al. 2001",https://www.sciencedirect.com/science/article/pii/S0014299901011888?via%3Dihub,ziprasidone
63667,5-HT1A,HTR1A,1599,RISPERIDONE,CC1=C(C(=O)N2CCCCC2=N1)CCN3CCC(CC3)C4=NOC5=C4C=CC(=C5)F,106266-06-2,,3H-WAY100635,HUMAN,CLONED,,208.9296130854,"Schmidt, AW. et, al. 2001",https://www.sciencedirect.com/science/article/pii/S0014299901011888?via%3Dihub,risperidone
63668,5-HT2A,HTR2A,1599,RISPERIDONE,CC1=C(C(=O)N2CCCCC2=N1)CCN3CCC(CC3)C4=NOC5=C4C=CC(=C5)F,106266-06-2,,3H-KETANSERIN,HUMAN,CLONED,,0.28840315031266,"Schmidt, AW. et, al. 2001",https://www.sciencedirect.com/science/article/pii/S0014299901011888?via%3Dihub,risperidone
63669,5-HT2C,HTR2C,1599,RISPERIDONE,CC1=C(C(=O)N2CCCCC2=N1)CCN3CCC(CC3)C4=NOC5=C4C=CC(=C5)F,106266-06-2,,3H-MESULERGINE,HUMAN,CLONED,,10.471285480509,"Schmidt, AW. et, al. 2001",https://www.sciencedirect.com/science/article/pii/S0014299901011888?via%3Dihub,risperidone
63670,5-HT6,HTR6,1599,RISPERIDONE,CC1=C(C(=O)N2CCCCC2=N1)CCN3CCC(CC3)C4=NOC5=C4C=CC(=C5)F,106266-06-2,,3H-LSD,HUMAN,CLONED,,1995.2623149689,"Schmidt, AW. et, al. 2001",https://www.sciencedirect.com/science/article/pii/S0014299901011888?via%3Dihub,risperidone
63671,5-HT7,HTR7,1599,RISPERIDONE,CC1=C(C(=O)N2CCCCC2=N1)CCN3CCC(CC3)C4=NOC5=C4C=CC(=C5)F,106266-06-2,,3H-LSD,HUMAN,CLONED,,3.019951720402,"Schmidt, AW. et, al. 2001",https://www.sciencedirect.com/science/article/pii/S0014299901011888?via%3Dihub,risperidone
64230,5-HT1A,HTR1A,1247,MOLINDONE,CCC1=C(NC2=C1C(=O)C(CC2)CN3CCOCC3)C,7416-34-4,,3H-WAY100635,HUMAN,CLONED,,2511.8864315096,"Silvestre, JS. et, al. 2005",https://journals.prous.com/journals/servlet/xmlxsl/pk_journals.xml_summaryn_pr?p_JournalId=6&p_RefId=908643,molindone
64237,5-HT1A,HTR1A,1599,RISPERIDONE,CC1=C(C(=O)N2CCCCC2=N1)CCN3CCC(CC3)C4=NOC5=C4C=CC(=C5)F,106266-06-2,,3H-WAY100635,HUMAN,CLONED,,371.53522909717,"Silvestre, JS. et, al. 2005",https://journals.prous.com/journals/servlet/xmlxsl/pk_journals.xml_summaryn_pr?p_JournalId=6&p_RefId=908643,risperidone
64243,5-HT1A,HTR1A,1996,Ziprasidone,C1CN(CCN1CCC2=C(C=C3C(=C2)CC(=O)N3)Cl)C4=NSC5=CC=CC=C54,60854,,3H-WAY100635,HUMAN,CLONED,,21.877616239496,"Silvestre, JS. et, al. 2005",https://journals.prous.com/journals/servlet/xmlxsl/pk_journals.xml_summaryn_pr?p_JournalId=6&p_RefId=908643,ziprasidone
64255,5-HT2A,HTR2A,1247,MOLINDONE,CCC1=C(NC2=C1C(=O)C(CC2)CN3CCOCC3)C,7416-34-4,,3H-KETANSERIN,HUMAN,CLONED,,3090.2954325136,"Silvestre, JS. et, al. 2005",https://journals.prous.com/journals/servlet/xmlxsl/pk_journals.xml_summaryn_pr?p_JournalId=6&p_RefId=908643,molindone
64262,5-HT2A,HTR2A,1599,RISPERIDONE,CC1=C(C(=O)N2CCCCC2=N1)CCN3CCC(CC3)C4=NOC5=C4C=CC(=C5)F,106266-06-2,,3H-KETANSERIN,HUMAN,CLONED,,0.43651583224017,"Silvestre, JS. et, al. 2005",https://journals.prous.com/journals/servlet/xmlxsl/pk_journals.xml_summaryn_pr?p_JournalId=6&p_RefId=908643,risperidone
64268,5-HT2A,HTR2A,1996,Ziprasidone,C1CN(CCN1CCC2=C(C=C3C(=C2)CC(=O)N3)Cl)C4=NSC5=CC=CC=C54,60854,,3H-KETANSERIN,HUMAN,CLONED,,0.87096358995608,"Silvestre, JS. et, al. 2005",https://journals.prous.com/journals/servlet/xmlxsl/pk_journals.xml_summaryn_pr?p_JournalId=6&p_RefId=908643,ziprasidone
64280,5-HT2C,HTR2C,1247,MOLINDONE,CCC1=C(NC2=C1C(=O)C(CC2)CN3CCOCC3)C,7416-34-4,,3H-MESULERGINE,RAT,CLONED,,10000.0,"Silvestre, JS. et, al. 2005",https://journals.prous.com/journals/servlet/xmlxsl/pk_journals.xml_summaryn_pr?p_JournalId=6&p_RefId=908643,molindone
64287,5-HT2C,HTR2C,1599,RISPERIDONE,CC1=C(C(=O)N2CCCCC2=N1)CCN3CCC(CC3)C4=NOC5=C4C=CC(=C5)F,106266-06-2,,3H-MESULERGINE,RAT,CLONED,,29.512092266664,"Silvestre, JS. et, al. 2005",https://journals.prous.com/journals/servlet/xmlxsl/pk_journals.xml_summaryn_pr?p_JournalId=6&p_RefId=908643,risperidone
64293,5-HT2C,HTR2C,1996,Ziprasidone,C1CN(CCN1CCC2=C(C=C3C(=C2)CC(=O)N3)Cl)C4=NSC5=CC=CC=C54,60854,,3H-MESULERGINE,RAT,CLONED,,5.0118723362727,"Silvestre, JS. et, al. 2005",https://journals.prous.com/journals/servlet/xmlxsl/pk_journals.xml_summaryn_pr?p_JournalId=6&p_RefId=908643,ziprasidone
64310,5-HT3,HTR3A,1599,RISPERIDONE,CC1=C(C(=O)N2CCCCC2=N1)CCN3CCC(CC3)C4=NOC5=C4C=CC(=C5)F,106266-06-2,,3H-LY278584,HUMAN,CLONED,,8317.6377110267,"Silvestre, JS. et, al. 2005",https://journals.prous.com/journals/servlet/xmlxsl/pk_journals.xml_summaryn_pr?p_JournalId=6&p_RefId=908643,risperidone
64316,5-HT3,HTR3A,1996,Ziprasidone,C1CN(CCN1CCC2=C(C=C3C(=C2)CC(=O)N3)Cl)C4=NSC5=CC=CC=C54,60854,,3H-LY278584,HUMAN,CLONED,,2818.3829312645,"Silvestre, JS. et, al. 2005",https://journals.prous.com/journals/servlet/xmlxsl/pk_journals.xml_summaryn_pr?p_JournalId=6&p_RefId=908643,ziprasidone
64327,5-HT6,HTR6,1247,MOLINDONE,CCC1=C(NC2=C1C(=O)C(CC2)CN3CCOCC3)C,7416-34-4,,3H-LSD,HUMAN,CLONED,,1000.0,"Silvestre, JS. et, al. 2005",https://journals.prous.com/journals/servlet/xmlxsl/pk_journals.xml_summaryn_pr?p_JournalId=6&p_RefId=908643,molindone
64333,5-HT6,HTR6,1599,RISPERIDONE,CC1=C(C(=O)N2CCCCC2=N1)CCN3CCC(CC3)C4=NOC5=C4C=CC(=C5)F,106266-06-2,,3H-LSD,HUMAN,CLONED,,1584.8931924611,"Silvestre, JS. et, al. 2005",https://journals.prous.com/journals/servlet/xmlxsl/pk_journals.xml_summaryn_pr?p_JournalId=6&p_RefId=908643,risperidone
64339,5-HT6,HTR6,1996,Ziprasidone,C1CN(CCN1CCC2=C(C=C3C(=C2)CC(=O)N3)Cl)C4=NSC5=CC=CC=C54,60854,,3H-LSD,HUMAN,CLONED,,60.255958607436,"Silvestre, JS. et, al. 2005",https://journals.prous.com/journals/servlet/xmlxsl/pk_journals.xml_summaryn_pr?p_JournalId=6&p_RefId=908643,ziprasidone
64350,5-HT7,HTR7,1247,MOLINDONE,CCC1=C(NC2=C1C(=O)C(CC2)CN3CCOCC3)C,7416-34-4,,3H-LSD,HUMAN,CLONED,,3019.951720402,"Silvestre, JS. et, al. 2005",https://journals.prous.com/journals/servlet/xmlxsl/pk_journals.xml_summaryn_pr?p_JournalId=6&p_RefId=908643,molindone
64357,5-HT7,HTR7,1599,RISPERIDONE,CC1=C(C(=O)N2CCCCC2=N1)CCN3CCC(CC3)C4=NOC5=C4C=CC(=C5)F,106266-06-2,,3H-LSD,HUMAN,CLONED,,6.9183097091894,"Silvestre, JS. et, al. 2005",https://journals.prous.com/journals/servlet/xmlxsl/pk_journals.xml_summaryn_pr?p_JournalId=6&p_RefId=908643,risperidone
64363,5-HT7,HTR7,1996,Ziprasidone,C1CN(CCN1CCC2=C(C=C3C(=C2)CC(=O)N3)Cl)C4=NSC5=CC=CC=C54,60854,,3H-LSD,HUMAN,CLONED,,6.606934480076,"Silvestre, JS. et, al. 2005",https://journals.prous.com/journals/servlet/xmlxsl/pk_journals.xml_summaryn_pr?p_JournalId=6&p_RefId=908643,ziprasidone
64931,5-HT1A,HTR1A,11778,Lurasidone,,,,3H-WAY100635,HUMAN,CLONED,,6.75,"Ishibashi, Tadashi.  et. al, 2010",,lurasidone
64932,5-HT2A,HTR2A,11778,Lurasidone,,,,3H-KETANSERIN,HUMAN,CLONED,,2.03,"Ishibashi, Tadashi.  et. al, 2010",,lurasidone
64933,5-HT7,HTR7,11778,Lurasidone,,,,3H-LSD,HUMAN,CLONED,,0.495,"Ishibashi, Tadashi.  et. al, 2010",,lurasidone
64938,5-HT1A,HTR1A,1599,RISPERIDONE,CC1=C(C(=O)N2CCCCC2=N1)CCN3CCC(CC3)C4=NOC5=C4C=CC(=C5)F,106266-06-2,,3H-WAY100635,HUMAN,CLONED,,262.0,"Ishibashi, Tadashi.  et. al, 2010",,risperidone
64939,5-HT2A,HTR2A,1599,RISPERIDONE,CC1=C(C(=O)N2CCCCC2=N1)CCN3CCC(CC3)C4=NOC5=C4C=CC(=C5)F,106266-06-2,,3H-KETANSERIN,HUMAN,CLONED,,0.205,"Ishibashi, Tadashi.  et. al, 2010",,risperidone
64940,5-HT7,HTR7,1599,RISPERIDONE,CC1=C(C(=O)N2CCCCC2=N1)CCN3CCC(CC3)C4=NOC5=C4C=CC(=C5)F,106266-06-2,,3H-LSD,HUMAN,CLONED,,2.72,"Ishibashi, Tadashi.  et. al, 2010",,risperidone
66125,5-HT1A,HTR1A,1599,RISPERIDONE,CC1=C(C(=O)N2CCCCC2=N1)CCN3CCC(CC3)C4=NOC5=C4C=CC(=C5)F,106266-06-2,,3H-WAY100635,HUMAN,CLONED,,210.0,"Hirose, Tsuyoshi.  et. al, 2005",,risperidone
66126,5-HT2A,HTR2A,1599,RISPERIDONE,CC1=C(C(=O)N2CCCCC2=N1)CCN3CCC(CC3)C4=NOC5=C4C=CC(=C5)F,106266-06-2,,3H-KETANSERIN,HUMAN,CLONED,,0.29,"Hirose, Tsuyoshi.  et. al, 2005",,risperidone
66127,5-HT2C,HTR2C,1599,RISPERIDONE,CC1=C(C(=O)N2CCCCC2=N1)CCN3CCC(CC3)C4=NOC5=C4C=CC(=C5)F,106266-06-2,,3H-MESULERGINE,HUMAN,CLONED,,10.0,"Hirose, Tsuyoshi.  et. al, 2005",,risperidone
66128,5-HT6,HTR6,1599,RISPERIDONE,CC1=C(C(=O)N2CCCCC2=N1)CCN3CCC(CC3)C4=NOC5=C4C=CC(=C5)F,106266-06-2,,3H-LSD,HUMAN,CLONED,,2000.0,"Hirose, Tsuyoshi.  et. al, 2005",,risperidone
66129,5-HT7,HTR7,1599,RISPERIDONE,CC1=C(C(=O)N2CCCCC2=N1)CCN3CCC(CC3)C4=NOC5=C4C=CC(=C5)F,106266-06-2,,3H-LSD,HUMAN,CLONED,,3.0,"Hirose, Tsuyoshi.  et. al, 2005",,risperidone
66164,5-HT1A,HTR1A,1996,Ziprasidone,C1CN(CCN1CCC2=C(C=C3C(=C2)CC(=O)N3)Cl)C4=NSC5=CC=CC=C54,60854,,3H-WAY100635,HUMAN,CLONED,,2.5,"Hirose, Tsuyoshi.  et. al, 2005",,ziprasidone
66165,5-HT2A,HTR2A,1996,Ziprasidone,C1CN(CCN1CCC2=C(C=C3C(=C2)CC(=O)N3)Cl)C4=NSC5=CC=CC=C54,60854,,3H-KETANSERIN,HUMAN,CLONED,,0.39,"Hirose, Tsuyoshi.  et. al, 2005",,ziprasidone
66166,5-HT2C,HTR2C,1996,Ziprasidone,C1CN(CCN1CCC2=C(C=C3C(=C2)CC(=O)N3)Cl)C4=NSC5=CC=CC=C54,60854,,3H-MESULERGINE,HUMAN,CLONED,,0.72,"Hirose, Tsuyoshi.  et. al, 2005",,ziprasidone
66167,5-HT6,HTR6,1996,Ziprasidone,C1CN(CCN1CCC2=C(C=C3C(=C2)CC(=O)N3)Cl)C4=NSC5=CC=CC=C54,60854,,3H-LSD,HUMAN,CLONED,,76.0,"Hirose, Tsuyoshi.  et. al, 2005",,ziprasidone
66168,5-HT7,HTR7,1996,Ziprasidone,C1CN(CCN1CCC2=C(C=C3C(=C2)CC(=O)N3)Cl)C4=NSC5=CC=CC=C54,60854,,3H-LSD,HUMAN,CLONED,,9.3,"Hirose, Tsuyoshi.  et. al, 2005",,ziprasidone
67635,5-HT2B,HTR2B,11987,"(1S,2R,3S,4R,5S)-N-(2-Acetamidoethyl)-4-(2-chloro-6- ((dicyclopropylmethyl)amino)-9H-purin-9-yl)-2,3-dihydroxybicyclo- [3.1.0]hexane-1-carboxamide",,,,3H-LSD,HUMAN,KIDNEY,,332.0,"Tosh, DK, et. al. 2016",,"(1s,2r,3s,4r,5s)-n-(2-acetamidoethyl)-4-(2-chloro-6- ((dicyclopropylmethyl)amino)-9h-purin-9-yl)-2,3-dihydroxybicyclo- [3.1.0]hexane-1-carboxamide"
67636,5-HT2C,HTR2C,11987,"(1S,2R,3S,4R,5S)-N-(2-Acetamidoethyl)-4-(2-chloro-6- ((dicyclopropylmethyl)amino)-9H-purin-9-yl)-2,3-dihydroxybicyclo- [3.1.0]hexane-1-carboxamide",,,,3H-MESULERGINE,HUMAN,KIDNEY,,1700.0,"Tosh, DK, et. al. 2016",,"(1s,2r,3s,4r,5s)-n-(2-acetamidoethyl)-4-(2-chloro-6- ((dicyclopropylmethyl)amino)-9h-purin-9-yl)-2,3-dihydroxybicyclo- [3.1.0]hexane-1-carboxamide"
67639,5-HT2B,HTR2B,11988,"(1S,2R,3S,4R,5S)-N-(3-Acetamidopropyl)-4-(2-chloro-6- ((dicyclopropylmethyl)amino)-9H-purin-9-yl)-2,3-dihydroxybicyclo- [3.1.0]hexane-1-carboxamide",,,,3H-LSD,HUMAN,KIDNEY,,534.0,"Tosh, DK, et. al. 2016",,"(1s,2r,3s,4r,5s)-n-(3-acetamidopropyl)-4-(2-chloro-6- ((dicyclopropylmethyl)amino)-9h-purin-9-yl)-2,3-dihydroxybicyclo- [3.1.0]hexane-1-carboxamide"
67640,5-HT2C,HTR2C,11988,"(1S,2R,3S,4R,5S)-N-(3-Acetamidopropyl)-4-(2-chloro-6- ((dicyclopropylmethyl)amino)-9H-purin-9-yl)-2,3-dihydroxybicyclo- [3.1.0]hexane-1-carboxamide",,,,3H-MESULERGINE,HUMAN,KIDNEY,,2310.0,"Tosh, DK, et. al. 2016",,"(1s,2r,3s,4r,5s)-n-(3-acetamidopropyl)-4-(2-chloro-6- ((dicyclopropylmethyl)amino)-9h-purin-9-yl)-2,3-dihydroxybicyclo- [3.1.0]hexane-1-carboxamide"
67745,5-HT1A,HTR1A,150,5-Hydroxy Tryptamine,C1=CC2=C(C=C1O)C(=CN2)CCN,50-67-9,58241.0,3H-8-OH-DPAT,RAT,CEREBRAL CORTEX,,11.22018454302,"Gross, G.  et, al. 1991",,5-hydroxy tryptamine
67752,5-HT2C,HTR2C,150,5-Hydroxy Tryptamine,C1=CC2=C(C=C1O)C(=CN2)CCN,50-67-9,58241.0,3H-5-HT,PIG,Choroid Plexus,,8.5113803820238,"Gross, G.  et, al. 1991",,5-hydroxy tryptamine
67757,5-HT1D,HTR1D,150,5-Hydroxy Tryptamine,C1=CC2=C(C=C1O)C(=CN2)CCN,50-67-9,58241.0,3H-5-HT,PIG,STRIATUM,,1.81970085861,"Gross, G.  et, al. 1991",,5-hydroxy tryptamine
67768,5-HT3,HTR3A,150,5-Hydroxy Tryptamine,C1=CC2=C(C=C1O)C(=CN2)CCN,50-67-9,58241.0,3H-GR65630,RAT,Entorhinal Cortex,,131.82567385564,"Gross, G.  et, al. 1991",,5-hydroxy tryptamine
68000,5-HT1A,HTR1A,1599,RISPERIDONE,CC1=C(C(=O)N2CCCCC2=N1)CCN3CCC(CC3)C4=NOC5=C4C=CC(=C5)F,106266-06-2,,3H-8-OH-DPAT,HUMAN,CLONED,,1169.0,"Zajdel, Pawel et. al, 2018",https://www.sciencedirect.com/science/article/pii/S0223523418300023?via%3Dihub#!,risperidone
68001,5-HT2A,HTR2A,1599,RISPERIDONE,CC1=C(C(=O)N2CCCCC2=N1)CCN3CCC(CC3)C4=NOC5=C4C=CC(=C5)F,106266-06-2,,3H-KETANSERIN,HUMAN,CLONED,,0.5,"Zajdel, Pawel et. al, 2018",https://www.sciencedirect.com/science/article/pii/S0223523418300023?via%3Dihub#!,risperidone
68002,5-HT6,HTR6,1599,RISPERIDONE,CC1=C(C(=O)N2CCCCC2=N1)CCN3CCC(CC3)C4=NOC5=C4C=CC(=C5)F,106266-06-2,,3H-LSD,HUMAN,CLONED,,1107.0,"Zajdel, Pawel et. al, 2018",https://www.sciencedirect.com/science/article/pii/S0223523418300023?via%3Dihub#!,risperidone
68003,5-HT7,HTR7,1599,RISPERIDONE,CC1=C(C(=O)N2CCCCC2=N1)CCN3CCC(CC3)C4=NOC5=C4C=CC(=C5)F,106266-06-2,,3H-5-CT,HUMAN,CLONED,,0.4,"Zajdel, Pawel et. al, 2018",https://www.sciencedirect.com/science/article/pii/S0223523418300023?via%3Dihub#!,risperidone
68005,5-HT1A,HTR1A,1996,Ziprasidone,C1CN(CCN1CCC2=C(C=C3C(=C2)CC(=O)N3)Cl)C4=NSC5=CC=CC=C54,60854,,3H-8-OH-DPAT,HUMAN,CLONED,,2.0,"Zajdel, Pawel et. al, 2018",https://www.sciencedirect.com/science/article/pii/S0223523418300023?via%3Dihub#!,ziprasidone
68006,5-HT2A,HTR2A,1996,Ziprasidone,C1CN(CCN1CCC2=C(C=C3C(=C2)CC(=O)N3)Cl)C4=NSC5=CC=CC=C54,60854,,3H-KETANSERIN,HUMAN,CLONED,,1.7,"Zajdel, Pawel et. al, 2018",https://www.sciencedirect.com/science/article/pii/S0223523418300023?via%3Dihub#!,ziprasidone
68007,5-HT6,HTR6,1996,Ziprasidone,C1CN(CCN1CCC2=C(C=C3C(=C2)CC(=O)N3)Cl)C4=NSC5=CC=CC=C54,60854,,3H-LSD,HUMAN,CLONED,,20.0,"Zajdel, Pawel et. al, 2018",https://www.sciencedirect.com/science/article/pii/S0223523418300023?via%3Dihub#!,ziprasidone
68008,5-HT7,HTR7,1996,Ziprasidone,C1CN(CCN1CCC2=C(C=C3C(=C2)CC(=O)N3)Cl)C4=NSC5=CC=CC=C54,60854,,3H-5-CT,HUMAN,CLONED,,5.0,"Zajdel, Pawel et. al, 2018",https://www.sciencedirect.com/science/article/pii/S0223523418300023?via%3Dihub#!,ziprasidone
68692,5-HT6,HTR6,150,5-Hydroxy Tryptamine,C1=CC2=C(C=C1O)C(=CN2)CCN,50-67-9,58241.0,3H-LSD,HUMAN,CLONED,,65.0,"Glennon RA, 2003",http://www.ncbi.nlm.nih.gov/entrez/query.fcgi?cmd=Retrieve&db=pubmed&dopt=Abstract&list_uids=12825922&query_hl=2,5-hydroxy tryptamine
68693,5-HT6,HTR6,12302,2-Br LSD,,,,125I-2-iodo LSD,HUMAN,CLONED,,17.0,"Glennon RA, 2003",http://www.ncbi.nlm.nih.gov/entrez/query.fcgi?cmd=Retrieve&db=pubmed&dopt=Abstract&list_uids=12825922&query_hl=2,2-br lsd
68707,5-HT7,HTR7,150,5-Hydroxy Tryptamine,C1=CC2=C(C=C1O)C(=CN2)CCN,50-67-9,58241.0,3H-5HT,HUMAN,CLONED,,8.1,"Glennon RA, 2003",http://www.ncbi.nlm.nih.gov/entrez/query.fcgi?cmd=Retrieve&db=pubmed&dopt=Abstract&list_uids=12825922&query_hl=2,5-hydroxy tryptamine
68708,5-HT7,HTR7,12302,2-Br LSD,,,,3H-5HT,HUMAN,CLONED,,30.0,"Glennon RA, 2003",http://www.ncbi.nlm.nih.gov/entrez/query.fcgi?cmd=Retrieve&db=pubmed&dopt=Abstract&list_uids=12825922&query_hl=2,2-br lsd
68767,5-HT4,HTR4,150,5-Hydroxy Tryptamine,C1=CC2=C(C=C1O)C(=CN2)CCN,50-67-9,58241.0,3H-GR-113808,PIG,CAUDATE,,88.1,"Schiavi, GB et al., 1994",http://www.ncbi.nlm.nih.gov/entrez/query.fcgi?cmd=Retrieve&db=PubMed&list_uids=7984293&dopt=Abstract,5-hydroxy tryptamine
68768,5-HT4,HTR4,172,5-Methoxytryptamine,COC1=CC2=C(C=C1)NC=C2CCN,608-07-1,56422.0,3H-GR-113808,PIG,CAUDATE,,1574.0,"Schiavi, GB et al., 1994",http://www.ncbi.nlm.nih.gov/entrez/query.fcgi?cmd=Retrieve&db=PubMed&list_uids=7984293&dopt=Abstract,5-methoxytryptamine
68800,5-HT3,HTR3A,150,5-Hydroxy Tryptamine,C1=CC2=C(C=C1O)C(=CN2)CCN,50-67-9,58241.0,3H-DAU 6215,PIG,NG108-15,,50.4,"Schiavi, GB et al., 1994",http://www.ncbi.nlm.nih.gov/entrez/query.fcgi?cmd=Retrieve&db=PubMed&list_uids=7984293&dopt=Abstract,5-hydroxy tryptamine
68801,5-HT3,HTR3A,172,5-Methoxytryptamine,COC1=CC2=C(C=C1)NC=C2CCN,608-07-1,56422.0,3H-DAU 6215,PIG,NG108-15,>,10000.0,"Schiavi, GB et al., 1994",http://www.ncbi.nlm.nih.gov/entrez/query.fcgi?cmd=Retrieve&db=PubMed&list_uids=7984293&dopt=Abstract,5-methoxytryptamine
69372,5-HT2A,HTR2A,1599,RISPERIDONE,CC1=C(C(=O)N2CCCCC2=N1)CCN3CCC(CC3)C4=NOC5=C4C=CC(=C5)F,106266-06-2,,125I-DOI,HUMAN,CLONED,,0.2,"Maheux J, et al., 2005",http://www.ncbi.nlm.nih.gov/entrez/query.fcgi?cmd=Retrieve&db=pubmed&dopt=Abstract&list_uids=15615863&query_hl=1,risperidone
69380,5-HT1A,HTR1A,1599,RISPERIDONE,CC1=C(C(=O)N2CCCCC2=N1)CCN3CCC(CC3)C4=NOC5=C4C=CC(=C5)F,106266-06-2,,3H-8-OH-DPAT,HUMAN,CLONED,,427.0,"Maheux J, et al., 2005",http://www.ncbi.nlm.nih.gov/entrez/query.fcgi?cmd=Retrieve&db=pubmed&dopt=Abstract&list_uids=15615863&query_hl=1,risperidone
70764,5-HT1A,HTR1A,12546,D-lysergic acid diethylamide (LSD),,,,3H-8-OH-DPAT,? HUMAN,?CLONED,,9.5,"Halberstadt AL, et al., 2019",https://www.ncbi.nlm.nih.gov/pubmed/?term=31756337,d-lysergic acid diethylamide (lsd)
70765,5-HT2A,HTR2A,12546,D-lysergic acid diethylamide (LSD),,,,3H- Ketanserin,? HUMAN,?CLONED,,14.7,"Halberstadt AL, et al., 2019",https://www.ncbi.nlm.nih.gov/pubmed/?term=31756337,d-lysergic acid diethylamide (lsd)
70766,5-HT2C,HTR2C,12546,D-lysergic acid diethylamide (LSD),,,,3H-MESULERGINE,? HUMAN,?CLONED,,45.3,"Halberstadt AL, et al., 2019",https://www.ncbi.nlm.nih.gov/pubmed/?term=31756337,d-lysergic acid diethylamide (lsd)
70767,5-HT1B,HTR1B,12547,1-butanoyl-D-lysergic acid diethylamide (1B-LSD),,,,3H-GR-125743,? HUMAN,?CLONED,,1463.0,"Halberstadt AL, et al., 2019",https://www.ncbi.nlm.nih.gov/pubmed/?term=31756337,1-butanoyl-d-lysergic acid diethylamide (1b-lsd)
70768,5-HT1D,HTR1D,12547,1-butanoyl-D-lysergic acid diethylamide (1B-LSD),,,,3H-GR125743,? HUMAN,?CLONED,,295.0,"Halberstadt AL, et al., 2019",https://www.ncbi.nlm.nih.gov/pubmed/?term=31756337,1-butanoyl-d-lysergic acid diethylamide (1b-lsd)
70769,5-HT2B,HTR2B,12547,1-butanoyl-D-lysergic acid diethylamide (1B-LSD),,,,3H- LSD,? HUMAN,?CLONED,,3.5,"Halberstadt AL, et al., 2019",https://www.ncbi.nlm.nih.gov/pubmed/?term=31756337,1-butanoyl-d-lysergic acid diethylamide (1b-lsd)
70771,5-HT6,HTR6,12547,1-butanoyl-D-lysergic acid diethylamide (1B-LSD),,,,3H- LSD,? HUMAN,?CLONED,,607.0,"Halberstadt AL, et al., 2019",https://www.ncbi.nlm.nih.gov/pubmed/?term=31756337,1-butanoyl-d-lysergic acid diethylamide (1b-lsd)
70772,5-HT7,HTR7,12547,1-butanoyl-D-lysergic acid diethylamide (1B-LSD),,,,3H- LSD,? HUMAN,?CLONED,,554.0,"Halberstadt AL, et al., 2019",https://www.ncbi.nlm.nih.gov/pubmed/?term=31756337,1-butanoyl-d-lysergic acid diethylamide (1b-lsd)
71260,5-HT1A,HTR1A,12644,"N,N-diallyltryptamine",,,,WAY100635,HUMAN,CLONED,,100.0,Klein LM et al 2018,https://www.ncbi.nlm.nih.gov/pubmed/?term=29499272,"n,n-diallyltryptamine"
71261,5-HT1B,HTR1B,12644,"N,N-diallyltryptamine",,,,3H-5CT,HUMAN,CLONED,>,10000.0,Klein LM et al 2018,https://www.ncbi.nlm.nih.gov/pubmed/?term=29499272,"n,n-diallyltryptamine"
71262,5-HT1D,HTR1D,12644,"N,N-diallyltryptamine",,,,3H-5CT,HUMAN,CLONED,,689.0,Klein LM et al 2018,https://www.ncbi.nlm.nih.gov/pubmed/?term=29499272,"n,n-diallyltryptamine"
71263,5-HT1E,HTR1E,12644,"N,N-diallyltryptamine",,,,3H-5HT,HUMAN,CLONED,,378.0,Klein LM et al 2018,https://www.ncbi.nlm.nih.gov/pubmed/?term=29499272,"n,n-diallyltryptamine"
71264,5-HT2A,HTR2A,12644,"N,N-diallyltryptamine",,,,125I-DOI,HUMAN,CLONED,,701.0,Klein LM et al 2018,https://www.ncbi.nlm.nih.gov/pubmed/?term=29499272,"n,n-diallyltryptamine"
71265,5-HT2B,HTR2B,12644,"N,N-diallyltryptamine",,,,3H-LSD,HUMAN,CLONED,,61.0,Klein LM et al 2018,https://www.ncbi.nlm.nih.gov/pubmed/?term=29499272,"n,n-diallyltryptamine"
71266,5-HT2C,HTR2C,12644,"N,N-diallyltryptamine",,,,UNKNOWN,HUMAN,CLONED,,385.0,Klein LM et al 2018,https://www.ncbi.nlm.nih.gov/pubmed/?term=29499272,"n,n-diallyltryptamine"
71268,5-HT6,HTR6,12644,"N,N-diallyltryptamine",,,,3H-LSD,HUMAN,CLONED,,1718.0,Klein LM et al 2018,https://www.ncbi.nlm.nih.gov/pubmed/?term=29499272,"n,n-diallyltryptamine"
71269,5-HT7,HTR7,12644,"N,N-diallyltryptamine",,,,3H-LSD,HUMAN,CLONED,>,10000.0,Klein LM et al 2018,https://www.ncbi.nlm.nih.gov/pubmed/?term=29499272,"n,n-diallyltryptamine"
71293,5-HT1A,HTR1A,12645,"5-methoxy-N,N-diallyltryptamine",,,,WAY100635,HUMAN,CLONED,,19.0,Klein LM et al 2018,https://www.ncbi.nlm.nih.gov/pubmed/?term=29499272,"5-methoxy-n,n-diallyltryptamine"
71294,5-HT1B,HTR1B,12645,"5-methoxy-N,N-diallyltryptamine",,,,3H-5CT,HUMAN,CLONED,,735.0,Klein LM et al 2018,https://www.ncbi.nlm.nih.gov/pubmed/?term=29499272,"5-methoxy-n,n-diallyltryptamine"
71295,5-HT1D,HTR1D,12645,"5-methoxy-N,N-diallyltryptamine",,,,3H-5CT,HUMAN,CLONED,,107.0,Klein LM et al 2018,https://www.ncbi.nlm.nih.gov/pubmed/?term=29499272,"5-methoxy-n,n-diallyltryptamine"
71296,5-HT1E,HTR1E,12645,"5-methoxy-N,N-diallyltryptamine",,,,3H-5HT,HUMAN,CLONED,,500.0,Klein LM et al 2018,https://www.ncbi.nlm.nih.gov/pubmed/?term=29499272,"5-methoxy-n,n-diallyltryptamine"
71297,5-HT2A,HTR2A,12645,"5-methoxy-N,N-diallyltryptamine",,,,125I-DOI,HUMAN,CLONED,,218.0,Klein LM et al 2018,https://www.ncbi.nlm.nih.gov/pubmed/?term=29499272,"5-methoxy-n,n-diallyltryptamine"
71298,5-HT2B,HTR2B,12645,"5-methoxy-N,N-diallyltryptamine",,,,3H-LSD,HUMAN,CLONED,,59.0,Klein LM et al 2018,https://www.ncbi.nlm.nih.gov/pubmed/?term=29499272,"5-methoxy-n,n-diallyltryptamine"
71299,5-HT2C,HTR2C,12645,"5-methoxy-N,N-diallyltryptamine",,,,UNKNOWN,HUMAN,CLONED,,456.0,Klein LM et al 2018,https://www.ncbi.nlm.nih.gov/pubmed/?term=29499272,"5-methoxy-n,n-diallyltryptamine"
71301,5-HT6,HTR6,12645,"5-methoxy-N,N-diallyltryptamine",,,,3H-LSD,HUMAN,CLONED,,153.0,Klein LM et al 2018,https://www.ncbi.nlm.nih.gov/pubmed/?term=29499272,"5-methoxy-n,n-diallyltryptamine"
71302,5-HT7,HTR7,12645,"5-methoxy-N,N-diallyltryptamine",,,,3H-LSD,HUMAN,CLONED,,90.0,Klein LM et al 2018,https://www.ncbi.nlm.nih.gov/pubmed/?term=29499272,"5-methoxy-n,n-diallyltryptamine"
71326,5-HT1A,HTR1A,12646,"5-fluoro-N,N-diallyltryptamine",,,,WAY100635,HUMAN,CLONED,,80.0,Klein LM et al 2018,https://www.ncbi.nlm.nih.gov/pubmed/?term=29499272,"5-fluoro-n,n-diallyltryptamine"
71327,5-HT1B,HTR1B,12646,"5-fluoro-N,N-diallyltryptamine",,,,3H-5CT,HUMAN,CLONED,,1787.0,Klein LM et al 2018,https://www.ncbi.nlm.nih.gov/pubmed/?term=29499272,"5-fluoro-n,n-diallyltryptamine"
71328,5-HT1D,HTR1D,12646,"5-fluoro-N,N-diallyltryptamine",,,,3H-5CT,HUMAN,CLONED,,816.0,Klein LM et al 2018,https://www.ncbi.nlm.nih.gov/pubmed/?term=29499272,"5-fluoro-n,n-diallyltryptamine"
71329,5-HT1E,HTR1E,12646,"5-fluoro-N,N-diallyltryptamine",,,,3H-5HT,HUMAN,CLONED,,474.0,Klein LM et al 2018,https://www.ncbi.nlm.nih.gov/pubmed/?term=29499272,"5-fluoro-n,n-diallyltryptamine"
71330,5-HT2A,HTR2A,12646,"5-fluoro-N,N-diallyltryptamine",,,,125I-DOI,HUMAN,CLONED,,247.0,Klein LM et al 2018,https://www.ncbi.nlm.nih.gov/pubmed/?term=29499272,"5-fluoro-n,n-diallyltryptamine"
71331,5-HT2B,HTR2B,12646,"5-fluoro-N,N-diallyltryptamine",,,,3H-LSD,HUMAN,CLONED,,16.0,Klein LM et al 2018,https://www.ncbi.nlm.nih.gov/pubmed/?term=29499272,"5-fluoro-n,n-diallyltryptamine"
71332,5-HT2C,HTR2C,12646,"5-fluoro-N,N-diallyltryptamine",,,,UNKNOWN,HUMAN,CLONED,,102.0,Klein LM et al 2018,https://www.ncbi.nlm.nih.gov/pubmed/?term=29499272,"5-fluoro-n,n-diallyltryptamine"
71334,5-HT6,HTR6,12646,"5-fluoro-N,N-diallyltryptamine",,,,3H-LSD,HUMAN,CLONED,,74.0,Klein LM et al 2018,https://www.ncbi.nlm.nih.gov/pubmed/?term=29499272,"5-fluoro-n,n-diallyltryptamine"
71335,5-HT7,HTR7,12646,"5-fluoro-N,N-diallyltryptamine",,,,3H-LSD,HUMAN,CLONED,,402.0,Klein LM et al 2018,https://www.ncbi.nlm.nih.gov/pubmed/?term=29499272,"5-fluoro-n,n-diallyltryptamine"
71359,5-HT1A,HTR1A,12647,"5-bromo-N,N-diallyltryptamine",,,,WAY100635,HUMAN,CLONED,,11.0,Klein LM et al 2018,https://www.ncbi.nlm.nih.gov/pubmed/?term=29499272,"5-bromo-n,n-diallyltryptamine"
71360,5-HT1B,HTR1B,12647,"5-bromo-N,N-diallyltryptamine",,,,3H-5CT,HUMAN,CLONED,,950.0,Klein LM et al 2018,https://www.ncbi.nlm.nih.gov/pubmed/?term=29499272,"5-bromo-n,n-diallyltryptamine"
71361,5-HT1D,HTR1D,12647,"5-bromo-N,N-diallyltryptamine",,,,3H-5CT,HUMAN,CLONED,,130.0,Klein LM et al 2018,https://www.ncbi.nlm.nih.gov/pubmed/?term=29499272,"5-bromo-n,n-diallyltryptamine"
71362,5-HT1E,HTR1E,12647,"5-bromo-N,N-diallyltryptamine",,,,3H-5HT,HUMAN,CLONED,,512.0,Klein LM et al 2018,https://www.ncbi.nlm.nih.gov/pubmed/?term=29499272,"5-bromo-n,n-diallyltryptamine"
71363,5-HT2A,HTR2A,12647,"5-bromo-N,N-diallyltryptamine",,,,125I-DOI,HUMAN,CLONED,,477.0,Klein LM et al 2018,https://www.ncbi.nlm.nih.gov/pubmed/?term=29499272,"5-bromo-n,n-diallyltryptamine"
71364,5-HT2B,HTR2B,12647,"5-bromo-N,N-diallyltryptamine",,,,3H-LSD,HUMAN,CLONED,,53.0,Klein LM et al 2018,https://www.ncbi.nlm.nih.gov/pubmed/?term=29499272,"5-bromo-n,n-diallyltryptamine"
71365,5-HT2C,HTR2C,12647,"5-bromo-N,N-diallyltryptamine",,,,UNKNOWN,HUMAN,CLONED,,358.0,Klein LM et al 2018,https://www.ncbi.nlm.nih.gov/pubmed/?term=29499272,"5-bromo-n,n-diallyltryptamine"
71367,5-HT6,HTR6,12647,"5-bromo-N,N-diallyltryptamine",,,,3H-LSD,HUMAN,CLONED,,133.0,Klein LM et al 2018,https://www.ncbi.nlm.nih.gov/pubmed/?term=29499272,"5-bromo-n,n-diallyltryptamine"
71368,5-HT7,HTR7,12647,"5-bromo-N,N-diallyltryptamine",,,,3H-LSD,HUMAN,CLONED,,49.0,Klein LM et al 2018,https://www.ncbi.nlm.nih.gov/pubmed/?term=29499272,"5-bromo-n,n-diallyltryptamine"
71392,5-HT1A,HTR1A,12648,"4-hydroxy-N,N-diallyltryptamine",,,,WAY100635,HUMAN,CLONED,,319.0,Klein LM et al 2018,https://www.ncbi.nlm.nih.gov/pubmed/?term=29499272,"4-hydroxy-n,n-diallyltryptamine"
71393,5-HT1B,HTR1B,12648,"4-hydroxy-N,N-diallyltryptamine",,,,3H-5CT,HUMAN,CLONED,,2494.0,Klein LM et al 2018,https://www.ncbi.nlm.nih.gov/pubmed/?term=29499272,"4-hydroxy-n,n-diallyltryptamine"
71394,5-HT1D,HTR1D,12648,"4-hydroxy-N,N-diallyltryptamine",,,,3H-5CT,HUMAN,CLONED,,693.0,Klein LM et al 2018,https://www.ncbi.nlm.nih.gov/pubmed/?term=29499272,"4-hydroxy-n,n-diallyltryptamine"
71395,5-HT1E,HTR1E,12648,"4-hydroxy-N,N-diallyltryptamine",,,,3H-5HT,HUMAN,CLONED,,238.0,Klein LM et al 2018,https://www.ncbi.nlm.nih.gov/pubmed/?term=29499272,"4-hydroxy-n,n-diallyltryptamine"
71396,5-HT2A,HTR2A,12648,"4-hydroxy-N,N-diallyltryptamine",,,,125I-DOI,HUMAN,CLONED,,652.0,Klein LM et al 2018,https://www.ncbi.nlm.nih.gov/pubmed/?term=29499272,"4-hydroxy-n,n-diallyltryptamine"
71397,5-HT2B,HTR2B,12648,"4-hydroxy-N,N-diallyltryptamine",,,,3H-LSD,HUMAN,CLONED,,2593.0,Klein LM et al 2018,https://www.ncbi.nlm.nih.gov/pubmed/?term=29499272,"4-hydroxy-n,n-diallyltryptamine"
71398,5-HT2C,HTR2C,12648,"4-hydroxy-N,N-diallyltryptamine",,,,UNKNOWN,HUMAN,CLONED,,2113.0,Klein LM et al 2018,https://www.ncbi.nlm.nih.gov/pubmed/?term=29499272,"4-hydroxy-n,n-diallyltryptamine"
71400,5-HT6,HTR6,12648,"4-hydroxy-N,N-diallyltryptamine",,,,3H-LSD,HUMAN,CLONED,,213.0,Klein LM et al 2018,https://www.ncbi.nlm.nih.gov/pubmed/?term=29499272,"4-hydroxy-n,n-diallyltryptamine"
71401,5-HT7,HTR7,12648,"4-hydroxy-N,N-diallyltryptamine",,,,3H-LSD,HUMAN,CLONED,,600.0,Klein LM et al 2018,https://www.ncbi.nlm.nih.gov/pubmed/?term=29499272,"4-hydroxy-n,n-diallyltryptamine"
71425,5-HT1A,HTR1A,12649,"4-acetoxy-N,N-diallyltryptamine",,,,WAY100635,HUMAN,CLONED,,383.0,Klein LM et al 2018,https://www.ncbi.nlm.nih.gov/pubmed/?term=29499272,"4-acetoxy-n,n-diallyltryptamine"
71426,5-HT1B,HTR1B,12649,"4-acetoxy-N,N-diallyltryptamine",,,,3H-5CT,HUMAN,CLONED,>,10000.0,Klein LM et al 2018,https://www.ncbi.nlm.nih.gov/pubmed/?term=29499272,"4-acetoxy-n,n-diallyltryptamine"
71427,5-HT1D,HTR1D,12649,"4-acetoxy-N,N-diallyltryptamine",,,,3H-5CT,HUMAN,CLONED,,801.0,Klein LM et al 2018,https://www.ncbi.nlm.nih.gov/pubmed/?term=29499272,"4-acetoxy-n,n-diallyltryptamine"
71428,5-HT1E,HTR1E,12649,"4-acetoxy-N,N-diallyltryptamine",,,,3H-5HT,HUMAN,CLONED,,467.0,Klein LM et al 2018,https://www.ncbi.nlm.nih.gov/pubmed/?term=29499272,"4-acetoxy-n,n-diallyltryptamine"
71429,5-HT2A,HTR2A,12649,"4-acetoxy-N,N-diallyltryptamine",,,,125I-DOI,HUMAN,CLONED,,565.0,Klein LM et al 2018,https://www.ncbi.nlm.nih.gov/pubmed/?term=29499272,"4-acetoxy-n,n-diallyltryptamine"
71430,5-HT2B,HTR2B,12649,"4-acetoxy-N,N-diallyltryptamine",,,,3H-LSD,HUMAN,CLONED,,63.0,Klein LM et al 2018,https://www.ncbi.nlm.nih.gov/pubmed/?term=29499272,"4-acetoxy-n,n-diallyltryptamine"
71431,5-HT2C,HTR2C,12649,"4-acetoxy-N,N-diallyltryptamine",,,,UNKNOWN,HUMAN,CLONED,,1515.0,Klein LM et al 2018,https://www.ncbi.nlm.nih.gov/pubmed/?term=29499272,"4-acetoxy-n,n-diallyltryptamine"
71433,5-HT6,HTR6,12649,"4-acetoxy-N,N-diallyltryptamine",,,,3H-LSD,HUMAN,CLONED,,1791.0,Klein LM et al 2018,https://www.ncbi.nlm.nih.gov/pubmed/?term=29499272,"4-acetoxy-n,n-diallyltryptamine"
71434,5-HT7,HTR7,12649,"4-acetoxy-N,N-diallyltryptamine",,,,3H-LSD,HUMAN,CLONED,,724.0,Klein LM et al 2018,https://www.ncbi.nlm.nih.gov/pubmed/?term=29499272,"4-acetoxy-n,n-diallyltryptamine"
71457,5-HT1A,HTR1A,12650,"2-phenyl-N,N-diallyltryptamine",,,,WAY100635,HUMAN,CLONED,,402.0,Klein LM et al 2018,https://www.ncbi.nlm.nih.gov/pubmed/?term=29499272,"2-phenyl-n,n-diallyltryptamine"
71458,5-HT1B,HTR1B,12650,"2-phenyl-N,N-diallyltryptamine",,,,3H-5CT,HUMAN,CLONED,,273.0,Klein LM et al 2018,https://www.ncbi.nlm.nih.gov/pubmed/?term=29499272,"2-phenyl-n,n-diallyltryptamine"
71459,5-HT1D,HTR1D,12650,"2-phenyl-N,N-diallyltryptamine",,,,3H-5CT,HUMAN,CLONED,,204.0,Klein LM et al 2018,https://www.ncbi.nlm.nih.gov/pubmed/?term=29499272,"2-phenyl-n,n-diallyltryptamine"
71460,5-HT1E,HTR1E,12650,"2-phenyl-N,N-diallyltryptamine",,,,3H-5HT,HUMAN,CLONED,>,10000.0,Klein LM et al 2018,https://www.ncbi.nlm.nih.gov/pubmed/?term=29499272,"2-phenyl-n,n-diallyltryptamine"
71461,5-HT2A,HTR2A,12650,"2-phenyl-N,N-diallyltryptamine",,,,125I-DOI,HUMAN,CLONED,,13.0,Klein LM et al 2018,https://www.ncbi.nlm.nih.gov/pubmed/?term=29499272,"2-phenyl-n,n-diallyltryptamine"
71462,5-HT2B,HTR2B,12650,"2-phenyl-N,N-diallyltryptamine",,,,3H-LSD,HUMAN,CLONED,,192.0,Klein LM et al 2018,https://www.ncbi.nlm.nih.gov/pubmed/?term=29499272,"2-phenyl-n,n-diallyltryptamine"
71463,5-HT2C,HTR2C,12650,"2-phenyl-N,N-diallyltryptamine",,,,UNKNOWN,HUMAN,CLONED,,278.0,Klein LM et al 2018,https://www.ncbi.nlm.nih.gov/pubmed/?term=29499272,"2-phenyl-n,n-diallyltryptamine"
71465,5-HT6,HTR6,12650,"2-phenyl-N,N-diallyltryptamine",,,,3H-LSD,HUMAN,CLONED,,68.0,Klein LM et al 2018,https://www.ncbi.nlm.nih.gov/pubmed/?term=29499272,"2-phenyl-n,n-diallyltryptamine"
71466,5-HT7,HTR7,12650,"2-phenyl-N,N-diallyltryptamine",,,,3H-LSD,HUMAN,CLONED,>,10000.0,Klein LM et al 2018,https://www.ncbi.nlm.nih.gov/pubmed/?term=29499272,"2-phenyl-n,n-diallyltryptamine"
71490,5-HT1A,HTR1A,12651,"5-methoxy-2-methyl-N,N-diallyltryptamine",,,,WAY100635,HUMAN,CLONED,,267.0,Klein LM et al 2018,https://www.ncbi.nlm.nih.gov/pubmed/?term=29499272,"5-methoxy-2-methyl-n,n-diallyltryptamine"
71491,5-HT1B,HTR1B,12651,"5-methoxy-2-methyl-N,N-diallyltryptamine",,,,3H-5CT,HUMAN,CLONED,,2267.0,Klein LM et al 2018,https://www.ncbi.nlm.nih.gov/pubmed/?term=29499272,"5-methoxy-2-methyl-n,n-diallyltryptamine"
71492,5-HT1D,HTR1D,12651,"5-methoxy-2-methyl-N,N-diallyltryptamine",,,,3H-5CT,HUMAN,CLONED,,900.0,Klein LM et al 2018,https://www.ncbi.nlm.nih.gov/pubmed/?term=29499272,"5-methoxy-2-methyl-n,n-diallyltryptamine"
71493,5-HT1E,HTR1E,12651,"5-methoxy-2-methyl-N,N-diallyltryptamine",,,,3H-5HT,HUMAN,CLONED,,1594.0,Klein LM et al 2018,https://www.ncbi.nlm.nih.gov/pubmed/?term=29499272,"5-methoxy-2-methyl-n,n-diallyltryptamine"
71494,5-HT2A,HTR2A,12651,"5-methoxy-2-methyl-N,N-diallyltryptamine",,,,125I-DOI,HUMAN,CLONED,,1153.0,Klein LM et al 2018,https://www.ncbi.nlm.nih.gov/pubmed/?term=29499272,"5-methoxy-2-methyl-n,n-diallyltryptamine"
71495,5-HT2B,HTR2B,12651,"5-methoxy-2-methyl-N,N-diallyltryptamine",,,,3H-LSD,HUMAN,CLONED,,241.0,Klein LM et al 2018,https://www.ncbi.nlm.nih.gov/pubmed/?term=29499272,"5-methoxy-2-methyl-n,n-diallyltryptamine"
71496,5-HT2C,HTR2C,12651,"5-methoxy-2-methyl-N,N-diallyltryptamine",,,,UNKNOWN,HUMAN,CLONED,>,10000.0,Klein LM et al 2018,https://www.ncbi.nlm.nih.gov/pubmed/?term=29499272,"5-methoxy-2-methyl-n,n-diallyltryptamine"
71498,5-HT6,HTR6,12651,"5-methoxy-2-methyl-N,N-diallyltryptamine",,,,3H-LSD,HUMAN,CLONED,,206.0,Klein LM et al 2018,https://www.ncbi.nlm.nih.gov/pubmed/?term=29499272,"5-methoxy-2-methyl-n,n-diallyltryptamine"
71499,5-HT7,HTR7,12651,"5-methoxy-2-methyl-N,N-diallyltryptamine",,,,3H-LSD,HUMAN,CLONED,>,10000.0,Klein LM et al 2018,https://www.ncbi.nlm.nih.gov/pubmed/?term=29499272,"5-methoxy-2-methyl-n,n-diallyltryptamine"
71523,5-HT1A,HTR1A,12652,"5-methoxy-2-fluoro-N,N-diallyltryptamine",,,,WAY100635,HUMAN,CLONED,,318.0,Klein LM et al 2018,https://www.ncbi.nlm.nih.gov/pubmed/?term=29499272,"5-methoxy-2-fluoro-n,n-diallyltryptamine"
71524,5-HT1B,HTR1B,12652,"5-methoxy-2-fluoro-N,N-diallyltryptamine",,,,3H-5CT,HUMAN,CLONED,,2011.0,Klein LM et al 2018,https://www.ncbi.nlm.nih.gov/pubmed/?term=29499272,"5-methoxy-2-fluoro-n,n-diallyltryptamine"
71525,5-HT1D,HTR1D,12652,"5-methoxy-2-fluoro-N,N-diallyltryptamine",,,,3H-5CT,HUMAN,CLONED,,1592.0,Klein LM et al 2018,https://www.ncbi.nlm.nih.gov/pubmed/?term=29499272,"5-methoxy-2-fluoro-n,n-diallyltryptamine"
71526,5-HT1E,HTR1E,12652,"5-methoxy-2-fluoro-N,N-diallyltryptamine",,,,3H-5HT,HUMAN,CLONED,,1273.0,Klein LM et al 2018,https://www.ncbi.nlm.nih.gov/pubmed/?term=29499272,"5-methoxy-2-fluoro-n,n-diallyltryptamine"
71527,5-HT2A,HTR2A,12652,"5-methoxy-2-fluoro-N,N-diallyltryptamine",,,,125I-DOI,HUMAN,CLONED,,655.0,Klein LM et al 2018,https://www.ncbi.nlm.nih.gov/pubmed/?term=29499272,"5-methoxy-2-fluoro-n,n-diallyltryptamine"
71528,5-HT2B,HTR2B,12652,"5-methoxy-2-fluoro-N,N-diallyltryptamine",,,,3H-LSD,HUMAN,CLONED,,17.0,Klein LM et al 2018,https://www.ncbi.nlm.nih.gov/pubmed/?term=29499272,"5-methoxy-2-fluoro-n,n-diallyltryptamine"
71529,5-HT2C,HTR2C,12652,"5-methoxy-2-fluoro-N,N-diallyltryptamine",,,,UNKNOWN,HUMAN,CLONED,,541.0,Klein LM et al 2018,https://www.ncbi.nlm.nih.gov/pubmed/?term=29499272,"5-methoxy-2-fluoro-n,n-diallyltryptamine"
71531,5-HT6,HTR6,12652,"5-methoxy-2-fluoro-N,N-diallyltryptamine",,,,3H-LSD,HUMAN,CLONED,,168.0,Klein LM et al 2018,https://www.ncbi.nlm.nih.gov/pubmed/?term=29499272,"5-methoxy-2-fluoro-n,n-diallyltryptamine"
71532,5-HT7,HTR7,12652,"5-methoxy-2-fluoro-N,N-diallyltryptamine",,,,3H-LSD,HUMAN,CLONED,,493.0,Klein LM et al 2018,https://www.ncbi.nlm.nih.gov/pubmed/?term=29499272,"5-methoxy-2-fluoro-n,n-diallyltryptamine"
71556,5-HT1A,HTR1A,12653,"7-ethyl-N,N-diallyltryptamine",,,,WAY100635,HUMAN,CLONED,,1013.0,Klein LM et al 2018,https://www.ncbi.nlm.nih.gov/pubmed/?term=29499272,"7-ethyl-n,n-diallyltryptamine"
71557,5-HT1B,HTR1B,12653,"7-ethyl-N,N-diallyltryptamine",,,,3H-5CT,HUMAN,CLONED,>,10000.0,Klein LM et al 2018,https://www.ncbi.nlm.nih.gov/pubmed/?term=29499272,"7-ethyl-n,n-diallyltryptamine"
71558,5-HT1D,HTR1D,12653,"7-ethyl-N,N-diallyltryptamine",,,,3H-5CT,HUMAN,CLONED,,2691.0,Klein LM et al 2018,https://www.ncbi.nlm.nih.gov/pubmed/?term=29499272,"7-ethyl-n,n-diallyltryptamine"
71559,5-HT1E,HTR1E,12653,"7-ethyl-N,N-diallyltryptamine",,,,3H-5HT,HUMAN,CLONED,>,10000.0,Klein LM et al 2018,https://www.ncbi.nlm.nih.gov/pubmed/?term=29499272,"7-ethyl-n,n-diallyltryptamine"
71560,5-HT2A,HTR2A,12653,"7-ethyl-N,N-diallyltryptamine",,,,125I-DOI,HUMAN,CLONED,,1515.0,Klein LM et al 2018,https://www.ncbi.nlm.nih.gov/pubmed/?term=29499272,"7-ethyl-n,n-diallyltryptamine"
71561,5-HT2B,HTR2B,12653,"7-ethyl-N,N-diallyltryptamine",,,,3H-LSD,HUMAN,CLONED,,65.0,Klein LM et al 2018,https://www.ncbi.nlm.nih.gov/pubmed/?term=29499272,"7-ethyl-n,n-diallyltryptamine"
71562,5-HT2C,HTR2C,12653,"7-ethyl-N,N-diallyltryptamine",,,,UNKNOWN,HUMAN,CLONED,,443.0,Klein LM et al 2018,https://www.ncbi.nlm.nih.gov/pubmed/?term=29499272,"7-ethyl-n,n-diallyltryptamine"
71564,5-HT6,HTR6,12653,"7-ethyl-N,N-diallyltryptamine",,,,3H-LSD,HUMAN,CLONED,>,10000.0,Klein LM et al 2018,https://www.ncbi.nlm.nih.gov/pubmed/?term=29499272,"7-ethyl-n,n-diallyltryptamine"
71565,5-HT7,HTR7,12653,"7-ethyl-N,N-diallyltryptamine",,,,3H-LSD,HUMAN,CLONED,>,10000.0,Klein LM et al 2018,https://www.ncbi.nlm.nih.gov/pubmed/?term=29499272,"7-ethyl-n,n-diallyltryptamine"
72240,5-HT7,HTR7,150,5-Hydroxy Tryptamine,C1=CC2=C(C=C1O)C(=CN2)CCN,50-67-9,58241.0,3H- LSD,? HUMAN,?CLONED,,6.0,Kim Y et al 2016,https://www.ncbi.nlm.nih.gov/pubmed/27475109,5-hydroxy tryptamine
76014,5-HT1A,HTR1A,12865,"Ethyl(1S,2R,3S,4R,5S)-2,3-dihydroxy-4-(4-(phenethylamino)-2-(phenylethynyl)-7H-pyrrolo[2,3-d]pyrimidin-7-yl)- bicyclo[3.1.0]hexane-1-carboxylate",,,,3H-WAY100635,HUMAN,CLONED,>,10000.0,Tosh DK et al 2018,https://www.ncbi.nlm.nih.gov/pubmed/?term=30411015,"ethyl(1s,2r,3s,4r,5s)-2,3-dihydroxy-4-(4-(phenethylamino)-2-(phenylethynyl)-7h-pyrrolo[2,3-d]pyrimidin-7-yl)- bicyclo[3.1.0]hexane-1-carboxylate"
76015,5-HT1B,HTR1B,12865,"Ethyl(1S,2R,3S,4R,5S)-2,3-dihydroxy-4-(4-(phenethylamino)-2-(phenylethynyl)-7H-pyrrolo[2,3-d]pyrimidin-7-yl)- bicyclo[3.1.0]hexane-1-carboxylate",,,,3H-5-CT,HUMAN,CLONED,>,10000.0,Tosh DK et al 2018,https://www.ncbi.nlm.nih.gov/pubmed/?term=30411015,"ethyl(1s,2r,3s,4r,5s)-2,3-dihydroxy-4-(4-(phenethylamino)-2-(phenylethynyl)-7h-pyrrolo[2,3-d]pyrimidin-7-yl)- bicyclo[3.1.0]hexane-1-carboxylate"
76016,5-HT1D,HTR1D,12865,"Ethyl(1S,2R,3S,4R,5S)-2,3-dihydroxy-4-(4-(phenethylamino)-2-(phenylethynyl)-7H-pyrrolo[2,3-d]pyrimidin-7-yl)- bicyclo[3.1.0]hexane-1-carboxylate",,,,3H-5-CT,HUMAN,CLONED,>,10000.0,Tosh DK et al 2018,https://www.ncbi.nlm.nih.gov/pubmed/?term=30411015,"ethyl(1s,2r,3s,4r,5s)-2,3-dihydroxy-4-(4-(phenethylamino)-2-(phenylethynyl)-7h-pyrrolo[2,3-d]pyrimidin-7-yl)- bicyclo[3.1.0]hexane-1-carboxylate"
76017,5-HT1E,HTR1E,12865,"Ethyl(1S,2R,3S,4R,5S)-2,3-dihydroxy-4-(4-(phenethylamino)-2-(phenylethynyl)-7H-pyrrolo[2,3-d]pyrimidin-7-yl)- bicyclo[3.1.0]hexane-1-carboxylate",,,,3H-5-HT,HUMAN,CLONED,>,10000.0,Tosh DK et al 2018,https://www.ncbi.nlm.nih.gov/pubmed/?term=30411015,"ethyl(1s,2r,3s,4r,5s)-2,3-dihydroxy-4-(4-(phenethylamino)-2-(phenylethynyl)-7h-pyrrolo[2,3-d]pyrimidin-7-yl)- bicyclo[3.1.0]hexane-1-carboxylate"
76018,5-HT2A,HTR2A,12865,"Ethyl(1S,2R,3S,4R,5S)-2,3-dihydroxy-4-(4-(phenethylamino)-2-(phenylethynyl)-7H-pyrrolo[2,3-d]pyrimidin-7-yl)- bicyclo[3.1.0]hexane-1-carboxylate",,,,3H-KETANSERIN,HUMAN,CLONED,>,10000.0,Tosh DK et al 2018,https://www.ncbi.nlm.nih.gov/pubmed/?term=30411015,"ethyl(1s,2r,3s,4r,5s)-2,3-dihydroxy-4-(4-(phenethylamino)-2-(phenylethynyl)-7h-pyrrolo[2,3-d]pyrimidin-7-yl)- bicyclo[3.1.0]hexane-1-carboxylate"
76019,5-HT2B,HTR2B,12865,"Ethyl(1S,2R,3S,4R,5S)-2,3-dihydroxy-4-(4-(phenethylamino)-2-(phenylethynyl)-7H-pyrrolo[2,3-d]pyrimidin-7-yl)- bicyclo[3.1.0]hexane-1-carboxylate",,,,3H-LSD,HUMAN,CLONED,>,10000.0,Tosh DK et al 2018,https://www.ncbi.nlm.nih.gov/pubmed/?term=30411015,"ethyl(1s,2r,3s,4r,5s)-2,3-dihydroxy-4-(4-(phenethylamino)-2-(phenylethynyl)-7h-pyrrolo[2,3-d]pyrimidin-7-yl)- bicyclo[3.1.0]hexane-1-carboxylate"
76020,5-HT2C,HTR2C,12865,"Ethyl(1S,2R,3S,4R,5S)-2,3-dihydroxy-4-(4-(phenethylamino)-2-(phenylethynyl)-7H-pyrrolo[2,3-d]pyrimidin-7-yl)- bicyclo[3.1.0]hexane-1-carboxylate",,,,3H-MESULERGINE,HUMAN,CLONED,>,10000.0,Tosh DK et al 2018,https://www.ncbi.nlm.nih.gov/pubmed/?term=30411015,"ethyl(1s,2r,3s,4r,5s)-2,3-dihydroxy-4-(4-(phenethylamino)-2-(phenylethynyl)-7h-pyrrolo[2,3-d]pyrimidin-7-yl)- bicyclo[3.1.0]hexane-1-carboxylate"
76021,5-HT3,HTR3A,12865,"Ethyl(1S,2R,3S,4R,5S)-2,3-dihydroxy-4-(4-(phenethylamino)-2-(phenylethynyl)-7H-pyrrolo[2,3-d]pyrimidin-7-yl)- bicyclo[3.1.0]hexane-1-carboxylate",,,,3H-GR-65630,HUMAN,CLONED,>,10000.0,Tosh DK et al 2018,https://www.ncbi.nlm.nih.gov/pubmed/?term=30411015,"ethyl(1s,2r,3s,4r,5s)-2,3-dihydroxy-4-(4-(phenethylamino)-2-(phenylethynyl)-7h-pyrrolo[2,3-d]pyrimidin-7-yl)- bicyclo[3.1.0]hexane-1-carboxylate"
76023,5-HT6,HTR6,12865,"Ethyl(1S,2R,3S,4R,5S)-2,3-dihydroxy-4-(4-(phenethylamino)-2-(phenylethynyl)-7H-pyrrolo[2,3-d]pyrimidin-7-yl)- bicyclo[3.1.0]hexane-1-carboxylate",,,,3H-LSD,HUMAN,CLONED,>,10000.0,Tosh DK et al 2018,https://www.ncbi.nlm.nih.gov/pubmed/?term=30411015,"ethyl(1s,2r,3s,4r,5s)-2,3-dihydroxy-4-(4-(phenethylamino)-2-(phenylethynyl)-7h-pyrrolo[2,3-d]pyrimidin-7-yl)- bicyclo[3.1.0]hexane-1-carboxylate"
76024,5-HT7,HTR7,12865,"Ethyl(1S,2R,3S,4R,5S)-2,3-dihydroxy-4-(4-(phenethylamino)-2-(phenylethynyl)-7H-pyrrolo[2,3-d]pyrimidin-7-yl)- bicyclo[3.1.0]hexane-1-carboxylate",,,,3H-LSD,HUMAN,CLONED,>,10000.0,Tosh DK et al 2018,https://www.ncbi.nlm.nih.gov/pubmed/?term=30411015,"ethyl(1s,2r,3s,4r,5s)-2,3-dihydroxy-4-(4-(phenethylamino)-2-(phenylethynyl)-7h-pyrrolo[2,3-d]pyrimidin-7-yl)- bicyclo[3.1.0]hexane-1-carboxylate"
76055,5-HT1A,HTR1A,12866,"Ethyl(3aR,3bS,4aS,5R,5aS)-2,2-dimethyl-5-(4-(phenethylamino)-2-(phenylethynyl)-7H-pyrrolo[2,3-d]pyrimidin-7-yl)- tetrahydrocyclopropa[3,4]cyclopenta[1,2-d][1,3]dioxole-3b- (3aH)-carboxylate",,,,3H-WAY100635,HUMAN,CLONED,>,10000.0,Tosh DK et al 2018,https://www.ncbi.nlm.nih.gov/pubmed/?term=30411015,"ethyl(3ar,3bs,4as,5r,5as)-2,2-dimethyl-5-(4-(phenethylamino)-2-(phenylethynyl)-7h-pyrrolo[2,3-d]pyrimidin-7-yl)- tetrahydrocyclopropa[3,4]cyclopenta[1,2-d][1,3]dioxole-3b- (3ah)-carboxylate"
76056,5-HT1B,HTR1B,12866,"Ethyl(3aR,3bS,4aS,5R,5aS)-2,2-dimethyl-5-(4-(phenethylamino)-2-(phenylethynyl)-7H-pyrrolo[2,3-d]pyrimidin-7-yl)- tetrahydrocyclopropa[3,4]cyclopenta[1,2-d][1,3]dioxole-3b- (3aH)-carboxylate",,,,3H-5-CT,HUMAN,CLONED,>,10000.0,Tosh DK et al 2018,https://www.ncbi.nlm.nih.gov/pubmed/?term=30411015,"ethyl(3ar,3bs,4as,5r,5as)-2,2-dimethyl-5-(4-(phenethylamino)-2-(phenylethynyl)-7h-pyrrolo[2,3-d]pyrimidin-7-yl)- tetrahydrocyclopropa[3,4]cyclopenta[1,2-d][1,3]dioxole-3b- (3ah)-carboxylate"
76057,5-HT1D,HTR1D,12866,"Ethyl(3aR,3bS,4aS,5R,5aS)-2,2-dimethyl-5-(4-(phenethylamino)-2-(phenylethynyl)-7H-pyrrolo[2,3-d]pyrimidin-7-yl)- tetrahydrocyclopropa[3,4]cyclopenta[1,2-d][1,3]dioxole-3b- (3aH)-carboxylate",,,,3H-5-CT,HUMAN,CLONED,>,10000.0,Tosh DK et al 2018,https://www.ncbi.nlm.nih.gov/pubmed/?term=30411015,"ethyl(3ar,3bs,4as,5r,5as)-2,2-dimethyl-5-(4-(phenethylamino)-2-(phenylethynyl)-7h-pyrrolo[2,3-d]pyrimidin-7-yl)- tetrahydrocyclopropa[3,4]cyclopenta[1,2-d][1,3]dioxole-3b- (3ah)-carboxylate"
76058,5-HT1E,HTR1E,12866,"Ethyl(3aR,3bS,4aS,5R,5aS)-2,2-dimethyl-5-(4-(phenethylamino)-2-(phenylethynyl)-7H-pyrrolo[2,3-d]pyrimidin-7-yl)- tetrahydrocyclopropa[3,4]cyclopenta[1,2-d][1,3]dioxole-3b- (3aH)-carboxylate",,,,3H-5-HT,HUMAN,CLONED,>,10000.0,Tosh DK et al 2018,https://www.ncbi.nlm.nih.gov/pubmed/?term=30411015,"ethyl(3ar,3bs,4as,5r,5as)-2,2-dimethyl-5-(4-(phenethylamino)-2-(phenylethynyl)-7h-pyrrolo[2,3-d]pyrimidin-7-yl)- tetrahydrocyclopropa[3,4]cyclopenta[1,2-d][1,3]dioxole-3b- (3ah)-carboxylate"
76059,5-HT2A,HTR2A,12866,"Ethyl(3aR,3bS,4aS,5R,5aS)-2,2-dimethyl-5-(4-(phenethylamino)-2-(phenylethynyl)-7H-pyrrolo[2,3-d]pyrimidin-7-yl)- tetrahydrocyclopropa[3,4]cyclopenta[1,2-d][1,3]dioxole-3b- (3aH)-carboxylate",,,,3H-KETANSERIN,HUMAN,CLONED,>,10000.0,Tosh DK et al 2018,https://www.ncbi.nlm.nih.gov/pubmed/?term=30411015,"ethyl(3ar,3bs,4as,5r,5as)-2,2-dimethyl-5-(4-(phenethylamino)-2-(phenylethynyl)-7h-pyrrolo[2,3-d]pyrimidin-7-yl)- tetrahydrocyclopropa[3,4]cyclopenta[1,2-d][1,3]dioxole-3b- (3ah)-carboxylate"
76060,5-HT2B,HTR2B,12866,"Ethyl(3aR,3bS,4aS,5R,5aS)-2,2-dimethyl-5-(4-(phenethylamino)-2-(phenylethynyl)-7H-pyrrolo[2,3-d]pyrimidin-7-yl)- tetrahydrocyclopropa[3,4]cyclopenta[1,2-d][1,3]dioxole-3b- (3aH)-carboxylate",,,,3H-LSD,HUMAN,CLONED,>,10000.0,Tosh DK et al 2018,https://www.ncbi.nlm.nih.gov/pubmed/?term=30411015,"ethyl(3ar,3bs,4as,5r,5as)-2,2-dimethyl-5-(4-(phenethylamino)-2-(phenylethynyl)-7h-pyrrolo[2,3-d]pyrimidin-7-yl)- tetrahydrocyclopropa[3,4]cyclopenta[1,2-d][1,3]dioxole-3b- (3ah)-carboxylate"
76061,5-HT2C,HTR2C,12866,"Ethyl(3aR,3bS,4aS,5R,5aS)-2,2-dimethyl-5-(4-(phenethylamino)-2-(phenylethynyl)-7H-pyrrolo[2,3-d]pyrimidin-7-yl)- tetrahydrocyclopropa[3,4]cyclopenta[1,2-d][1,3]dioxole-3b- (3aH)-carboxylate",,,,3H-MESULERGINE,HUMAN,CLONED,>,10000.0,Tosh DK et al 2018,https://www.ncbi.nlm.nih.gov/pubmed/?term=30411015,"ethyl(3ar,3bs,4as,5r,5as)-2,2-dimethyl-5-(4-(phenethylamino)-2-(phenylethynyl)-7h-pyrrolo[2,3-d]pyrimidin-7-yl)- tetrahydrocyclopropa[3,4]cyclopenta[1,2-d][1,3]dioxole-3b- (3ah)-carboxylate"
76062,5-HT3,HTR3A,12866,"Ethyl(3aR,3bS,4aS,5R,5aS)-2,2-dimethyl-5-(4-(phenethylamino)-2-(phenylethynyl)-7H-pyrrolo[2,3-d]pyrimidin-7-yl)- tetrahydrocyclopropa[3,4]cyclopenta[1,2-d][1,3]dioxole-3b- (3aH)-carboxylate",,,,3H-GR-65630,HUMAN,CLONED,>,10000.0,Tosh DK et al 2018,https://www.ncbi.nlm.nih.gov/pubmed/?term=30411015,"ethyl(3ar,3bs,4as,5r,5as)-2,2-dimethyl-5-(4-(phenethylamino)-2-(phenylethynyl)-7h-pyrrolo[2,3-d]pyrimidin-7-yl)- tetrahydrocyclopropa[3,4]cyclopenta[1,2-d][1,3]dioxole-3b- (3ah)-carboxylate"
76064,5-HT6,HTR6,12866,"Ethyl(3aR,3bS,4aS,5R,5aS)-2,2-dimethyl-5-(4-(phenethylamino)-2-(phenylethynyl)-7H-pyrrolo[2,3-d]pyrimidin-7-yl)- tetrahydrocyclopropa[3,4]cyclopenta[1,2-d][1,3]dioxole-3b- (3aH)-carboxylate",,,,3H-LSD,HUMAN,CLONED,>,10000.0,Tosh DK et al 2018,https://www.ncbi.nlm.nih.gov/pubmed/?term=30411015,"ethyl(3ar,3bs,4as,5r,5as)-2,2-dimethyl-5-(4-(phenethylamino)-2-(phenylethynyl)-7h-pyrrolo[2,3-d]pyrimidin-7-yl)- tetrahydrocyclopropa[3,4]cyclopenta[1,2-d][1,3]dioxole-3b- (3ah)-carboxylate"
76065,5-HT7,HTR7,12866,"Ethyl(3aR,3bS,4aS,5R,5aS)-2,2-dimethyl-5-(4-(phenethylamino)-2-(phenylethynyl)-7H-pyrrolo[2,3-d]pyrimidin-7-yl)- tetrahydrocyclopropa[3,4]cyclopenta[1,2-d][1,3]dioxole-3b- (3aH)-carboxylate",,,,3H-LSD,HUMAN,CLONED,>,10000.0,Tosh DK et al 2018,https://www.ncbi.nlm.nih.gov/pubmed/?term=30411015,"ethyl(3ar,3bs,4as,5r,5as)-2,2-dimethyl-5-(4-(phenethylamino)-2-(phenylethynyl)-7h-pyrrolo[2,3-d]pyrimidin-7-yl)- tetrahydrocyclopropa[3,4]cyclopenta[1,2-d][1,3]dioxole-3b- (3ah)-carboxylate"
76586,5-HT1A,HTR1A,12879,"(1R,2R,3S,4R,5S)-4-(4-(Phenethylamino)-2-(phenylethynyl)-7H-pyrrolo[2,3-d]pyrimidin-7-yl)bicyclo[3.1.0]hexane2,3-diol",,,,3H-WAY100635,HUMAN,CLONED,>,10000.0,Tosh DK et al 2018,https://www.ncbi.nlm.nih.gov/pubmed/?term=30411015,"(1r,2r,3s,4r,5s)-4-(4-(phenethylamino)-2-(phenylethynyl)-7h-pyrrolo[2,3-d]pyrimidin-7-yl)bicyclo[3.1.0]hexane2,3-diol"
76587,5-HT1B,HTR1B,12879,"(1R,2R,3S,4R,5S)-4-(4-(Phenethylamino)-2-(phenylethynyl)-7H-pyrrolo[2,3-d]pyrimidin-7-yl)bicyclo[3.1.0]hexane2,3-diol",,,,3H-5-CT,HUMAN,CLONED,>,10000.0,Tosh DK et al 2018,https://www.ncbi.nlm.nih.gov/pubmed/?term=30411015,"(1r,2r,3s,4r,5s)-4-(4-(phenethylamino)-2-(phenylethynyl)-7h-pyrrolo[2,3-d]pyrimidin-7-yl)bicyclo[3.1.0]hexane2,3-diol"
76588,5-HT1D,HTR1D,12879,"(1R,2R,3S,4R,5S)-4-(4-(Phenethylamino)-2-(phenylethynyl)-7H-pyrrolo[2,3-d]pyrimidin-7-yl)bicyclo[3.1.0]hexane2,3-diol",,,,3H-5-CT,HUMAN,CLONED,>,10000.0,Tosh DK et al 2018,https://www.ncbi.nlm.nih.gov/pubmed/?term=30411015,"(1r,2r,3s,4r,5s)-4-(4-(phenethylamino)-2-(phenylethynyl)-7h-pyrrolo[2,3-d]pyrimidin-7-yl)bicyclo[3.1.0]hexane2,3-diol"
76589,5-HT1E,HTR1E,12879,"(1R,2R,3S,4R,5S)-4-(4-(Phenethylamino)-2-(phenylethynyl)-7H-pyrrolo[2,3-d]pyrimidin-7-yl)bicyclo[3.1.0]hexane2,3-diol",,,,3H-5-HT,HUMAN,CLONED,>,10000.0,Tosh DK et al 2018,https://www.ncbi.nlm.nih.gov/pubmed/?term=30411015,"(1r,2r,3s,4r,5s)-4-(4-(phenethylamino)-2-(phenylethynyl)-7h-pyrrolo[2,3-d]pyrimidin-7-yl)bicyclo[3.1.0]hexane2,3-diol"
76590,5-HT2A,HTR2A,12879,"(1R,2R,3S,4R,5S)-4-(4-(Phenethylamino)-2-(phenylethynyl)-7H-pyrrolo[2,3-d]pyrimidin-7-yl)bicyclo[3.1.0]hexane2,3-diol",,,,3H-KETANSERIN,HUMAN,CLONED,>,10000.0,Tosh DK et al 2018,https://www.ncbi.nlm.nih.gov/pubmed/?term=30411015,"(1r,2r,3s,4r,5s)-4-(4-(phenethylamino)-2-(phenylethynyl)-7h-pyrrolo[2,3-d]pyrimidin-7-yl)bicyclo[3.1.0]hexane2,3-diol"
76591,5-HT2B,HTR2B,12879,"(1R,2R,3S,4R,5S)-4-(4-(Phenethylamino)-2-(phenylethynyl)-7H-pyrrolo[2,3-d]pyrimidin-7-yl)bicyclo[3.1.0]hexane2,3-diol",,,,3H-LSD,HUMAN,CLONED,>,10000.0,Tosh DK et al 2018,https://www.ncbi.nlm.nih.gov/pubmed/?term=30411015,"(1r,2r,3s,4r,5s)-4-(4-(phenethylamino)-2-(phenylethynyl)-7h-pyrrolo[2,3-d]pyrimidin-7-yl)bicyclo[3.1.0]hexane2,3-diol"
76592,5-HT2C,HTR2C,12879,"(1R,2R,3S,4R,5S)-4-(4-(Phenethylamino)-2-(phenylethynyl)-7H-pyrrolo[2,3-d]pyrimidin-7-yl)bicyclo[3.1.0]hexane2,3-diol",,,,3H-MESULERGINE,HUMAN,CLONED,>,10000.0,Tosh DK et al 2018,https://www.ncbi.nlm.nih.gov/pubmed/?term=30411015,"(1r,2r,3s,4r,5s)-4-(4-(phenethylamino)-2-(phenylethynyl)-7h-pyrrolo[2,3-d]pyrimidin-7-yl)bicyclo[3.1.0]hexane2,3-diol"
76593,5-HT3,HTR3A,12879,"(1R,2R,3S,4R,5S)-4-(4-(Phenethylamino)-2-(phenylethynyl)-7H-pyrrolo[2,3-d]pyrimidin-7-yl)bicyclo[3.1.0]hexane2,3-diol",,,,3H-GR-65630,HUMAN,CLONED,>,10000.0,Tosh DK et al 2018,https://www.ncbi.nlm.nih.gov/pubmed/?term=30411015,"(1r,2r,3s,4r,5s)-4-(4-(phenethylamino)-2-(phenylethynyl)-7h-pyrrolo[2,3-d]pyrimidin-7-yl)bicyclo[3.1.0]hexane2,3-diol"
76595,5-HT6,HTR6,12879,"(1R,2R,3S,4R,5S)-4-(4-(Phenethylamino)-2-(phenylethynyl)-7H-pyrrolo[2,3-d]pyrimidin-7-yl)bicyclo[3.1.0]hexane2,3-diol",,,,3H-LSD,HUMAN,CLONED,>,10000.0,Tosh DK et al 2018,https://www.ncbi.nlm.nih.gov/pubmed/?term=30411015,"(1r,2r,3s,4r,5s)-4-(4-(phenethylamino)-2-(phenylethynyl)-7h-pyrrolo[2,3-d]pyrimidin-7-yl)bicyclo[3.1.0]hexane2,3-diol"
76596,5-HT7,HTR7,12879,"(1R,2R,3S,4R,5S)-4-(4-(Phenethylamino)-2-(phenylethynyl)-7H-pyrrolo[2,3-d]pyrimidin-7-yl)bicyclo[3.1.0]hexane2,3-diol",,,,3H-LSD,HUMAN,CLONED,>,10000.0,Tosh DK et al 2018,https://www.ncbi.nlm.nih.gov/pubmed/?term=30411015,"(1r,2r,3s,4r,5s)-4-(4-(phenethylamino)-2-(phenylethynyl)-7h-pyrrolo[2,3-d]pyrimidin-7-yl)bicyclo[3.1.0]hexane2,3-diol"
77050,5-HT1A,HTR1A,12890,"(Â±)-(4aR,8S,8aR)-2-benzyl-1-oxo-N-phenethyl-1,2,3,4,4a,7,8,8a-octahydroisoquinoline-8-carboxamide",,,,3H-8-OH-DPAT,HUMAN,CLONED,>,10000.0,Frankowski KJ et al 2010,https://www.ncbi.nlm.nih.gov/pubmed/20729985,"(â±)-(4ar,8s,8ar)-2-benzyl-1-oxo-n-phenethyl-1,2,3,4,4a,7,8,8a-octahydroisoquinoline-8-carboxamide"
77051,5-HT1B,HTR1B,12890,"(Â±)-(4aR,8S,8aR)-2-benzyl-1-oxo-N-phenethyl-1,2,3,4,4a,7,8,8a-octahydroisoquinoline-8-carboxamide",,,,3H-5-CT,HUMAN,CLONED,>,10000.0,Frankowski KJ et al 2010,https://www.ncbi.nlm.nih.gov/pubmed/20729985,"(â±)-(4ar,8s,8ar)-2-benzyl-1-oxo-n-phenethyl-1,2,3,4,4a,7,8,8a-octahydroisoquinoline-8-carboxamide"
77052,5-HT1D,HTR1D,12890,"(Â±)-(4aR,8S,8aR)-2-benzyl-1-oxo-N-phenethyl-1,2,3,4,4a,7,8,8a-octahydroisoquinoline-8-carboxamide",,,,3H-5-CT,HUMAN,CLONED,>,10000.0,Frankowski KJ et al 2010,https://www.ncbi.nlm.nih.gov/pubmed/20729985,"(â±)-(4ar,8s,8ar)-2-benzyl-1-oxo-n-phenethyl-1,2,3,4,4a,7,8,8a-octahydroisoquinoline-8-carboxamide"
77053,5-HT1E,HTR1E,12890,"(Â±)-(4aR,8S,8aR)-2-benzyl-1-oxo-N-phenethyl-1,2,3,4,4a,7,8,8a-octahydroisoquinoline-8-carboxamide",,,,3H-5-HT,HUMAN,CLONED,>,10000.0,Frankowski KJ et al 2010,https://www.ncbi.nlm.nih.gov/pubmed/20729985,"(â±)-(4ar,8s,8ar)-2-benzyl-1-oxo-n-phenethyl-1,2,3,4,4a,7,8,8a-octahydroisoquinoline-8-carboxamide"
77054,5-HT2A,HTR2A,12890,"(Â±)-(4aR,8S,8aR)-2-benzyl-1-oxo-N-phenethyl-1,2,3,4,4a,7,8,8a-octahydroisoquinoline-8-carboxamide",,,,3H-KETANSERIN,HUMAN,CLONED,>,10000.0,Frankowski KJ et al 2010,https://www.ncbi.nlm.nih.gov/pubmed/20729985,"(â±)-(4ar,8s,8ar)-2-benzyl-1-oxo-n-phenethyl-1,2,3,4,4a,7,8,8a-octahydroisoquinoline-8-carboxamide"
77055,5-HT2B,HTR2B,12890,"(Â±)-(4aR,8S,8aR)-2-benzyl-1-oxo-N-phenethyl-1,2,3,4,4a,7,8,8a-octahydroisoquinoline-8-carboxamide",,,,3H-LSD,HUMAN,CLONED,>,10000.0,Frankowski KJ et al 2010,https://www.ncbi.nlm.nih.gov/pubmed/20729985,"(â±)-(4ar,8s,8ar)-2-benzyl-1-oxo-n-phenethyl-1,2,3,4,4a,7,8,8a-octahydroisoquinoline-8-carboxamide"
77056,5-HT2C,HTR2C,12890,"(Â±)-(4aR,8S,8aR)-2-benzyl-1-oxo-N-phenethyl-1,2,3,4,4a,7,8,8a-octahydroisoquinoline-8-carboxamide",,,,3H-MESULERGINE,HUMAN,CLONED,,8410.0,Frankowski KJ et al 2010,https://www.ncbi.nlm.nih.gov/pubmed/20729985,"(â±)-(4ar,8s,8ar)-2-benzyl-1-oxo-n-phenethyl-1,2,3,4,4a,7,8,8a-octahydroisoquinoline-8-carboxamide"
77057,5-HT3,HTR3A,12890,"(Â±)-(4aR,8S,8aR)-2-benzyl-1-oxo-N-phenethyl-1,2,3,4,4a,7,8,8a-octahydroisoquinoline-8-carboxamide",,,,3H-GR-65630,HUMAN,CLONED,>,10000.0,Frankowski KJ et al 2010,https://www.ncbi.nlm.nih.gov/pubmed/20729985,"(â±)-(4ar,8s,8ar)-2-benzyl-1-oxo-n-phenethyl-1,2,3,4,4a,7,8,8a-octahydroisoquinoline-8-carboxamide"
77059,5-HT6,HTR6,12890,"(Â±)-(4aR,8S,8aR)-2-benzyl-1-oxo-N-phenethyl-1,2,3,4,4a,7,8,8a-octahydroisoquinoline-8-carboxamide",,,,3H-LSD,HUMAN,CLONED,>,10000.0,Frankowski KJ et al 2010,https://www.ncbi.nlm.nih.gov/pubmed/20729985,"(â±)-(4ar,8s,8ar)-2-benzyl-1-oxo-n-phenethyl-1,2,3,4,4a,7,8,8a-octahydroisoquinoline-8-carboxamide"
77060,5-HT7,HTR7,12890,"(Â±)-(4aR,8S,8aR)-2-benzyl-1-oxo-N-phenethyl-1,2,3,4,4a,7,8,8a-octahydroisoquinoline-8-carboxamide",,,,3H-LSD,HUMAN,CLONED,>,10000.0,Frankowski KJ et al 2010,https://www.ncbi.nlm.nih.gov/pubmed/20729985,"(â±)-(4ar,8s,8ar)-2-benzyl-1-oxo-n-phenethyl-1,2,3,4,4a,7,8,8a-octahydroisoquinoline-8-carboxamide"
77092,5-HT1A,HTR1A,12891,"(Â±)-(4aR,8S,8aR)-2-cyclopropyl-1-oxo-N-phenethyl-1,2,3,4,4a,7,8,8a-octahydroisoquinoline-8-carboxamide",,,,3H-8-OH-DPAT,HUMAN,CLONED,>,10000.0,Frankowski KJ et al 2010,https://www.ncbi.nlm.nih.gov/pubmed/20729985,"(â±)-(4ar,8s,8ar)-2-cyclopropyl-1-oxo-n-phenethyl-1,2,3,4,4a,7,8,8a-octahydroisoquinoline-8-carboxamide"
77093,5-HT1B,HTR1B,12891,"(Â±)-(4aR,8S,8aR)-2-cyclopropyl-1-oxo-N-phenethyl-1,2,3,4,4a,7,8,8a-octahydroisoquinoline-8-carboxamide",,,,3H-5-CT,HUMAN,CLONED,>,10000.0,Frankowski KJ et al 2010,https://www.ncbi.nlm.nih.gov/pubmed/20729985,"(â±)-(4ar,8s,8ar)-2-cyclopropyl-1-oxo-n-phenethyl-1,2,3,4,4a,7,8,8a-octahydroisoquinoline-8-carboxamide"
77094,5-HT1D,HTR1D,12891,"(Â±)-(4aR,8S,8aR)-2-cyclopropyl-1-oxo-N-phenethyl-1,2,3,4,4a,7,8,8a-octahydroisoquinoline-8-carboxamide",,,,3H-5-CT,HUMAN,CLONED,>,10000.0,Frankowski KJ et al 2010,https://www.ncbi.nlm.nih.gov/pubmed/20729985,"(â±)-(4ar,8s,8ar)-2-cyclopropyl-1-oxo-n-phenethyl-1,2,3,4,4a,7,8,8a-octahydroisoquinoline-8-carboxamide"
77095,5-HT1E,HTR1E,12891,"(Â±)-(4aR,8S,8aR)-2-cyclopropyl-1-oxo-N-phenethyl-1,2,3,4,4a,7,8,8a-octahydroisoquinoline-8-carboxamide",,,,3H-5-HT,HUMAN,CLONED,>,10000.0,Frankowski KJ et al 2010,https://www.ncbi.nlm.nih.gov/pubmed/20729985,"(â±)-(4ar,8s,8ar)-2-cyclopropyl-1-oxo-n-phenethyl-1,2,3,4,4a,7,8,8a-octahydroisoquinoline-8-carboxamide"
77096,5-HT2A,HTR2A,12891,"(Â±)-(4aR,8S,8aR)-2-cyclopropyl-1-oxo-N-phenethyl-1,2,3,4,4a,7,8,8a-octahydroisoquinoline-8-carboxamide",,,,3H-KETANSERIN,HUMAN,CLONED,>,10000.0,Frankowski KJ et al 2010,https://www.ncbi.nlm.nih.gov/pubmed/20729985,"(â±)-(4ar,8s,8ar)-2-cyclopropyl-1-oxo-n-phenethyl-1,2,3,4,4a,7,8,8a-octahydroisoquinoline-8-carboxamide"
77097,5-HT2B,HTR2B,12891,"(Â±)-(4aR,8S,8aR)-2-cyclopropyl-1-oxo-N-phenethyl-1,2,3,4,4a,7,8,8a-octahydroisoquinoline-8-carboxamide",,,,3H-LSD,HUMAN,CLONED,>,10000.0,Frankowski KJ et al 2010,https://www.ncbi.nlm.nih.gov/pubmed/20729985,"(â±)-(4ar,8s,8ar)-2-cyclopropyl-1-oxo-n-phenethyl-1,2,3,4,4a,7,8,8a-octahydroisoquinoline-8-carboxamide"
77098,5-HT2C,HTR2C,12891,"(Â±)-(4aR,8S,8aR)-2-cyclopropyl-1-oxo-N-phenethyl-1,2,3,4,4a,7,8,8a-octahydroisoquinoline-8-carboxamide",,,,3H-MESULERGINE,HUMAN,CLONED,>,10000.0,Frankowski KJ et al 2010,https://www.ncbi.nlm.nih.gov/pubmed/20729985,"(â±)-(4ar,8s,8ar)-2-cyclopropyl-1-oxo-n-phenethyl-1,2,3,4,4a,7,8,8a-octahydroisoquinoline-8-carboxamide"
77099,5-HT3,HTR3A,12891,"(Â±)-(4aR,8S,8aR)-2-cyclopropyl-1-oxo-N-phenethyl-1,2,3,4,4a,7,8,8a-octahydroisoquinoline-8-carboxamide",,,,3H-GR-65630,HUMAN,CLONED,>,10000.0,Frankowski KJ et al 2010,https://www.ncbi.nlm.nih.gov/pubmed/20729985,"(â±)-(4ar,8s,8ar)-2-cyclopropyl-1-oxo-n-phenethyl-1,2,3,4,4a,7,8,8a-octahydroisoquinoline-8-carboxamide"
77101,5-HT6,HTR6,12891,"(Â±)-(4aR,8S,8aR)-2-cyclopropyl-1-oxo-N-phenethyl-1,2,3,4,4a,7,8,8a-octahydroisoquinoline-8-carboxamide",,,,3H-LSD,HUMAN,CLONED,>,10000.0,Frankowski KJ et al 2010,https://www.ncbi.nlm.nih.gov/pubmed/20729985,"(â±)-(4ar,8s,8ar)-2-cyclopropyl-1-oxo-n-phenethyl-1,2,3,4,4a,7,8,8a-octahydroisoquinoline-8-carboxamide"
77102,5-HT7,HTR7,12891,"(Â±)-(4aR,8S,8aR)-2-cyclopropyl-1-oxo-N-phenethyl-1,2,3,4,4a,7,8,8a-octahydroisoquinoline-8-carboxamide",,,,3H-LSD,HUMAN,CLONED,>,10000.0,Frankowski KJ et al 2010,https://www.ncbi.nlm.nih.gov/pubmed/20729985,"(â±)-(4ar,8s,8ar)-2-cyclopropyl-1-oxo-n-phenethyl-1,2,3,4,4a,7,8,8a-octahydroisoquinoline-8-carboxamide"
77134,5-HT1A,HTR1A,12892,"(Â±)-(4aR,8S,8aR)-2-butyl-1-oxo-N-phenethyl-1,2,3,4,4a,7,8,8a-octahydroisoquinoline-8-carboxamide",,,,3H-8-OH-DPAT,HUMAN,CLONED,>,10000.0,Frankowski KJ et al 2010,https://www.ncbi.nlm.nih.gov/pubmed/20729985,"(â±)-(4ar,8s,8ar)-2-butyl-1-oxo-n-phenethyl-1,2,3,4,4a,7,8,8a-octahydroisoquinoline-8-carboxamide"
77135,5-HT1B,HTR1B,12892,"(Â±)-(4aR,8S,8aR)-2-butyl-1-oxo-N-phenethyl-1,2,3,4,4a,7,8,8a-octahydroisoquinoline-8-carboxamide",,,,3H-5-CT,HUMAN,CLONED,>,10000.0,Frankowski KJ et al 2010,https://www.ncbi.nlm.nih.gov/pubmed/20729985,"(â±)-(4ar,8s,8ar)-2-butyl-1-oxo-n-phenethyl-1,2,3,4,4a,7,8,8a-octahydroisoquinoline-8-carboxamide"
77136,5-HT1D,HTR1D,12892,"(Â±)-(4aR,8S,8aR)-2-butyl-1-oxo-N-phenethyl-1,2,3,4,4a,7,8,8a-octahydroisoquinoline-8-carboxamide",,,,3H-5-CT,HUMAN,CLONED,>,10000.0,Frankowski KJ et al 2010,https://www.ncbi.nlm.nih.gov/pubmed/20729985,"(â±)-(4ar,8s,8ar)-2-butyl-1-oxo-n-phenethyl-1,2,3,4,4a,7,8,8a-octahydroisoquinoline-8-carboxamide"
77137,5-HT1E,HTR1E,12892,"(Â±)-(4aR,8S,8aR)-2-butyl-1-oxo-N-phenethyl-1,2,3,4,4a,7,8,8a-octahydroisoquinoline-8-carboxamide",,,,3H-5-HT,HUMAN,CLONED,>,10000.0,Frankowski KJ et al 2010,https://www.ncbi.nlm.nih.gov/pubmed/20729985,"(â±)-(4ar,8s,8ar)-2-butyl-1-oxo-n-phenethyl-1,2,3,4,4a,7,8,8a-octahydroisoquinoline-8-carboxamide"
77138,5-HT2A,HTR2A,12892,"(Â±)-(4aR,8S,8aR)-2-butyl-1-oxo-N-phenethyl-1,2,3,4,4a,7,8,8a-octahydroisoquinoline-8-carboxamide",,,,3H-KETANSERIN,HUMAN,CLONED,>,10000.0,Frankowski KJ et al 2010,https://www.ncbi.nlm.nih.gov/pubmed/20729985,"(â±)-(4ar,8s,8ar)-2-butyl-1-oxo-n-phenethyl-1,2,3,4,4a,7,8,8a-octahydroisoquinoline-8-carboxamide"
77139,5-HT2B,HTR2B,12892,"(Â±)-(4aR,8S,8aR)-2-butyl-1-oxo-N-phenethyl-1,2,3,4,4a,7,8,8a-octahydroisoquinoline-8-carboxamide",,,,3H-LSD,HUMAN,CLONED,>,10000.0,Frankowski KJ et al 2010,https://www.ncbi.nlm.nih.gov/pubmed/20729985,"(â±)-(4ar,8s,8ar)-2-butyl-1-oxo-n-phenethyl-1,2,3,4,4a,7,8,8a-octahydroisoquinoline-8-carboxamide"
77140,5-HT2C,HTR2C,12892,"(Â±)-(4aR,8S,8aR)-2-butyl-1-oxo-N-phenethyl-1,2,3,4,4a,7,8,8a-octahydroisoquinoline-8-carboxamide",,,,3H-MESULERGINE,HUMAN,CLONED,,2250.0,Frankowski KJ et al 2010,https://www.ncbi.nlm.nih.gov/pubmed/20729985,"(â±)-(4ar,8s,8ar)-2-butyl-1-oxo-n-phenethyl-1,2,3,4,4a,7,8,8a-octahydroisoquinoline-8-carboxamide"
77141,5-HT3,HTR3A,12892,"(Â±)-(4aR,8S,8aR)-2-butyl-1-oxo-N-phenethyl-1,2,3,4,4a,7,8,8a-octahydroisoquinoline-8-carboxamide",,,,3H-GR-65630,HUMAN,CLONED,>,10000.0,Frankowski KJ et al 2010,https://www.ncbi.nlm.nih.gov/pubmed/20729985,"(â±)-(4ar,8s,8ar)-2-butyl-1-oxo-n-phenethyl-1,2,3,4,4a,7,8,8a-octahydroisoquinoline-8-carboxamide"
77143,5-HT6,HTR6,12892,"(Â±)-(4aR,8S,8aR)-2-butyl-1-oxo-N-phenethyl-1,2,3,4,4a,7,8,8a-octahydroisoquinoline-8-carboxamide",,,,3H-LSD,HUMAN,CLONED,>,10000.0,Frankowski KJ et al 2010,https://www.ncbi.nlm.nih.gov/pubmed/20729985,"(â±)-(4ar,8s,8ar)-2-butyl-1-oxo-n-phenethyl-1,2,3,4,4a,7,8,8a-octahydroisoquinoline-8-carboxamide"
77144,5-HT7,HTR7,12892,"(Â±)-(4aR,8S,8aR)-2-butyl-1-oxo-N-phenethyl-1,2,3,4,4a,7,8,8a-octahydroisoquinoline-8-carboxamide",,,,3H-LSD,HUMAN,CLONED,>,10000.0,Frankowski KJ et al 2010,https://www.ncbi.nlm.nih.gov/pubmed/20729985,"(â±)-(4ar,8s,8ar)-2-butyl-1-oxo-n-phenethyl-1,2,3,4,4a,7,8,8a-octahydroisoquinoline-8-carboxamide"
78867,5-HT1A,HTR1A,12940,"3,4,5-Trimethoxyphenethylamine",,,,3H-WAY100635,HUMAN,CLONED,,1841.0,Ray TS 2010 ,https://www.ncbi.nlm.nih.gov/pubmed/20126400,"3,4,5-trimethoxyphenethylamine"
78868,5-HT1A,HTR1A,12941,"4-Bromo-2,5-dimethoxyphenethylamine",,,,3H-WAY100635,HUMAN,CLONED,,240.8,Ray TS 2010 ,https://www.ncbi.nlm.nih.gov/pubmed/20126400,"4-bromo-2,5-dimethoxyphenethylamine"
78870,5-HT1A,HTR1A,12942,"4-Hydroxy-N,N-dimethyltryptamine",,,,3H-WAY100635,HUMAN,CLONED,,62.6,Ray TS 2010 ,https://www.ncbi.nlm.nih.gov/pubmed/20126400,"4-hydroxy-n,n-dimethyltryptamine"
78871,5-HT1A,HTR1A,695,"DMT,5-MeO",CN(C)CCC1=CNC2=C1C=C(C=C2)OC,1832,,3H-WAY100635,HUMAN,CLONED,,1.9,Ray TS 2010 ,https://www.ncbi.nlm.nih.gov/pubmed/20126400,"dmt,5-meo"
78872,5-HT1A,HTR1A,12943,"4-Ethyl-2,5-dimethoxyphenethylamine",,,,3H-WAY100635,HUMAN,CLONED,,307.3,Ray TS 2010 ,https://www.ncbi.nlm.nih.gov/pubmed/20126400,"4-ethyl-2,5-dimethoxyphenethylamine"
78873,5-HT1A,HTR1A,12944,"4-Ethylthio-2,5-dimethoxyphenethylamine",,,,3H-WAY100635,HUMAN,CLONED,,381.2,Ray TS 2010 ,https://www.ncbi.nlm.nih.gov/pubmed/20126400,"4-ethylthio-2,5-dimethoxyphenethylamine"
78876,5-HT1A,HTR1A,12947,5-Methoxy-N-methyl-N-isopropyltryptamine,,,,3H-WAY100635,HUMAN,CLONED,,12.3,Ray TS 2010 ,https://www.ncbi.nlm.nih.gov/pubmed/20126400,5-methoxy-n-methyl-n-isopropyltryptamine
78877,5-HT1A,HTR1A,12948,"N,N-Diisopropyltryptamine",,,,3H-WAY100635,HUMAN,CLONED,,120.5,Ray TS 2010 ,https://www.ncbi.nlm.nih.gov/pubmed/20126400,"n,n-diisopropyltryptamine"
78878,5-HT1A,HTR1A,12949,"5-Methoxy-N,N-diisopropyltryptamine",,,,3H-WAY100635,HUMAN,CLONED,,132.4,Ray TS 2010 ,https://www.ncbi.nlm.nih.gov/pubmed/20126400,"5-methoxy-n,n-diisopropyltryptamine"
78879,5-HT1A,HTR1A,12950,"N,N-Dipropyltryptamine",,,,3H-WAY100635,HUMAN,CLONED,,31.8,Ray TS 2010 ,https://www.ncbi.nlm.nih.gov/pubmed/20126400,"n,n-dipropyltryptamine"
78881,5-HT1A,HTR1A,12952,"6-Fluoro-N,N-dimethyltryptamine",,,,3H-WAY100635,HUMAN,CLONED,,392.6,Ray TS 2010 ,https://www.ncbi.nlm.nih.gov/pubmed/20126400,"6-fluoro-n,n-dimethyltryptamine"
78900,5-HT1B,HTR1B,12940,"3,4,5-Trimethoxyphenethylamine",,,,3H-5-CT,HUMAN,CLONED,>,10000.0,Ray TS 2010 ,https://www.ncbi.nlm.nih.gov/pubmed/20126400,"3,4,5-trimethoxyphenethylamine"
78901,5-HT1B,HTR1B,12941,"4-Bromo-2,5-dimethoxyphenethylamine",,,,3H-5-CT,HUMAN,CLONED,,104.4,Ray TS 2010 ,https://www.ncbi.nlm.nih.gov/pubmed/20126400,"4-bromo-2,5-dimethoxyphenethylamine"
78903,5-HT1B,HTR1B,12942,"4-Hydroxy-N,N-dimethyltryptamine",,,,3H-5-CT,HUMAN,CLONED,,305.0,Ray TS 2010 ,https://www.ncbi.nlm.nih.gov/pubmed/20126400,"4-hydroxy-n,n-dimethyltryptamine"
78904,5-HT1B,HTR1B,695,"DMT,5-MeO",CN(C)CCC1=CNC2=C1C=C(C=C2)OC,1832,,3H-5-CT,HUMAN,CLONED,,74.0,Ray TS 2010 ,https://www.ncbi.nlm.nih.gov/pubmed/20126400,"dmt,5-meo"
78905,5-HT1B,HTR1B,12943,"4-Ethyl-2,5-dimethoxyphenethylamine",,,,3H-5-CT,HUMAN,CLONED,,252.9,Ray TS 2010 ,https://www.ncbi.nlm.nih.gov/pubmed/20126400,"4-ethyl-2,5-dimethoxyphenethylamine"
78906,5-HT1B,HTR1B,12944,"4-Ethylthio-2,5-dimethoxyphenethylamine",,,,3H-5-CT,HUMAN,CLONED,,857.5,Ray TS 2010 ,https://www.ncbi.nlm.nih.gov/pubmed/20126400,"4-ethylthio-2,5-dimethoxyphenethylamine"
78909,5-HT1B,HTR1B,12949,"5-Methoxy-N,N-diisopropyltryptamine",,,,3H-5-CT,HUMAN,CLONED,,5137.0,Ray TS 2010 ,https://www.ncbi.nlm.nih.gov/pubmed/20126400,"5-methoxy-n,n-diisopropyltryptamine"
78910,5-HT1B,HTR1B,12950,"N,N-Dipropyltryptamine",,,,3H-5-CT,HUMAN,CLONED,,854.4,Ray TS 2010 ,https://www.ncbi.nlm.nih.gov/pubmed/20126400,"n,n-dipropyltryptamine"
78912,5-HT1B,HTR1B,12952,"6-Fluoro-N,N-dimethyltryptamine",,,,3H-5-CT,HUMAN,CLONED,,217.7,Ray TS 2010 ,https://www.ncbi.nlm.nih.gov/pubmed/20126400,"6-fluoro-n,n-dimethyltryptamine"
78931,5-HT1D,HTR1D,12940,"3,4,5-Trimethoxyphenethylamine",,,,3H-5-CT,HUMAN,CLONED,>,10000.0,Ray TS 2010 ,https://www.ncbi.nlm.nih.gov/pubmed/20126400,"3,4,5-trimethoxyphenethylamine"
78932,5-HT1D,HTR1D,12941,"4-Bromo-2,5-dimethoxyphenethylamine",,,,3H-5-CT,HUMAN,CLONED,,26.3,Ray TS 2010 ,https://www.ncbi.nlm.nih.gov/pubmed/20126400,"4-bromo-2,5-dimethoxyphenethylamine"
78934,5-HT1D,HTR1D,12942,"4-Hydroxy-N,N-dimethyltryptamine",,,,3H-5-CT,HUMAN,CLONED,,18.6,Ray TS 2010 ,https://www.ncbi.nlm.nih.gov/pubmed/20126400,"4-hydroxy-n,n-dimethyltryptamine"
78935,5-HT1D,HTR1D,695,"DMT,5-MeO",CN(C)CCC1=CNC2=C1C=C(C=C2)OC,1832,,3H-5-CT,HUMAN,CLONED,,6.3,Ray TS 2010 ,https://www.ncbi.nlm.nih.gov/pubmed/20126400,"dmt,5-meo"
78936,5-HT1D,HTR1D,12943,"4-Ethyl-2,5-dimethoxyphenethylamine",,,,3H-5-CT,HUMAN,CLONED,,73.2,Ray TS 2010 ,https://www.ncbi.nlm.nih.gov/pubmed/20126400,"4-ethyl-2,5-dimethoxyphenethylamine"
78940,5-HT1D,HTR1D,12947,5-Methoxy-N-methyl-N-isopropyltryptamine,,,,3H-5-CT,HUMAN,CLONED,>,22.5,Ray TS 2010 ,https://www.ncbi.nlm.nih.gov/pubmed/20126400,5-methoxy-n-methyl-n-isopropyltryptamine
78941,5-HT1D,HTR1D,12948,"N,N-Diisopropyltryptamine",,,,3H-5-CT,HUMAN,CLONED,,3742.0,Ray TS 2010 ,https://www.ncbi.nlm.nih.gov/pubmed/20126400,"n,n-diisopropyltryptamine"
78942,5-HT1D,HTR1D,12949,"5-Methoxy-N,N-diisopropyltryptamine",,,,3H-5-CT,HUMAN,CLONED,,1718.0,Ray TS 2010 ,https://www.ncbi.nlm.nih.gov/pubmed/20126400,"5-methoxy-n,n-diisopropyltryptamine"
78943,5-HT1D,HTR1D,12950,"N,N-Dipropyltryptamine",,,,3H-5-CT,HUMAN,CLONED,,618.8,Ray TS 2010 ,https://www.ncbi.nlm.nih.gov/pubmed/20126400,"n,n-dipropyltryptamine"
78945,5-HT1D,HTR1D,12952,"6-Fluoro-N,N-dimethyltryptamine",,,,3H-5-CT,HUMAN,CLONED,,55.4,Ray TS 2010 ,https://www.ncbi.nlm.nih.gov/pubmed/20126400,"6-fluoro-n,n-dimethyltryptamine"
78964,5-HT1E,HTR1E,12940,"3,4,5-Trimethoxyphenethylamine",,,,3H-5-HT,HUMAN,CLONED,,5205.0,Ray TS 2010 ,https://www.ncbi.nlm.nih.gov/pubmed/20126400,"3,4,5-trimethoxyphenethylamine"
78965,5-HT1E,HTR1E,12941,"4-Bromo-2,5-dimethoxyphenethylamine",,,,3H-5-HT,HUMAN,CLONED,,119.5,Ray TS 2010 ,https://www.ncbi.nlm.nih.gov/pubmed/20126400,"4-bromo-2,5-dimethoxyphenethylamine"
78967,5-HT1E,HTR1E,12942,"4-Hydroxy-N,N-dimethyltryptamine",,,,3H-5-HT,HUMAN,CLONED,,44.3,Ray TS 2010 ,https://www.ncbi.nlm.nih.gov/pubmed/20126400,"4-hydroxy-n,n-dimethyltryptamine"
78968,5-HT1E,HTR1E,695,"DMT,5-MeO",CN(C)CCC1=CNC2=C1C=C(C=C2)OC,1832,,3H-5-HT,HUMAN,CLONED,,360.2,Ray TS 2010 ,https://www.ncbi.nlm.nih.gov/pubmed/20126400,"dmt,5-meo"
78969,5-HT1E,HTR1E,12943,"4-Ethyl-2,5-dimethoxyphenethylamine",,,,3H-5-HT,HUMAN,CLONED,,626.3,Ray TS 2010 ,https://www.ncbi.nlm.nih.gov/pubmed/20126400,"4-ethyl-2,5-dimethoxyphenethylamine"
78970,5-HT1E,HTR1E,12944,"4-Ethylthio-2,5-dimethoxyphenethylamine",,,,3H-5-HT,HUMAN,CLONED,,415.1,Ray TS 2010 ,https://www.ncbi.nlm.nih.gov/pubmed/20126400,"4-ethylthio-2,5-dimethoxyphenethylamine"
78973,5-HT1E,HTR1E,12947,5-Methoxy-N-methyl-N-isopropyltryptamine,,,,3H-5-HT,HUMAN,CLONED,,3496.0,Ray TS 2010 ,https://www.ncbi.nlm.nih.gov/pubmed/20126400,5-methoxy-n-methyl-n-isopropyltryptamine
78974,5-HT1E,HTR1E,12948,"N,N-Diisopropyltryptamine",,,,3H-5-HT,HUMAN,CLONED,>,10000.0,Ray TS 2010 ,https://www.ncbi.nlm.nih.gov/pubmed/20126400,"n,n-diisopropyltryptamine"
78975,5-HT1E,HTR1E,12949,"5-Methoxy-N,N-diisopropyltryptamine",,,,3H-5-HT,HUMAN,CLONED,>,10000.0,Ray TS 2010 ,https://www.ncbi.nlm.nih.gov/pubmed/20126400,"5-methoxy-n,n-diisopropyltryptamine"
78976,5-HT1E,HTR1E,12950,"N,N-Dipropyltryptamine",,,,3H-5-HT,HUMAN,CLONED,,2338.0,Ray TS 2010 ,https://www.ncbi.nlm.nih.gov/pubmed/20126400,"n,n-dipropyltryptamine"
78977,5-HT1E,HTR1E,12944,"4-Ethylthio-2,5-dimethoxyphenethylamine",,,,3H-5-HT,HUMAN,CLONED,,9879.0,Ray TS 2010 ,https://www.ncbi.nlm.nih.gov/pubmed/20126400,"4-ethylthio-2,5-dimethoxyphenethylamine"
78978,5-HT1E,HTR1E,12952,"6-Fluoro-N,N-dimethyltryptamine",,,,3H-5-HT,HUMAN,CLONED,,460.8,Ray TS 2010 ,https://www.ncbi.nlm.nih.gov/pubmed/20126400,"6-fluoro-n,n-dimethyltryptamine"
78996,5-HT2A,HTR2A,12940,"3,4,5-Trimethoxyphenethylamine",,,,3H-KETANSERIN,HUMAN,CLONED,>,10000.0,Ray TS 2010 ,https://www.ncbi.nlm.nih.gov/pubmed/20126400,"3,4,5-trimethoxyphenethylamine"
78997,5-HT2A,HTR2A,12941,"4-Bromo-2,5-dimethoxyphenethylamine",,,,3H-KETANSERIN,HUMAN,CLONED,,27.6,Ray TS 2010 ,https://www.ncbi.nlm.nih.gov/pubmed/20126400,"4-bromo-2,5-dimethoxyphenethylamine"
78999,5-HT2A,HTR2A,12942,"4-Hydroxy-N,N-dimethyltryptamine",,,,3H-KETANSERIN,HUMAN,CLONED,,339.6,Ray TS 2010 ,https://www.ncbi.nlm.nih.gov/pubmed/20126400,"4-hydroxy-n,n-dimethyltryptamine"
79000,5-HT2A,HTR2A,695,"DMT,5-MeO",CN(C)CCC1=CNC2=C1C=C(C=C2)OC,1832,,3H-KETANSERIN,HUMAN,CLONED,,2011.0,Ray TS 2010 ,https://www.ncbi.nlm.nih.gov/pubmed/20126400,"dmt,5-meo"
79001,5-HT2A,HTR2A,12943,"4-Ethyl-2,5-dimethoxyphenethylamine",,,,3H-KETANSERIN,HUMAN,CLONED,,43.9,Ray TS 2010 ,https://www.ncbi.nlm.nih.gov/pubmed/20126400,"4-ethyl-2,5-dimethoxyphenethylamine"
79002,5-HT2A,HTR2A,12944,"4-Ethylthio-2,5-dimethoxyphenethylamine",,,,3H-KETANSERIN,HUMAN,CLONED,,39.9,Ray TS 2010 ,https://www.ncbi.nlm.nih.gov/pubmed/20126400,"4-ethylthio-2,5-dimethoxyphenethylamine"
79005,5-HT2A,HTR2A,12947,5-Methoxy-N-methyl-N-isopropyltryptamine,,,,3H-KETANSERIN,HUMAN,CLONED,,448.3,Ray TS 2010 ,https://www.ncbi.nlm.nih.gov/pubmed/20126400,5-methoxy-n-methyl-n-isopropyltryptamine
79006,5-HT2A,HTR2A,12948,"N,N-Diisopropyltryptamine",,,,3H-KETANSERIN,HUMAN,CLONED,>,10000.0,Ray TS 2010 ,https://www.ncbi.nlm.nih.gov/pubmed/20126400,"n,n-diisopropyltryptamine"
79007,5-HT2A,HTR2A,12949,"5-Methoxy-N,N-diisopropyltryptamine",,,,3H-KETANSERIN,HUMAN,CLONED,>,10000.0,Ray TS 2010 ,https://www.ncbi.nlm.nih.gov/pubmed/20126400,"5-methoxy-n,n-diisopropyltryptamine"
79008,5-HT2A,HTR2A,12950,"N,N-Dipropyltryptamine",,,,3H-KETANSERIN,HUMAN,CLONED,,2579.0,Ray TS 2010 ,https://www.ncbi.nlm.nih.gov/pubmed/20126400,"n,n-dipropyltryptamine"
79010,5-HT2A,HTR2A,12952,"6-Fluoro-N,N-dimethyltryptamine",,,,3H-KETANSERIN,HUMAN,CLONED,,866.0,Ray TS 2010 ,https://www.ncbi.nlm.nih.gov/pubmed/20126400,"6-fluoro-n,n-dimethyltryptamine"
79029,5-HT2B,HTR2B,12961,"3,4,5-Trimethoxyphenethylami",,,,3H-LSD,HUMAN,CLONED,,792.8,Ray TS 2010 ,https://www.ncbi.nlm.nih.gov/pubmed/20126400,"3,4,5-trimethoxyphenethylami"
79030,5-HT2B,HTR2B,12941,"4-Bromo-2,5-dimethoxyphenethylamine",,,,3H-LSD,HUMAN,CLONED,,13.5,Ray TS 2010 ,https://www.ncbi.nlm.nih.gov/pubmed/20126400,"4-bromo-2,5-dimethoxyphenethylamine"
79032,5-HT2B,HTR2B,12942,"4-Hydroxy-N,N-dimethyltryptamine",,,,3H-LSD,HUMAN,CLONED,,4.7,Ray TS 2010 ,https://www.ncbi.nlm.nih.gov/pubmed/20126400,"4-hydroxy-n,n-dimethyltryptamine"
79033,5-HT2B,HTR2B,695,"DMT,5-MeO",CN(C)CCC1=CNC2=C1C=C(C=C2)OC,1832,,3H-LSD,HUMAN,CLONED,,3884.0,Ray TS 2010 ,https://www.ncbi.nlm.nih.gov/pubmed/20126400,"dmt,5-meo"
79034,5-HT2B,HTR2B,12943,"4-Ethyl-2,5-dimethoxyphenethylamine",,,,3H-LSD,HUMAN,CLONED,,25.1,Ray TS 2010 ,https://www.ncbi.nlm.nih.gov/pubmed/20126400,"4-ethyl-2,5-dimethoxyphenethylamine"
79035,5-HT2B,HTR2B,12944,"4-Ethylthio-2,5-dimethoxyphenethylamine",,,,3H-LSD,HUMAN,CLONED,,6.0,Ray TS 2010 ,https://www.ncbi.nlm.nih.gov/pubmed/20126400,"4-ethylthio-2,5-dimethoxyphenethylamine"
79038,5-HT2B,HTR2B,12947,5-Methoxy-N-methyl-N-isopropyltryptamine,,,,3H-LSD,HUMAN,CLONED,,58.5,Ray TS 2010 ,https://www.ncbi.nlm.nih.gov/pubmed/20126400,5-methoxy-n-methyl-n-isopropyltryptamine
79039,5-HT2B,HTR2B,12948,"N,N-Diisopropyltryptamine",,,,3H-LSD,HUMAN,CLONED,,398.5,Ray TS 2010 ,https://www.ncbi.nlm.nih.gov/pubmed/20126400,"n,n-diisopropyltryptamine"
79040,5-HT2B,HTR2B,12949,"5-Methoxy-N,N-diisopropyltryptamine",,,,3H-LSD,HUMAN,CLONED,,163.0,Ray TS 2010 ,https://www.ncbi.nlm.nih.gov/pubmed/20126400,"5-methoxy-n,n-diisopropyltryptamine"
79041,5-HT2B,HTR2B,12950,"N,N-Dipropyltryptamine",,,,3H-LSD,HUMAN,CLONED,,42.0,Ray TS 2010 ,https://www.ncbi.nlm.nih.gov/pubmed/20126400,"n,n-dipropyltryptamine"
79043,5-HT2B,HTR2B,12952,"6-Fluoro-N,N-dimethyltryptamine",,,,3H-LSD,HUMAN,CLONED,,29.8,Ray TS 2010 ,https://www.ncbi.nlm.nih.gov/pubmed/20126400,"6-fluoro-n,n-dimethyltryptamine"
79060,5-HT2C,HTR2C,12940,"3,4,5-Trimethoxyphenethylamine",,,,3H-MESULERGINE,HUMAN,CLONED,>,10000.0,Ray TS 2010 ,https://www.ncbi.nlm.nih.gov/pubmed/20126400,"3,4,5-trimethoxyphenethylamine"
79061,5-HT2C,HTR2C,12941,"4-Bromo-2,5-dimethoxyphenethylamine",,,,3H-MESULERGINE,HUMAN,CLONED,,89.5,Ray TS 2010 ,https://www.ncbi.nlm.nih.gov/pubmed/20126400,"4-bromo-2,5-dimethoxyphenethylamine"
79063,5-HT2C,HTR2C,12942,"4-Hydroxy-N,N-dimethyltryptamine",,,,3H-MESULERGINE,HUMAN,CLONED,,141.2,Ray TS 2010 ,https://www.ncbi.nlm.nih.gov/pubmed/20126400,"4-hydroxy-n,n-dimethyltryptamine"
79064,5-HT2C,HTR2C,695,"DMT,5-MeO",CN(C)CCC1=CNC2=C1C=C(C=C2)OC,1832,,3H-MESULERGINE,HUMAN,CLONED,,538.0,Ray TS 2010 ,https://www.ncbi.nlm.nih.gov/pubmed/20126400,"dmt,5-meo"
79065,5-HT2C,HTR2C,12943,"4-Ethyl-2,5-dimethoxyphenethylamine",,,,3H-MESULERGINE,HUMAN,CLONED,,104.1,Ray TS 2010 ,https://www.ncbi.nlm.nih.gov/pubmed/20126400,"4-ethyl-2,5-dimethoxyphenethylamine"
79066,5-HT2C,HTR2C,12944,"4-Ethylthio-2,5-dimethoxyphenethylamine",,,,3H-MESULERGINE,HUMAN,CLONED,,53.9,Ray TS 2010 ,https://www.ncbi.nlm.nih.gov/pubmed/20126400,"4-ethylthio-2,5-dimethoxyphenethylamine"
79069,5-HT2C,HTR2C,12947,5-Methoxy-N-methyl-N-isopropyltryptamine,,,,3H-MESULERGINE,HUMAN,CLONED,,2186.0,Ray TS 2010 ,https://www.ncbi.nlm.nih.gov/pubmed/20126400,5-methoxy-n-methyl-n-isopropyltryptamine
79070,5-HT2C,HTR2C,12948,"N,N-Diisopropyltryptamine",,,,3H-MESULERGINE,HUMAN,CLONED,>,10000.0,Ray TS 2010 ,https://www.ncbi.nlm.nih.gov/pubmed/20126400,"n,n-diisopropyltryptamine"
79072,5-HT2C,HTR2C,12950,"N,N-Dipropyltryptamine",,,,3H-MESULERGINE,HUMAN,CLONED,,1567.0,Ray TS 2010 ,https://www.ncbi.nlm.nih.gov/pubmed/20126400,"n,n-dipropyltryptamine"
79073,5-HT2C,HTR2C,12952,"6-Fluoro-N,N-dimethyltryptamine",,,,3H-MESULERGINE,HUMAN,CLONED,,674.2,Ray TS 2010 ,https://www.ncbi.nlm.nih.gov/pubmed/20126400,"6-fluoro-n,n-dimethyltryptamine"
79122,5-HT6,HTR6,12940,"3,4,5-Trimethoxyphenethylamine",,,,3H-LSD,HUMAN,CLONED,>,10000.0,Ray TS 2010 ,https://www.ncbi.nlm.nih.gov/pubmed/20126400,"3,4,5-trimethoxyphenethylamine"
79123,5-HT6,HTR6,12941,"4-Bromo-2,5-dimethoxyphenethylamine",,,,3H-LSD,HUMAN,CLONED,,319.9,Ray TS 2010 ,https://www.ncbi.nlm.nih.gov/pubmed/20126400,"4-bromo-2,5-dimethoxyphenethylamine"
79125,5-HT6,HTR6,12942,"4-Hydroxy-N,N-dimethyltryptamine",,,,3H-LSD,HUMAN,CLONED,,71.7,Ray TS 2010 ,https://www.ncbi.nlm.nih.gov/pubmed/20126400,"4-hydroxy-n,n-dimethyltryptamine"
79126,5-HT6,HTR6,695,"DMT,5-MeO",CN(C)CCC1=CNC2=C1C=C(C=C2)OC,1832,,3H-LSD,HUMAN,CLONED,,35.5,Ray TS 2010 ,https://www.ncbi.nlm.nih.gov/pubmed/20126400,"dmt,5-meo"
79127,5-HT6,HTR6,12943,"4-Ethyl-2,5-dimethoxyphenethylamine",,,,3H-LSD,HUMAN,CLONED,,2971.0,Ray TS 2010 ,https://www.ncbi.nlm.nih.gov/pubmed/20126400,"4-ethyl-2,5-dimethoxyphenethylamine"
79128,5-HT6,HTR6,12944,"4-Ethylthio-2,5-dimethoxyphenethylamine",,,,3H-LSD,HUMAN,CLONED,,1362.0,Ray TS 2010 ,https://www.ncbi.nlm.nih.gov/pubmed/20126400,"4-ethylthio-2,5-dimethoxyphenethylamine"
79131,5-HT6,HTR6,12947,5-Methoxy-N-methyl-N-isopropyltryptamine,,,,3H-LSD,HUMAN,CLONED,,130.2,Ray TS 2010 ,https://www.ncbi.nlm.nih.gov/pubmed/20126400,5-methoxy-n-methyl-n-isopropyltryptamine
79132,5-HT6,HTR6,12948,"N,N-Diisopropyltryptamine",,,,3H-LSD,HUMAN,CLONED,>,10000.0,Ray TS 2010 ,https://www.ncbi.nlm.nih.gov/pubmed/20126400,"n,n-diisopropyltryptamine"
79133,5-HT6,HTR6,12949,"5-Methoxy-N,N-diisopropyltryptamine",,,,3H-LSD,HUMAN,CLONED,>,10000.0,Ray TS 2010 ,https://www.ncbi.nlm.nih.gov/pubmed/20126400,"5-methoxy-n,n-diisopropyltryptamine"
79134,5-HT6,HTR6,12950,"N,N-Dipropyltryptamine",,,,3H-LSD,HUMAN,CLONED,,4543.0,Ray TS 2010 ,https://www.ncbi.nlm.nih.gov/pubmed/20126400,"n,n-dipropyltryptamine"
79136,5-HT6,HTR6,12952,"6-Fluoro-N,N-dimethyltryptamine",,,,3H-LSD,HUMAN,CLONED,,25.6,Ray TS 2010 ,https://www.ncbi.nlm.nih.gov/pubmed/20126400,"6-fluoro-n,n-dimethyltryptamine"
79153,5-HT7,HTR7,12940,"3,4,5-Trimethoxyphenethylamine",,,,3H-LSD,HUMAN,CLONED,>,10000.0,Ray TS 2010 ,https://www.ncbi.nlm.nih.gov/pubmed/20126400,"3,4,5-trimethoxyphenethylamine"
79154,5-HT7,HTR7,12941,"4-Bromo-2,5-dimethoxyphenethylamine",,,,3H-LSD,HUMAN,CLONED,,209.5,Ray TS 2010 ,https://www.ncbi.nlm.nih.gov/pubmed/20126400,"4-bromo-2,5-dimethoxyphenethylamine"
79156,5-HT7,HTR7,12942,"4-Hydroxy-N,N-dimethyltryptamine",,,,3H-LSD,HUMAN,CLONED,,71.6,Ray TS 2010 ,https://www.ncbi.nlm.nih.gov/pubmed/20126400,"4-hydroxy-n,n-dimethyltryptamine"
79157,5-HT7,HTR7,695,"DMT,5-MeO",CN(C)CCC1=CNC2=C1C=C(C=C2)OC,1832,,3H-LSD,HUMAN,CLONED,,3.9,Ray TS 2010 ,https://www.ncbi.nlm.nih.gov/pubmed/20126400,"dmt,5-meo"
79158,5-HT7,HTR7,12943,"4-Ethyl-2,5-dimethoxyphenethylamine",,,,3H-LSD,HUMAN,CLONED,,425.6,Ray TS 2010 ,https://www.ncbi.nlm.nih.gov/pubmed/20126400,"4-ethyl-2,5-dimethoxyphenethylamine"
79159,5-HT7,HTR7,12944,"4-Ethylthio-2,5-dimethoxyphenethylamine",,,,3H-LSD,HUMAN,CLONED,,968.7,Ray TS 2010 ,https://www.ncbi.nlm.nih.gov/pubmed/20126400,"4-ethylthio-2,5-dimethoxyphenethylamine"
79162,5-HT7,HTR7,12947,5-Methoxy-N-methyl-N-isopropyltryptamine,,,,3H-LSD,HUMAN,CLONED,,19.8,Ray TS 2010 ,https://www.ncbi.nlm.nih.gov/pubmed/20126400,5-methoxy-n-methyl-n-isopropyltryptamine
79163,5-HT7,HTR7,12948,"N,N-Diisopropyltryptamine",,,,3H-LSD,HUMAN,CLONED,,3423.0,Ray TS 2010 ,https://www.ncbi.nlm.nih.gov/pubmed/20126400,"n,n-diisopropyltryptamine"
79164,5-HT7,HTR7,12949,"5-Methoxy-N,N-diisopropyltryptamine",,,,3H-LSD,HUMAN,CLONED,,1231.0,Ray TS 2010 ,https://www.ncbi.nlm.nih.gov/pubmed/20126400,"5-methoxy-n,n-diisopropyltryptamine"
79165,5-HT7,HTR7,12950,"N,N-Dipropyltryptamine",,,,3H-LSD,HUMAN,CLONED,,283.9,Ray TS 2010 ,https://www.ncbi.nlm.nih.gov/pubmed/20126400,"n,n-dipropyltryptamine"
79167,5-HT7,HTR7,12952,"6-Fluoro-N,N-dimethyltryptamine",,,,3H-LSD,HUMAN,CLONED,,40.8,Ray TS 2010 ,https://www.ncbi.nlm.nih.gov/pubmed/20126400,"6-fluoro-n,n-dimethyltryptamine"
80046,5-HT3,HTR3A,12940,"3,4,5-Trimethoxyphenethylamine",,,,3H-GR-65630,HUMAN,CLONED,>,10000.0,Ray TS 2010 ,https://www.ncbi.nlm.nih.gov/pubmed/20126400,"3,4,5-trimethoxyphenethylamine"
80047,5-HT3,HTR3A,12941,"4-Bromo-2,5-dimethoxyphenethylamine",,,,3H-GR-65630,HUMAN,CLONED,>,10000.0,Ray TS 2010 ,https://www.ncbi.nlm.nih.gov/pubmed/20126400,"4-bromo-2,5-dimethoxyphenethylamine"
80049,5-HT3,HTR3A,12942,"4-Hydroxy-N,N-dimethyltryptamine",,,,3H-GR-65630,HUMAN,CLONED,>,10000.0,Ray TS 2010 ,https://www.ncbi.nlm.nih.gov/pubmed/20126400,"4-hydroxy-n,n-dimethyltryptamine"
80050,5-HT3,HTR3A,695,"DMT,5-MeO",CN(C)CCC1=CNC2=C1C=C(C=C2)OC,1832,,3H-GR-65630,HUMAN,CLONED,>,10000.0,Ray TS 2010 ,https://www.ncbi.nlm.nih.gov/pubmed/20126400,"dmt,5-meo"
80051,5-HT3,HTR3A,12943,"4-Ethyl-2,5-dimethoxyphenethylamine",,,,3H-GR-65630,HUMAN,CLONED,>,10000.0,Ray TS 2010 ,https://www.ncbi.nlm.nih.gov/pubmed/20126400,"4-ethyl-2,5-dimethoxyphenethylamine"
80052,5-HT3,HTR3A,12944,"4-Ethylthio-2,5-dimethoxyphenethylamine",,,,3H-GR-65630,HUMAN,CLONED,>,10000.0,Ray TS 2010 ,https://www.ncbi.nlm.nih.gov/pubmed/20126400,"4-ethylthio-2,5-dimethoxyphenethylamine"
80055,5-HT3,HTR3A,12947,5-Methoxy-N-methyl-N-isopropyltryptamine,,,,3H-GR-65630,HUMAN,CLONED,>,10000.0,Ray TS 2010 ,https://www.ncbi.nlm.nih.gov/pubmed/20126400,5-methoxy-n-methyl-n-isopropyltryptamine
80056,5-HT3,HTR3A,12948,"N,N-Diisopropyltryptamine",,,,3H-GR-65630,HUMAN,CLONED,>,10000.0,Ray TS 2010 ,https://www.ncbi.nlm.nih.gov/pubmed/20126400,"n,n-diisopropyltryptamine"
80057,5-HT3,HTR3A,12949,"5-Methoxy-N,N-diisopropyltryptamine",,,,3H-GR-65630,HUMAN,CLONED,>,10000.0,Ray TS 2010 ,https://www.ncbi.nlm.nih.gov/pubmed/20126400,"5-methoxy-n,n-diisopropyltryptamine"
80058,5-HT3,HTR3A,12950,"N,N-Dipropyltryptamine",,,,3H-GR-65630,HUMAN,CLONED,>,10000.0,Ray TS 2010 ,https://www.ncbi.nlm.nih.gov/pubmed/20126400,"n,n-dipropyltryptamine"
80060,5-HT3,HTR3A,12952,"6-Fluoro-N,N-dimethyltryptamine",,,,3H-GR-65630,HUMAN,CLONED,>,10000.0,Ray TS 2010 ,https://www.ncbi.nlm.nih.gov/pubmed/20126400,"6-fluoro-n,n-dimethyltryptamine"
82068,5-HT1A,HTR1A,13179,Donepezil,,,,3H-8-OH-DPAT,HUMAN,CLONED,>,10000.0,Besnard J et al 2012,https://pubmed.ncbi.nlm.nih.gov/23235874/,donepezil
82069,5-HT1B,HTR1B,13179,Donepezil,,,,3H-5-CT,HUMAN,CLONED,>,10000.0,Besnard J et al 2012,https://pubmed.ncbi.nlm.nih.gov/23235874/,donepezil
82070,5-HT1D,HTR1D,13179,Donepezil,,,,3H-5-CT,HUMAN,CLONED,>,10000.0,Besnard J et al 2012,https://pubmed.ncbi.nlm.nih.gov/23235874/,donepezil
82071,5-HT1E,HTR1E,13179,Donepezil,,,,3H-5-HT,HUMAN,CLONED,>,10000.0,Besnard J et al 2012,https://pubmed.ncbi.nlm.nih.gov/23235874/,donepezil
82072,5-HT2A,HTR2A,13179,Donepezil,,,,3H-KETANSERIN,HUMAN,CLONED,>,10000.0,Besnard J et al 2012,https://pubmed.ncbi.nlm.nih.gov/23235874/,donepezil
82073,5-HT2B,HTR2B,13179,Donepezil,,,,3H-LSD,HUMAN,CLONED,,6761.0,Besnard J et al 2012,https://pubmed.ncbi.nlm.nih.gov/23235874/,donepezil
82074,5-HT2C,HTR2C,13179,Donepezil,,,,3H-MESULERGINE,HUMAN,CLONED,>,10000.0,Besnard J et al 2012,https://pubmed.ncbi.nlm.nih.gov/23235874/,donepezil
82075,5-HT3,HTR3A,13179,Donepezil,,,,3H-GR-65630,HUMAN,CLONED,>,10000.0,Besnard J et al 2012,https://pubmed.ncbi.nlm.nih.gov/23235874/,donepezil
82076,5-HT4,HTR4,13179,Donepezil,,,,3H-GR-113808,HUMAN,CLONED,>,10000.0,Besnard J et al 2012,https://pubmed.ncbi.nlm.nih.gov/23235874/,donepezil
82078,5-HT6,HTR6,13179,Donepezil,,,,3H-LSD,HUMAN,CLONED,>,10000.0,Besnard J et al 2012,https://pubmed.ncbi.nlm.nih.gov/23235874/,donepezil
82079,5-HT7,HTR7,13179,Donepezil,,,,3H-LSD,HUMAN,CLONED,>,10000.0,Besnard J et al 2012,https://pubmed.ncbi.nlm.nih.gov/23235874/,donepezil
83197,5-HT2C,HTR2C,150,5-Hydroxy Tryptamine,C1=CC2=C(C=C1O)C(=CN2)CCN,50-67-9,58241.0,125I-DOI,HUMAN,CLONED,,4.31,Janowsky A et al 2014,https://pubmed.ncbi.nlm.nih.gov/24488404/,5-hydroxy tryptamine
83198,5-HT2A,HTR2A,150,5-Hydroxy Tryptamine,C1=CC2=C(C=C1O)C(=CN2)CCN,50-67-9,58241.0,125I-DOI,HUMAN,CLONED,,9.1,Janowsky A et al 2014,https://pubmed.ncbi.nlm.nih.gov/24488404/,5-hydroxy tryptamine
83199,5-HT1A,HTR1A,150,5-Hydroxy Tryptamine,C1=CC2=C(C=C1O)C(=CN2)CCN,50-67-9,58241.0,3H-8-OH-DPAT,HUMAN,CLONED,,2.67,Janowsky A et al 2014,https://pubmed.ncbi.nlm.nih.gov/24488404/,5-hydroxy tryptamine
83221,5-HT2A,HTR2A,150,5-Hydroxy Tryptamine,C1=CC2=C(C=C1O)C(=CN2)CCN,50-67-9,58241.0,125I-DOI,HUMAN,CLONED,,3.734,Janowsky A et al 2014,https://pubmed.ncbi.nlm.nih.gov/24488404/,5-hydroxy tryptamine
83238,5-HT2A,HTR2A,150,5-Hydroxy Tryptamine,C1=CC2=C(C=C1O)C(=CN2)CCN,50-67-9,58241.0,3H-KETANSERIN,HUMAN,CLONED,,12.6,Janowsky A et al 2014,https://pubmed.ncbi.nlm.nih.gov/24488404/,5-hydroxy tryptamine
83746,5-HT2C,HTR2C,13352,"(Â±)-(4aS,8R,8aS)-2-benzyl-1-oxo-N-phenethyl-1,2,3,4,4a,7,8,8a-octahydroisoquinoline-8-carboxamide",,,,3H-MESULERGINE,HUMAN,CLONED,,8411.0,PDSP Certified Data,http://pdsp.med.unc.edu/pdsp.php,"(â±)-(4as,8r,8as)-2-benzyl-1-oxo-n-phenethyl-1,2,3,4,4a,7,8,8a-octahydroisoquinoline-8-carboxamide"
83747,5-HT2C,HTR2C,13353,"(Â±)-(4aS,8R,8aS)-2-butyl-1-oxo-N-phenethyl-1,2,3,4,4a,7,8,8a-octahydroisoquinoline-8-carboxamide",,,,3H-MESULERGINE,HUMAN,CLONED,,2246.0,PDSP Certified Data,http://pdsp.med.unc.edu/pdsp.php,"(â±)-(4as,8r,8as)-2-butyl-1-oxo-n-phenethyl-1,2,3,4,4a,7,8,8a-octahydroisoquinoline-8-carboxamide"
83831,5-HT2B,HTR2B,13393,"(Â±)-(4aS,8R,8aS)-N-(4-chloro-3-(trifluoromethyl)phenyl)-1-oxo-2-phenethyl-1,2,3,4,4a,7,8,8a-octahydroisoquinoline-8-carboxamide",,,,3H-LSD,HUMAN,CLONED,,355.0,PDSP Certified Data,http://pdsp.med.unc.edu/pdsp.php,"(â±)-(4as,8r,8as)-n-(4-chloro-3-(trifluoromethyl)phenyl)-1-oxo-2-phenethyl-1,2,3,4,4a,7,8,8a-octahydroisoquinoline-8-carboxamide"
85427,5-HT1A,HTR1A,13778,Vilazodone,,,,[3H] Way100635,? HUMAN,?CLONED,,0.3,Zhu XY et al 2012,https://www.ncbi.nlm.nih.gov/pubmed/22520153,vilazodone
85800,5-HT1A,HTR1A,13856,2C-BI-1,,,,3H-8-OH-DPAT,HUMAN,HEK293 cells,,542.0,Luethi D et al 2019,https://pubmed.ncbi.nlm.nih.gov/31063768/,2c-bi-1
85801,5-HT2A,HTR2A,13856,2C-BI-1,,,,3H-8-OH-DPAT,HUMAN,HEK293 cells,,630.0,Luethi D et al 2019,https://pubmed.ncbi.nlm.nih.gov/31063768/,2c-bi-1
85802,5-HT2C,HTR2C,13856,2C-BI-1,,,,3H-MESULERGINE,HUMAN,HEK293 cells,,4800.0,Luethi D et al 2019,https://pubmed.ncbi.nlm.nih.gov/31063768/,2c-bi-1
85803,5-HT1A,HTR1A,13857,2C-BI-2,,,,3H-8-OH-DPAT,HUMAN,HEK293 cells,,2145.0,Luethi D et al 2019,https://pubmed.ncbi.nlm.nih.gov/31063768/,2c-bi-2
85804,5-HT2A,HTR2A,13857,2C-BI-2,,,,3H- Ketanserin,HUMAN,HEK293 cells,,2943.0,Luethi D et al 2019,https://pubmed.ncbi.nlm.nih.gov/31063768/,2c-bi-2
85805,5-HT2C,HTR2C,13857,2C-BI-2,,,,3H-MESULERGINE,HUMAN,HEK293 cells,,9871.0,Luethi D et al 2019,https://pubmed.ncbi.nlm.nih.gov/31063768/,2c-bi-2
85806,5-HT1A,HTR1A,13858,2C-BI-3,,,,3H-8-OH-DPAT,HUMAN,HEK293 cells,,158.0,Luethi D et al 2019,https://pubmed.ncbi.nlm.nih.gov/31063768/,2c-bi-3
85807,5-HT2A,HTR2A,13858,2C-BI-3,,,,3H- Ketanserin,HUMAN,HEK293 cells,,1317.0,Luethi D et al 2019,https://pubmed.ncbi.nlm.nih.gov/31063768/,2c-bi-3
85808,5-HT2C,HTR2C,13858,2C-BI-3,,,,3H-MESULERGINE,HUMAN,HEK293 cells,,4181.0,Luethi D et al 2019,https://pubmed.ncbi.nlm.nih.gov/31063768/,2c-bi-3
85809,5-HT1A,HTR1A,13859,2C-BI-4,,,,3H-8-OH-DPAT,HUMAN,HEK293 cells,,204.0,Luethi D et al 2019,https://pubmed.ncbi.nlm.nih.gov/31063768/,2c-bi-4
85810,5-HT2A,HTR2A,13859,2C-BI-4,,,,3H- Ketanserin,HUMAN,HEK293 cells,,567.0,Luethi D et al 2019,https://pubmed.ncbi.nlm.nih.gov/31063768/,2c-bi-4
85811,5-HT2C,HTR2C,13859,2C-BI-4,,,,3H-MESULERGINE,HUMAN,HEK293 cells,,1082.0,Luethi D et al 2019,https://pubmed.ncbi.nlm.nih.gov/31063768/,2c-bi-4
85812,5-HT1A,HTR1A,13860,2C-BI-5,,,,3H-8-OH-DPAT,HUMAN,HEK293 cells,,1246.0,Luethi D et al 2019,https://pubmed.ncbi.nlm.nih.gov/31063768/,2c-bi-5
85813,5-HT2A,HTR2A,13860,2C-BI-5,,,,3H- Ketanserin,HUMAN,HEK293 cells,,53.0,Luethi D et al 2019,https://pubmed.ncbi.nlm.nih.gov/31063768/,2c-bi-5
85814,5-HT2C,HTR2C,13860,2C-BI-5,,,,3H-MESULERGINE,HUMAN,HEK293 cells,,1209.0,Luethi D et al 2019,https://pubmed.ncbi.nlm.nih.gov/31063768/,2c-bi-5
85815,5-HT1A,HTR1A,13861,2C-BI-7,,,,3H-8-OH-DPAT,HUMAN,HEK293 cells,,479.0,Luethi D et al 2019,https://pubmed.ncbi.nlm.nih.gov/31063768/,2c-bi-7
85816,5-HT2A,HTR2A,13861,2C-BI-7,,,,3H- Ketanserin,HUMAN,HEK293 cells,,987.0,Luethi D et al 2019,https://pubmed.ncbi.nlm.nih.gov/31063768/,2c-bi-7
85817,5-HT2C,HTR2C,13861,2C-BI-7,,,,3H-MESULERGINE,HUMAN,HEK293 cells,,2573.0,Luethi D et al 2019,https://pubmed.ncbi.nlm.nih.gov/31063768/,2c-bi-7
85818,5-HT1A,HTR1A,13862,2C-BI-8,,,,3H-8-OH-DPAT,HUMAN,HEK293 cells,,1241.0,Luethi D et al 2019,https://pubmed.ncbi.nlm.nih.gov/31063768/,2c-bi-8
85819,5-HT2A,HTR2A,13862,2C-BI-8,,,,3H- Ketanserin,HUMAN,HEK293 cells,,19.0,Luethi D et al 2019,https://pubmed.ncbi.nlm.nih.gov/31063768/,2c-bi-8
85820,5-HT2C,HTR2C,13862,2C-BI-8,,,,3H-MESULERGINE,HUMAN,HEK293 cells,,233.0,Luethi D et al 2019,https://pubmed.ncbi.nlm.nih.gov/31063768/,2c-bi-8
85821,5-HT1A,HTR1A,13863,2C-BI-10,,,,3H-8-OH-DPAT,HUMAN,HEK293 cells,,2326.0,Luethi D et al 2019,https://pubmed.ncbi.nlm.nih.gov/31063768/,2c-bi-10
85822,5-HT2A,HTR2A,13863,2C-BI-10,,,,3H- Ketanserin,HUMAN,HEK293 cells,,79.0,Luethi D et al 2019,https://pubmed.ncbi.nlm.nih.gov/31063768/,2c-bi-10
85823,5-HT2C,HTR2C,13863,2C-BI-10,,,,3H-MESULERGINE,HUMAN,HEK293 cells,,2114.0,Luethi D et al 2019,https://pubmed.ncbi.nlm.nih.gov/31063768/,2c-bi-10
85824,5-HT1A,HTR1A,13864,2C-BI-11,,,,3H-8-OH-DPAT,HUMAN,CLONED,,931.0,Luethi D et al 2019,https://pubmed.ncbi.nlm.nih.gov/31063768/,2c-bi-11
85825,5-HT2A,HTR2A,13864,2C-BI-11,,,,3H- Ketanserin,HUMAN,HEK293 cells,,42.0,Luethi D et al 2019,https://pubmed.ncbi.nlm.nih.gov/31063768/,2c-bi-11
85826,5-HT2C,HTR2C,13864,2C-BI-11,,,,3H-MESULERGINE,HUMAN,HEK293 cells,,1702.0,Luethi D et al 2019,https://pubmed.ncbi.nlm.nih.gov/31063768/,2c-bi-11
85827,5-HT1A,HTR1A,13865,2C-BI-12,,,,3H-8-OH-DPAT,HUMAN,HEK293 cells,,2313.0,Luethi D et al 2019,https://pubmed.ncbi.nlm.nih.gov/31063768/,2c-bi-12
85828,5-HT2A,HTR2A,13865,2C-BI-12,,,,3H- Ketanserin,HUMAN,HEK293 cells,,21.0,Luethi D et al 2019,https://pubmed.ncbi.nlm.nih.gov/31063768/,2c-bi-12
85829,5-HT2C,HTR2C,13865,2C-BI-12,,,,3H-MESULERGINE,HUMAN,HEK293 cells,,279.0,Luethi D et al 2019,https://pubmed.ncbi.nlm.nih.gov/31063768/,2c-bi-12
87020,5-HT1A,HTR1A,1599,RISPERIDONE,CC1=C(C(=O)N2CCCCC2=N1)CCN3CCC(CC3)C4=NOC5=C4C=CC(=C5)F,106266-06-2,,3H-8-OH-DPAT,RAT,CEREBRAL CORTEX,,181.9,Cao X et al 2018,https://pubmed.ncbi.nlm.nih.gov/30383372/,risperidone
87021,5-HT2A,HTR2A,1599,RISPERIDONE,CC1=C(C(=O)N2CCCCC2=N1)CCN3CCC(CC3)C4=NOC5=C4C=CC(=C5)F,106266-06-2,,3H-KETANSERIN,RAT,CEREBRAL CORTEX,,0.18,Cao X et al 2018,https://pubmed.ncbi.nlm.nih.gov/30383372/,risperidone
87145,5-HT6,HTR6,1599,RISPERIDONE,CC1=C(C(=O)N2CCCCC2=N1)CCN3CCC(CC3)C4=NOC5=C4C=CC(=C5)F,106266-06-2,,3H-LSD,HUMAN,CLONED,,1260.0,Cao X et al 2018,https://pubmed.ncbi.nlm.nih.gov/30383372/,risperidone
87148,5-HT2C,HTR2C,1599,RISPERIDONE,CC1=C(C(=O)N2CCCCC2=N1)CCN3CCC(CC3)C4=NOC5=C4C=CC(=C5)F,106266-06-2,,3H-MESULERGINE,RAT,CEREBRAL CORTEX,,28.2,Cao X et al 2018,https://pubmed.ncbi.nlm.nih.gov/30383372/,risperidone
89975,5-HT1A,HTR1A,12941,"4-Bromo-2,5-dimethoxyphenethylamine",,,,3H-8-OH-DPAT,HUMAN,CLONED,,240.0,Rickli A et al 2015,https://www.ncbi.nlm.nih.gov/pubmed/26318099,"4-bromo-2,5-dimethoxyphenethylamine"
89979,5-HT1A,HTR1A,14672,"2,5-dimethoxyphenethylamine",,,,3H-8-OH-DPAT,HUMAN,CLONED,,70.0,Rickli A et al 2015,https://www.ncbi.nlm.nih.gov/pubmed/26318099,"2,5-dimethoxyphenethylamine"
89980,5-HT1A,HTR1A,14673,"4-iodo-2,5-dimethoxyphenethylamine",,,,3H-8-OH-DPAT,HUMAN,CLONED,,180.0,Rickli A et al 2015,https://www.ncbi.nlm.nih.gov/pubmed/26318099,"4-iodo-2,5-dimethoxyphenethylamine"
89984,5-HT1A,HTR1A,14677,"2,5-dimethoxy-4-isopropylthiophenethylamine",,,,3H-8-OH-DPAT,HUMAN,CLONED,,470.0,Rickli A et al 2015,https://www.ncbi.nlm.nih.gov/pubmed/26318099,"2,5-dimethoxy-4-isopropylthiophenethylamine"
89998,5-HT1A,HTR1A,14690,Mescaline-NBOMe,,,,3H-8-OH-DPAT,HUMAN,CLONED,,21000.0,Rickli A et al 2015,https://www.ncbi.nlm.nih.gov/pubmed/26318099,mescaline-nbome
90000,5-HT2A,HTR2A,12941,"4-Bromo-2,5-dimethoxyphenethylamine",,,,3H-KETANSERIN,HUMAN,CLONED,,8.6,Rickli A et al 2015,https://www.ncbi.nlm.nih.gov/pubmed/26318099,"4-bromo-2,5-dimethoxyphenethylamine"
90004,5-HT2A,HTR2A,14691,"2,5-dimethoxyphenethylamin",,,,3H-KETANSERIN,HUMAN,CLONED,,1600.0,Rickli A et al 2015,https://www.ncbi.nlm.nih.gov/pubmed/26318099,"2,5-dimethoxyphenethylamin"
90005,5-HT2A,HTR2A,14673,"4-iodo-2,5-dimethoxyphenethylamine",,,,3H-KETANSERIN,HUMAN,CLONED,,3.5,Rickli A et al 2015,https://www.ncbi.nlm.nih.gov/pubmed/26318099,"4-iodo-2,5-dimethoxyphenethylamine"
90009,5-HT2A,HTR2A,14677,"2,5-dimethoxy-4-isopropylthiophenethylamine",,,,3H-KETANSERIN,HUMAN,CLONED,,27.9,Rickli A et al 2015,https://www.ncbi.nlm.nih.gov/pubmed/26318099,"2,5-dimethoxy-4-isopropylthiophenethylamine"
90023,5-HT2A,HTR2A,14690,Mescaline-NBOMe,,,,3H-KETANSERIN,HUMAN,CLONED,,140.0,Rickli A et al 2015,https://www.ncbi.nlm.nih.gov/pubmed/26318099,mescaline-nbome
90025,5-HT2C,HTR2C,12941,"4-Bromo-2,5-dimethoxyphenethylamine",,,,3H-MESULERGINE,HUMAN,CLONED,,47.0,Rickli A et al 2015,https://www.ncbi.nlm.nih.gov/pubmed/26318099,"4-bromo-2,5-dimethoxyphenethylamine"
90029,5-HT2C,HTR2C,14672,"2,5-dimethoxyphenethylamine",,,,3H-MESULERGINE,HUMAN,CLONED,,4100.0,Rickli A et al 2015,https://www.ncbi.nlm.nih.gov/pubmed/26318099,"2,5-dimethoxyphenethylamine"
90030,5-HT2C,HTR2C,14673,"4-iodo-2,5-dimethoxyphenethylamine",,,,3H-MESULERGINE,HUMAN,CLONED,,40.0,Rickli A et al 2015,https://www.ncbi.nlm.nih.gov/pubmed/26318099,"4-iodo-2,5-dimethoxyphenethylamine"
90034,5-HT2C,HTR2C,14677,"2,5-dimethoxy-4-isopropylthiophenethylamine",,,,3H-MESULERGINE,HUMAN,CLONED,,130.0,Rickli A et al 2015,https://www.ncbi.nlm.nih.gov/pubmed/26318099,"2,5-dimethoxy-4-isopropylthiophenethylamine"
90048,5-HT2C,HTR2C,14690,Mescaline-NBOMe,,,,3H-MESULERGINE,HUMAN,CLONED,,640.0,Rickli A et al 2015,https://www.ncbi.nlm.nih.gov/pubmed/26318099,mescaline-nbome
93323,5-HT1A,HTR1A,15372,"1,3-Dimethyl-7-phenethyl-8-((4-(4-phenylpiperazin-1-yl)butyl)amino)-1H-purine2,6(3H,7H)-dione hydrochloride",,,,3H-8-OH-DPAT,RAT,CORTICAL MEMBRANES,,68.0,Chlon-Rzepa G et al 2013,https://pubmed.ncbi.nlm.nih.gov/23563020/,"1,3-dimethyl-7-phenethyl-8-((4-(4-phenylpiperazin-1-yl)butyl)amino)-1h-purine2,6(3h,7h)-dione hydrochloride"
93326,5-HT1A,HTR1A,15375,"1,3-Dimethyl-7-phenethyl-8-((4-(4-(2-methoxyphenyl)piperazin-1-yl)butyl)amino)-1H-purine2,6(3H,7H)-dione hydrochloride",,,,3H-8-OH-DPAT,RAT,CORTICAL MEMBRANES,,4.5,Chlon-Rzepa G et al 2013,https://pubmed.ncbi.nlm.nih.gov/23563020/,"1,3-dimethyl-7-phenethyl-8-((4-(4-(2-methoxyphenyl)piperazin-1-yl)butyl)amino)-1h-purine2,6(3h,7h)-dione hydrochloride"
93329,5-HT1A,HTR1A,15378,"1,3-Dimethyl-7-phenethyl-8-((4-(4-(3-chlorophenyl)piperazin-1-yl)butyl)amino)-1H-purine2,6(3H,7H)-dione hydrochloride",,,,3H-8-OH-DPAT,RAT,CORTICAL MEMBRANES,,66.0,Chlon-Rzepa G et al 2013,https://pubmed.ncbi.nlm.nih.gov/23563020/,"1,3-dimethyl-7-phenethyl-8-((4-(4-(3-chlorophenyl)piperazin-1-yl)butyl)amino)-1h-purine2,6(3h,7h)-dione hydrochloride"
93332,5-HT1A,HTR1A,15381,"8-((3-(3,4-Dihydroisoquinolin-2(1H)-yl)propyl)amino)-1,3-dimethyl-7-phenethyl-1H-purine2,6(3H,7H)-dione hydrochloride",,,,3H-8-OH-DPAT,RAT,CORTICAL MEMBRANES,,146.0,Chlon-Rzepa G et al 2013,https://pubmed.ncbi.nlm.nih.gov/23563020/,"8-((3-(3,4-dihydroisoquinolin-2(1h)-yl)propyl)amino)-1,3-dimethyl-7-phenethyl-1h-purine2,6(3h,7h)-dione hydrochloride"
93335,5-HT1A,HTR1A,15384,"8-((4-(3,4-Dihydroisoquinolin-2(1H)-yl)butyl) amino)-1,3-dimethyl-7-phenethyl-1H-purine2,6(3H,7H)-dione hydrochloride",,,,3H-8-OH-DPAT,RAT,CORTICAL MEMBRANES,,56.0,Chlon-Rzepa G et al 2013,https://pubmed.ncbi.nlm.nih.gov/23563020/,"8-((4-(3,4-dihydroisoquinolin-2(1h)-yl)butyl) amino)-1,3-dimethyl-7-phenethyl-1h-purine2,6(3h,7h)-dione hydrochloride"
93348,5-HT1A,HTR1A,15397,"8-(3-(4-(4-Fluorophenyl)piperazin-1-yl)propoxy)- 1,3-dimethyl-7-phenethyl-1H-purine-2,6(3H,7H)- dione hydrochloride",,,,3H-8-OH-DPAT,RAT,CORTICAL MEMBRANES,,631.0,Chlon-Rzepa G et al 2013,https://pubmed.ncbi.nlm.nih.gov/23563020/,"8-(3-(4-(4-fluorophenyl)piperazin-1-yl)propoxy)- 1,3-dimethyl-7-phenethyl-1h-purine-2,6(3h,7h)- dione hydrochloride"
93351,5-HT2A,HTR2A,15372,"1,3-Dimethyl-7-phenethyl-8-((4-(4-phenylpiperazin-1-yl)butyl)amino)-1H-purine2,6(3H,7H)-dione hydrochloride",,,,3H-KETANSERIN,RAT,HIPPOCAMPUS,,298.0,Chlon-Rzepa G et al 2013,https://pubmed.ncbi.nlm.nih.gov/23563020/,"1,3-dimethyl-7-phenethyl-8-((4-(4-phenylpiperazin-1-yl)butyl)amino)-1h-purine2,6(3h,7h)-dione hydrochloride"
93354,5-HT2A,HTR2A,15375,"1,3-Dimethyl-7-phenethyl-8-((4-(4-(2-methoxyphenyl)piperazin-1-yl)butyl)amino)-1H-purine2,6(3H,7H)-dione hydrochloride",,,,3H-KETANSERIN,RAT,HIPPOCAMPUS,,400.0,Chlon-Rzepa G et al 2013,https://pubmed.ncbi.nlm.nih.gov/23563020/,"1,3-dimethyl-7-phenethyl-8-((4-(4-(2-methoxyphenyl)piperazin-1-yl)butyl)amino)-1h-purine2,6(3h,7h)-dione hydrochloride"
93357,5-HT2A,HTR2A,15378,"1,3-Dimethyl-7-phenethyl-8-((4-(4-(3-chlorophenyl)piperazin-1-yl)butyl)amino)-1H-purine2,6(3H,7H)-dione hydrochloride",,,,3H-KETANSERIN,RAT,HIPPOCAMPUS,,115.0,Chlon-Rzepa G et al 2013,https://pubmed.ncbi.nlm.nih.gov/23563020/,"1,3-dimethyl-7-phenethyl-8-((4-(4-(3-chlorophenyl)piperazin-1-yl)butyl)amino)-1h-purine2,6(3h,7h)-dione hydrochloride"
93360,5-HT2A,HTR2A,15381,"8-((3-(3,4-Dihydroisoquinolin-2(1H)-yl)propyl)amino)-1,3-dimethyl-7-phenethyl-1H-purine2,6(3H,7H)-dione hydrochloride",,,,3H-KETANSERIN,RAT,HIPPOCAMPUS,,3517.0,Chlon-Rzepa G et al 2013,https://pubmed.ncbi.nlm.nih.gov/23563020/,"8-((3-(3,4-dihydroisoquinolin-2(1h)-yl)propyl)amino)-1,3-dimethyl-7-phenethyl-1h-purine2,6(3h,7h)-dione hydrochloride"
93363,5-HT2A,HTR2A,15384,"8-((4-(3,4-Dihydroisoquinolin-2(1H)-yl)butyl) amino)-1,3-dimethyl-7-phenethyl-1H-purine2,6(3H,7H)-dione hydrochloride",,,,3H-KETANSERIN,RAT,HIPPOCAMPUS,,2335.0,Chlon-Rzepa G et al 2013,https://pubmed.ncbi.nlm.nih.gov/23563020/,"8-((4-(3,4-dihydroisoquinolin-2(1h)-yl)butyl) amino)-1,3-dimethyl-7-phenethyl-1h-purine2,6(3h,7h)-dione hydrochloride"
93376,5-HT2A,HTR2A,15397,"8-(3-(4-(4-Fluorophenyl)piperazin-1-yl)propoxy)- 1,3-dimethyl-7-phenethyl-1H-purine-2,6(3H,7H)- dione hydrochloride",,,,3H-KETANSERIN,RAT,HIPPOCAMPUS,,80.0,Chlon-Rzepa G et al 2013,https://pubmed.ncbi.nlm.nih.gov/23563020/,"8-(3-(4-(4-fluorophenyl)piperazin-1-yl)propoxy)- 1,3-dimethyl-7-phenethyl-1h-purine-2,6(3h,7h)- dione hydrochloride"
93379,5-HT6,HTR6,15372,"1,3-Dimethyl-7-phenethyl-8-((4-(4-phenylpiperazin-1-yl)butyl)amino)-1H-purine2,6(3H,7H)-dione hydrochloride",,,,3H-5-CT,HUMAN,CLONED,>,1000.0,Chlon-Rzepa G et al 2013,https://pubmed.ncbi.nlm.nih.gov/23563020/,"1,3-dimethyl-7-phenethyl-8-((4-(4-phenylpiperazin-1-yl)butyl)amino)-1h-purine2,6(3h,7h)-dione hydrochloride"
93382,5-HT6,HTR6,15375,"1,3-Dimethyl-7-phenethyl-8-((4-(4-(2-methoxyphenyl)piperazin-1-yl)butyl)amino)-1H-purine2,6(3H,7H)-dione hydrochloride",,,,3H-5-CT,HUMAN,CLONED,>,10000.0,Chlon-Rzepa G et al 2013,https://pubmed.ncbi.nlm.nih.gov/23563020/,"1,3-dimethyl-7-phenethyl-8-((4-(4-(2-methoxyphenyl)piperazin-1-yl)butyl)amino)-1h-purine2,6(3h,7h)-dione hydrochloride"
93385,5-HT6,HTR6,15378,"1,3-Dimethyl-7-phenethyl-8-((4-(4-(3-chlorophenyl)piperazin-1-yl)butyl)amino)-1H-purine2,6(3H,7H)-dione hydrochloride",,,,3H-5-CT,HUMAN,CLONED,,911.0,Chlon-Rzepa G et al 2013,https://pubmed.ncbi.nlm.nih.gov/23563020/,"1,3-dimethyl-7-phenethyl-8-((4-(4-(3-chlorophenyl)piperazin-1-yl)butyl)amino)-1h-purine2,6(3h,7h)-dione hydrochloride"
93388,5-HT6,HTR6,15381,"8-((3-(3,4-Dihydroisoquinolin-2(1H)-yl)propyl)amino)-1,3-dimethyl-7-phenethyl-1H-purine2,6(3H,7H)-dione hydrochloride",,,,3H-5-CT,HUMAN,CLONED,>,1000.0,Chlon-Rzepa G et al 2013,https://pubmed.ncbi.nlm.nih.gov/23563020/,"8-((3-(3,4-dihydroisoquinolin-2(1h)-yl)propyl)amino)-1,3-dimethyl-7-phenethyl-1h-purine2,6(3h,7h)-dione hydrochloride"
93391,5-HT6,HTR6,15384,"8-((4-(3,4-Dihydroisoquinolin-2(1H)-yl)butyl) amino)-1,3-dimethyl-7-phenethyl-1H-purine2,6(3H,7H)-dione hydrochloride",,,,3H-5-CT,HUMAN,CLONED,>,10000.0,Chlon-Rzepa G et al 2013,https://pubmed.ncbi.nlm.nih.gov/23563020/,"8-((4-(3,4-dihydroisoquinolin-2(1h)-yl)butyl) amino)-1,3-dimethyl-7-phenethyl-1h-purine2,6(3h,7h)-dione hydrochloride"
93404,5-HT6,HTR6,15397,"8-(3-(4-(4-Fluorophenyl)piperazin-1-yl)propoxy)- 1,3-dimethyl-7-phenethyl-1H-purine-2,6(3H,7H)- dione hydrochloride",,,,3H-5-CT,HUMAN,CLONED,>,1000.0,Chlon-Rzepa G et al 2013,https://pubmed.ncbi.nlm.nih.gov/23563020/,"8-(3-(4-(4-fluorophenyl)piperazin-1-yl)propoxy)- 1,3-dimethyl-7-phenethyl-1h-purine-2,6(3h,7h)- dione hydrochloride"
93407,5-HT7,HTR7,15372,"1,3-Dimethyl-7-phenethyl-8-((4-(4-phenylpiperazin-1-yl)butyl)amino)-1H-purine2,6(3H,7H)-dione hydrochloride",,,,3H-LSD,HUMAN,CLONED,,25.0,Chlon-Rzepa G et al 2013,https://pubmed.ncbi.nlm.nih.gov/23563020/,"1,3-dimethyl-7-phenethyl-8-((4-(4-phenylpiperazin-1-yl)butyl)amino)-1h-purine2,6(3h,7h)-dione hydrochloride"
93410,5-HT7,HTR7,15375,"1,3-Dimethyl-7-phenethyl-8-((4-(4-(2-methoxyphenyl)piperazin-1-yl)butyl)amino)-1H-purine2,6(3H,7H)-dione hydrochloride",,,,3H-LSD,HUMAN,CLONED,,10.0,Chlon-Rzepa G et al 2013,https://pubmed.ncbi.nlm.nih.gov/23563020/,"1,3-dimethyl-7-phenethyl-8-((4-(4-(2-methoxyphenyl)piperazin-1-yl)butyl)amino)-1h-purine2,6(3h,7h)-dione hydrochloride"
93413,5-HT7,HTR7,15378,"1,3-Dimethyl-7-phenethyl-8-((4-(4-(3-chlorophenyl)piperazin-1-yl)butyl)amino)-1H-purine2,6(3H,7H)-dione hydrochloride",,,,3H-LSD,HUMAN,CLONED,,113.0,Chlon-Rzepa G et al 2013,https://pubmed.ncbi.nlm.nih.gov/23563020/,"1,3-dimethyl-7-phenethyl-8-((4-(4-(3-chlorophenyl)piperazin-1-yl)butyl)amino)-1h-purine2,6(3h,7h)-dione hydrochloride"
93416,5-HT7,HTR7,15381,"8-((3-(3,4-Dihydroisoquinolin-2(1H)-yl)propyl)amino)-1,3-dimethyl-7-phenethyl-1H-purine2,6(3H,7H)-dione hydrochloride",,,,3H-LSD,HUMAN,CLONED,,3590.0,Chlon-Rzepa G et al 2013,https://pubmed.ncbi.nlm.nih.gov/23563020/,"8-((3-(3,4-dihydroisoquinolin-2(1h)-yl)propyl)amino)-1,3-dimethyl-7-phenethyl-1h-purine2,6(3h,7h)-dione hydrochloride"
93419,5-HT7,HTR7,15384,"8-((4-(3,4-Dihydroisoquinolin-2(1H)-yl)butyl) amino)-1,3-dimethyl-7-phenethyl-1H-purine2,6(3H,7H)-dione hydrochloride",,,,3H-LSD,HUMAN,CLONED,,99.0,Chlon-Rzepa G et al 2013,https://pubmed.ncbi.nlm.nih.gov/23563020/,"8-((4-(3,4-dihydroisoquinolin-2(1h)-yl)butyl) amino)-1,3-dimethyl-7-phenethyl-1h-purine2,6(3h,7h)-dione hydrochloride"
93432,5-HT7,HTR7,15397,"8-(3-(4-(4-Fluorophenyl)piperazin-1-yl)propoxy)- 1,3-dimethyl-7-phenethyl-1H-purine-2,6(3H,7H)- dione hydrochloride",,,,3H-LSD,HUMAN,CLONED,,105.0,Chlon-Rzepa G et al 2013,https://pubmed.ncbi.nlm.nih.gov/23563020/,"8-(3-(4-(4-fluorophenyl)piperazin-1-yl)propoxy)- 1,3-dimethyl-7-phenethyl-1h-purine-2,6(3h,7h)- dione hydrochloride"
93822,5-HT1A,HTR1A,150,5-Hydroxy Tryptamine,C1=CC2=C(C=C1O)C(=CN2)CCN,50-67-9,58241.0,3H-8-OH-DPAT,HUMAN,CLONED,,5.5,Wrobel MZ et al 2019,https://pubmed.ncbi.nlm.nih.gov/31586817/,5-hydroxy tryptamine
93895,5-HT1A,HTR1A,150,5-Hydroxy Tryptamine,C1=CC2=C(C=C1O)C(=CN2)CCN,50-67-9,58241.0,3H-8-OH-DPAT,HUMAN,CLONED,,3.0,Slifirski G et al 2019,https://pubmed.ncbi.nlm.nih.gov/30703658/,5-hydroxy tryptamine
